Human ID,Mouse ID
ENSG00000197265,ENSMUSG00000028259
ENSG00000204363,ENSMUSG00000055923
ENSG00000100568,ENSMUSG00000069184
ENSG00000278615,ENSMUSG00000094821
ENSG00000205707,ENSMUSG00000041798
ENSG00000135253,ENSMUSG00000008845
ENSG00000163214,ENSMUSG00000040128
ENSG00000239713,ENSMUSG00000036907
ENSG00000189334,ENSMUSG00000030695
ENSG00000099834,ENSMUSG00000066107
ENSG00000244362,ENSMUSG00000024041
ENSG00000278646,ENSMUSG00000095774
ENSG00000077312,ENSMUSG00000041911
ENSG00000176986,ENSMUSG00000021277
ENSG00000101412,ENSMUSG00000095675
ENSG00000073060,ENSMUSG00000051853
ENSG00000214042,ENSMUSG00000050954
ENSG00000109756,ENSMUSG00000041358
ENSG00000130332,ENSMUSG00000002565
ENSG00000153879,ENSMUSG00000031492
ENSG00000198125,ENSMUSG00000063535
ENSG00000112290,ENSMUSG00000030409
ENSG00000168676,ENSMUSG00000028175
ENSG00000169359,ENSMUSG00000048387
ENSG00000162129,ENSMUSG00000094098
ENSG00000100883,ENSMUSG00000025060
ENSG00000006459,ENSMUSG00000025043
ENSG00000214491,ENSMUSG00000022246
ENSG00000164318,ENSMUSG00000031342
ENSG00000130475,ENSMUSG00000025104
ENSG00000160695,ENSMUSG00000081683
ENSG00000197594,ENSMUSG00000103442
ENSG00000169972,ENSMUSG00000036027
ENSG00000181449,ENSMUSG00000037225
ENSG00000196550,ENSMUSG00000096151
ENSG00000182916,ENSMUSG00000061974
ENSG00000170689,ENSMUSG00000019210
ENSG00000166435,ENSMUSG00000075267
ENSG00000175063,ENSMUSG00000018697
ENSG00000170381,ENSMUSG00000052749
ENSG00000139890,ENSMUSG00000046417
ENSG00000160785,ENSMUSG00000042763
ENSG00000119878,ENSMUSG00000058558
ENSG00000171017,ENSMUSG00000062931
ENSG00000154451,ENSMUSG00000095821
ENSG00000052850,ENSMUSG00000024725
ENSG00000185897,ENSMUSG00000053930
ENSG00000149926,ENSMUSG00000091618
ENSG00000188549,ENSMUSG00000047945
ENSG00000163810,ENSMUSG00000025260
ENSG00000248713,ENSMUSG00000070815
ENSG00000180210,ENSMUSG00000030020
ENSG00000244731,ENSMUSG00000100713
ENSG00000183688,ENSMUSG00000025912
ENSG00000146733,ENSMUSG00000022054
ENSG00000119318,ENSMUSG00000027863
ENSG00000173480,ENSMUSG00000002733
ENSG00000111602,ENSMUSG00000043998
ENSG00000046889,ENSMUSG00000090071
ENSG00000111816,ENSMUSG00000022753
ENSG00000176155,ENSMUSG00000025489
ENSG00000213638,ENSMUSG00000026180
ENSG00000136881,ENSMUSG00000028973
ENSG00000107021,ENSMUSG00000073900
ENSG00000189252,ENSMUSG00000001270
ENSG00000158748,ENSMUSG00000032118
ENSG00000087884,ENSMUSG00000039159
ENSG00000187486,ENSMUSG00000001323
ENSG00000132463,ENSMUSG00000020460
ENSG00000225556,ENSMUSG00000073969
ENSG00000158545,ENSMUSG00000079243
ENSG00000162552,ENSMUSG00000034848
ENSG00000205718,ENSMUSG00000078974
ENSG00000181785,ENSMUSG00000066279
ENSG00000164237,ENSMUSG00000030224
ENSG00000174579,ENSMUSG00000022021
ENSG00000223658,ENSMUSG00000040877
ENSG00000206102,ENSMUSG00000050106
ENSG00000115956,ENSMUSG00000033720
ENSG00000031698,ENSMUSG00000025592
ENSG00000075073,ENSMUSG00000029073
ENSG00000091490,ENSMUSG00000026189
ENSG00000177426,ENSMUSG00000061906
ENSG00000002746,ENSMUSG00000023150
ENSG00000134352,ENSMUSG00000005483
ENSG00000162881,ENSMUSG00000002820
ENSG00000166963,ENSMUSG00000021078
ENSG00000275663,ENSMUSG00000030144
ENSG00000105974,ENSMUSG00000020758
ENSG00000215529,ENSMUSG00000002900
ENSG00000282936,ENSMUSG00000079625
ENSG00000141179,ENSMUSG00000094447
ENSG00000110367,ENSMUSG00000031545
ENSG00000185483,ENSMUSG00000062892
ENSG00000100796,ENSMUSG00000066232
ENSG00000143889,ENSMUSG00000003269
ENSG00000183172,ENSMUSG00000050315
ENSG00000196781,ENSMUSG00000096210
ENSG00000147869,ENSMUSG00000075192
ENSG00000174738,ENSMUSG00000006373
ENSG00000171450,ENSMUSG00000021622
ENSG00000138594,ENSMUSG00000037211
ENSG00000174327,ENSMUSG00000040044
ENSG00000050165,ENSMUSG00000033565
ENSG00000182634,ENSMUSG00000079436
ENSG00000137752,ENSMUSG00000020953
ENSG00000181585,ENSMUSG00000050608
ENSG00000000971,ENSMUSG00000026200
ENSG00000204983,ENSMUSG00000063376
ENSG00000186166,ENSMUSG00000033732
ENSG00000160606,ENSMUSG00000091656
ENSG00000104998,ENSMUSG00000026098
ENSG00000145506,ENSMUSG00000041625
ENSG00000164197,ENSMUSG00000021932
ENSG00000119681,ENSMUSG00000006262
ENSG00000205426,ENSMUSG00000094570
ENSG00000165282,ENSMUSG00000071537
ENSG00000226887,ENSMUSG00000071516
ENSG00000261667,ENSMUSG00000030275
ENSG00000196839,ENSMUSG00000004187
ENSG00000186847,ENSMUSG00000059183
ENSG00000196277,ENSMUSG00000028832
ENSG00000110315,ENSMUSG00000103371
ENSG00000135709,ENSMUSG00000048562
ENSG00000184209,ENSMUSG00000055707
ENSG00000144034,ENSMUSG00000095601
ENSG00000146576,ENSMUSG00000047026
ENSG00000172650,ENSMUSG00000007815
ENSG00000178175,ENSMUSG00000021013
ENSG00000158497,ENSMUSG00000037653
ENSG00000258992,ENSMUSG00000000902
ENSG00000127948,ENSMUSG00000006342
ENSG00000163631,ENSMUSG00000065968
ENSG00000228567,ENSMUSG00000045576
ENSG00000163395,ENSMUSG00000056457
ENSG00000156239,ENSMUSG00000047281
ENSG00000166501,ENSMUSG00000028540
ENSG00000124496,ENSMUSG00000025013
ENSG00000132854,ENSMUSG00000078554
ENSG00000159842,ENSMUSG00000035726
ENSG00000224383,ENSMUSG00000020385
ENSG00000121486,ENSMUSG00000047257
ENSG00000139187,ENSMUSG00000029458
ENSG00000272325,ENSMUSG00000108995
ENSG00000116761,ENSMUSG00000022898
ENSG00000101695,ENSMUSG00000040713
ENSG00000080644,ENSMUSG00000096169
ENSG00000239810,ENSMUSG00000036412
ENSG00000150347,ENSMUSG00000027660
ENSG00000172464,ENSMUSG00000046676
ENSG00000113361,ENSMUSG00000071253
ENSG00000108654,ENSMUSG00000028979
ENSG00000099991,ENSMUSG00000058638
ENSG00000166153,ENSMUSG00000020562
ENSG00000292354,ENSMUSG00000031485
ENSG00000143393,ENSMUSG00000031503
ENSG00000176782,ENSMUSG00000069922
ENSG00000125741,ENSMUSG00000031876
ENSG00000078401,ENSMUSG00000023927
ENSG00000107672,ENSMUSG00000017146
ENSG00000123219,ENSMUSG00000025090
ENSG00000124491,ENSMUSG00000026237
ENSG00000138050,ENSMUSG00000041115
ENSG00000143493,ENSMUSG00000043923
ENSG00000101144,ENSMUSG00000054938
ENSG00000173918,ENSMUSG00000084136
ENSG00000111669,ENSMUSG00000048878
ENSG00000146414,ENSMUSG00000022674
ENSG00000178234,ENSMUSG00000040950
ENSG00000184985,ENSMUSG00000021950
ENSG00000158874,ENSMUSG00000003190
ENSG00000229637,ENSMUSG00000071573
ENSG00000283267,ENSMUSG00000042041
ENSG00000162086,ENSMUSG00000059687
ENSG00000128951,ENSMUSG00000000276
ENSG00000143167,ENSMUSG00000074183
ENSG00000085644,ENSMUSG00000022635
ENSG00000117143,ENSMUSG00000087598
ENSG00000143971,ENSMUSG00000022412
ENSG00000077348,ENSMUSG00000004359
ENSG00000135862,ENSMUSG00000040479
ENSG00000198225,ENSMUSG00000023707
ENSG00000270647,ENSMUSG00000024359
ENSG00000068308,ENSMUSG00000074261
ENSG00000075785,ENSMUSG00000031960
ENSG00000198804,ENSMUSG00000074607
ENSG00000132357,ENSMUSG00000055172
ENSG00000083720,ENSMUSG00000027286
ENSG00000278318,ENSMUSG00000060491
ENSG00000086159,ENSMUSG00000102222
ENSG00000198682,ENSMUSG00000025793
ENSG00000133055,ENSMUSG00000028591
ENSG00000084628,ENSMUSG00000026969
ENSG00000143320,ENSMUSG00000014158
ENSG00000145781,ENSMUSG00000023495
ENSG00000160678,ENSMUSG00000025823
ENSG00000078747,ENSMUSG00000060475
ENSG00000143674,ENSMUSG00000029729
ENSG00000133246,ENSMUSG00000030806
ENSG00000171960,ENSMUSG00000067064
ENSG00000220008,ENSMUSG00000050377
ENSG00000166233,ENSMUSG00000020354
ENSG00000168928,ENSMUSG00000022537
ENSG00000167004,ENSMUSG00000029219
ENSG00000153250,ENSMUSG00000020121
ENSG00000036054,ENSMUSG00000034813
ENSG00000095596,ENSMUSG00000095570
ENSG00000124557,ENSMUSG00000042111
ENSG00000269825,ENSMUSG00000020780
ENSG00000059573,ENSMUSG00000093957
ENSG00000074370,ENSMUSG00000049690
ENSG00000180543,ENSMUSG00000048299
ENSG00000129810,ENSMUSG00000063760
ENSG00000183726,ENSMUSG00000050777
ENSG00000075151,ENSMUSG00000043274
ENSG00000124143,ENSMUSG00000041966
ENSG00000275591,ENSMUSG00000017664
ENSG00000242173,ENSMUSG00000034473
ENSG00000213380,ENSMUSG00000034640
ENSG00000115718,ENSMUSG00000063060
ENSG00000053372,ENSMUSG00000031486
ENSG00000071462,ENSMUSG00000033499
ENSG00000112462,ENSMUSG00000008226
ENSG00000184378,ENSMUSG00000018656
ENSG00000007516,ENSMUSG00000022840
ENSG00000265808,ENSMUSG00000070374
ENSG00000138286,ENSMUSG00000003345
ENSG00000162398,ENSMUSG00000050756
ENSG00000152954,ENSMUSG00000094658
ENSG00000166311,ENSMUSG00000023909
ENSG00000179886,ENSMUSG00000037787
ENSG00000126247,ENSMUSG00000025491
ENSG00000156521,ENSMUSG00000056370
ENSG00000113194,ENSMUSG00000048919
ENSG00000086504,ENSMUSG00000096167
ENSG00000164627,ENSMUSG00000053907
ENSG00000120833,ENSMUSG00000041438
ENSG00000146828,ENSMUSG00000030793
ENSG00000163050,ENSMUSG00000030351
ENSG00000162377,ENSMUSG00000025139
ENSG00000075239,ENSMUSG00000048721
ENSG00000185615,ENSMUSG00000047369
ENSG00000291309,ENSMUSG00000002963
ENSG00000196263,ENSMUSG00000022401
ENSG00000127152,ENSMUSG00000048047
ENSG00000142789,ENSMUSG00000062352
ENSG00000250745,ENSMUSG00000070459
ENSG00000019102,ENSMUSG00000024053
ENSG00000134905,ENSMUSG00000022404
ENSG00000116133,ENSMUSG00000029712
ENSG00000166292,ENSMUSG00000038740
ENSG00000103018,ENSMUSG00000032733
ENSG00000144741,ENSMUSG00000026240
ENSG00000100564,ENSMUSG00000061208
ENSG00000094963,ENSMUSG00000032051
ENSG00000139131,ENSMUSG00000027566
ENSG00000170271,ENSMUSG00000031158
ENSG00000184012,ENSMUSG00000021986
ENSG00000101443,ENSMUSG00000027381
ENSG00000117479,ENSMUSG00000018570
ENSG00000215277,ENSMUSG00000033595
ENSG00000221926,ENSMUSG00000030551
ENSG00000050730,ENSMUSG00000008348
ENSG00000107611,ENSMUSG00000022508
ENSG00000080511,ENSMUSG00000024617
ENSG00000117523,ENSMUSG00000014956
ENSG00000067715,ENSMUSG00000073557
ENSG00000213934,ENSMUSG00000033597
ENSG00000061918,ENSMUSG00000008398
ENSG00000112494,ENSMUSG00000016831
ENSG00000138381,ENSMUSG00000050603
ENSG00000176239,ENSMUSG00000024158
ENSG00000088448,ENSMUSG00000026249
ENSG00000135919,ENSMUSG00000100608
ENSG00000110107,ENSMUSG00000042641
ENSG00000154025,ENSMUSG00000090173
ENSG00000166128,ENSMUSG00000093789
ENSG00000147416,ENSMUSG00000082229
ENSG00000130816,ENSMUSG00000020647
ENSG00000198300,ENSMUSG00000046435
ENSG00000100979,ENSMUSG00000038893
ENSG00000118007,ENSMUSG00000027983
ENSG00000214654,ENSMUSG00000022325
ENSG00000187955,ENSMUSG00000002833
ENSG00000253873,ENSMUSG00000002608
ENSG00000164326,ENSMUSG00000060716
ENSG00000198951,ENSMUSG00000054611
ENSG00000093217,ENSMUSG00000016346
ENSG00000122779,ENSMUSG00000043068
ENSG00000126970,ENSMUSG00000030120
ENSG00000163947,ENSMUSG00000026883
ENSG00000138161,ENSMUSG00000025609
ENSG00000133454,ENSMUSG00000078487
ENSG00000079950,ENSMUSG00000028837
ENSG00000105388,ENSMUSG00000068551
ENSG00000271271,ENSMUSG00000018604
ENSG00000269791,ENSMUSG00000027175
ENSG00000214113,ENSMUSG00000066269
ENSG00000152092,ENSMUSG00000009654
ENSG00000158987,ENSMUSG00000094149
ENSG00000170145,ENSMUSG00000005374
ENSG00000205268,ENSMUSG00000020843
ENSG00000171867,ENSMUSG00000058833
ENSG00000009844,ENSMUSG00000025396
ENSG00000068976,ENSMUSG00000024778
ENSG00000165912,ENSMUSG00000028544
ENSG00000270601,ENSMUSG00000028545
ENSG00000204165,ENSMUSG00000021947
ENSG00000136521,ENSMUSG00000047798
ENSG00000156802,ENSMUSG00000010505
ENSG00000128335,ENSMUSG00000023169
ENSG00000168090,ENSMUSG00000050241
ENSG00000112651,ENSMUSG00000032405
ENSG00000115457,ENSMUSG00000095754
ENSG00000060566,ENSMUSG00000060685
ENSG00000196639,ENSMUSG00000036244
ENSG00000143933,ENSMUSG00000005628
ENSG00000135002,ENSMUSG00000020396
ENSG00000120942,ENSMUSG00000075227
ENSG00000175768,ENSMUSG00000066964
ENSG00000167461,ENSMUSG00000040820
ENSG00000148773,ENSMUSG00000022426
ENSG00000107854,ENSMUSG00000049382
ENSG00000103174,ENSMUSG00000027519
ENSG00000118520,ENSMUSG00000061701
ENSG00000100024,ENSMUSG00000075376
ENSG00000175279,ENSMUSG00000033491
ENSG00000237700,ENSMUSG00000022000
ENSG00000205978,ENSMUSG00000031430
ENSG00000157191,ENSMUSG00000022245
ENSG00000143479,ENSMUSG00000011632
ENSG00000108784,ENSMUSG00000005533
ENSG00000182255,ENSMUSG00000054667
ENSG00000151320,ENSMUSG00000108931
ENSG00000178996,ENSMUSG00000044860
ENSG00000110719,ENSMUSG00000091844
ENSG00000160229,ENSMUSG00000023873
ENSG00000173200,ENSMUSG00000059230
ENSG00000212657,ENSMUSG00000051786
ENSG00000189046,ENSMUSG00000001348
ENSG00000196757,ENSMUSG00000049605
ENSG00000177374,ENSMUSG00000092080
ENSG00000198870,ENSMUSG00000021665
ENSG00000163166,ENSMUSG00000074060
ENSG00000221823,ENSMUSG00000031078
ENSG00000221970,ENSMUSG00000037364
ENSG00000134575,ENSMUSG00000085933
ENSG00000166483,ENSMUSG00000002014
ENSG00000141644,ENSMUSG00000016995
ENSG00000181552,ENSMUSG00000033610
ENSG00000167850,ENSMUSG00000090053
ENSG00000100918,ENSMUSG00000037086
ENSG00000163352,ENSMUSG00000021615
ENSG00000197753,ENSMUSG00000063821
ENSG00000163993,ENSMUSG00000078485
ENSG00000144959,ENSMUSG00000028182
ENSG00000243543,ENSMUSG00000041396
ENSG00000183971,ENSMUSG00000022475
ENSG00000161800,ENSMUSG00000029994
ENSG00000186393,ENSMUSG00000035557
ENSG00000137962,ENSMUSG00000032512
ENSG00000197343,ENSMUSG00000105589
ENSG00000175115,ENSMUSG00000005360
ENSG00000146409,ENSMUSG00000042219
ENSG00000147162,ENSMUSG00000024290
ENSG00000108469,ENSMUSG00000063382
ENSG00000073169,ENSMUSG00000063488
ENSG00000012124,ENSMUSG00000074028
ENSG00000010404,ENSMUSG00000038607
ENSG00000088543,ENSMUSG00000013611
ENSG00000267855,ENSMUSG00000004896
ENSG00000267127,ENSMUSG00000026546
ENSG00000058091,ENSMUSG00000023800
ENSG00000163507,ENSMUSG00000020900
ENSG00000050767,ENSMUSG00000020740
ENSG00000104872,ENSMUSG00000031957
ENSG00000134245,ENSMUSG00000032175
ENSG00000292373,ENSMUSG00000048988
ENSG00000174982,ENSMUSG00000029446
ENSG00000087253,ENSMUSG00000038456
ENSG00000186111,ENSMUSG00000051258
ENSG00000187049,ENSMUSG00000033596
ENSG00000165389,ENSMUSG00000035024
ENSG00000235109,ENSMUSG00000037958
ENSG00000108578,ENSMUSG00000095341
ENSG00000101542,ENSMUSG00000039903
ENSG00000013375,ENSMUSG00000051663
ENSG00000105808,ENSMUSG00000042848
ENSG00000139330,ENSMUSG00000059325
ENSG00000165943,ENSMUSG00000033543
ENSG00000185722,ENSMUSG00000042198
ENSG00000086189,ENSMUSG00000021508
ENSG00000183765,ENSMUSG00000037656
ENSG00000164741,ENSMUSG00000035958
ENSG00000113742,ENSMUSG00000023267
ENSG00000213626,ENSMUSG00000061479
ENSG00000168152,ENSMUSG00000055322
ENSG00000111678,ENSMUSG00000103472
ENSG00000164294,ENSMUSG00000034329
ENSG00000165424,ENSMUSG00000073010
ENSG00000154240,ENSMUSG00000066235
ENSG00000131686,ENSMUSG00000022971
ENSG00000071282,ENSMUSG00000095505
ENSG00000215203,ENSMUSG00000022788
ENSG00000138079,ENSMUSG00000032548
ENSG00000153896,ENSMUSG00000079259
ENSG00000178726,ENSMUSG00000037325
ENSG00000100320,ENSMUSG00000024277
ENSG00000115514,ENSMUSG00000078721
ENSG00000174460,ENSMUSG00000033498
ENSG00000137801,ENSMUSG00000071112
ENSG00000137434,ENSMUSG00000005886
ENSG00000087191,ENSMUSG00000071281
ENSG00000250506,ENSMUSG00000037813
ENSG00000185619,ENSMUSG00000073267
ENSG00000196353,ENSMUSG00000075569
ENSG00000072110,ENSMUSG00000005732
ENSG00000196187,ENSMUSG00000055942
ENSG00000128805,ENSMUSG00000028005
ENSG00000175416,ENSMUSG00000027550
ENSG00000065978,ENSMUSG00000004994
ENSG00000168288,ENSMUSG00000020260
ENSG00000137965,ENSMUSG00000060427
ENSG00000143476,ENSMUSG00000050786
ENSG00000136603,ENSMUSG00000026289
ENSG00000196091,ENSMUSG00000015189
ENSG00000225663,ENSMUSG00000044906
ENSG00000167664,ENSMUSG00000067684
ENSG00000183560,ENSMUSG00000017004
ENSG00000108423,ENSMUSG00000022338
ENSG00000140474,ENSMUSG00000096049
ENSG00000196159,ENSMUSG00000026514
ENSG00000170099,ENSMUSG00000009640
ENSG00000103266,ENSMUSG00000028199
ENSG00000185860,ENSMUSG00000076437
ENSG00000183091,ENSMUSG00000029076
ENSG00000158457,ENSMUSG00000028456
ENSG00000124731,ENSMUSG00000039354
ENSG00000171992,ENSMUSG00000046441
ENSG00000119913,ENSMUSG00000003452
ENSG00000076351,ENSMUSG00000039662
ENSG00000188981,ENSMUSG00000025899
ENSG00000100767,ENSMUSG00000043448
ENSG00000177602,ENSMUSG00000042251
ENSG00000124571,ENSMUSG00000030035
ENSG00000132749,ENSMUSG00000016756
ENSG00000159352,ENSMUSG00000017832
ENSG00000196275,ENSMUSG00000060216
ENSG00000240432,ENSMUSG00000030270
ENSG00000166450,ENSMUSG00000037640
ENSG00000163293,ENSMUSG00000071648
ENSG00000187624,ENSMUSG00000070458
ENSG00000131116,ENSMUSG00000027634
ENSG00000116962,ENSMUSG00000035297
ENSG00000170854,ENSMUSG00000051079
ENSG00000180044,ENSMUSG00000030681
ENSG00000164463,ENSMUSG00000052056
ENSG00000197226,ENSMUSG00000020399
ENSG00000185352,ENSMUSG00000032507
ENSG00000119328,ENSMUSG00000026455
ENSG00000150337,ENSMUSG00000070979
ENSG00000134028,ENSMUSG00000018238
ENSG00000180573,ENSMUSG00000079628
ENSG00000158246,ENSMUSG00000031299
ENSG00000155975,ENSMUSG00000028081
ENSG00000124541,ENSMUSG00000031442
ENSG00000178537,ENSMUSG00000044150
ENSG00000063127,ENSMUSG00000057409
ENSG00000143416,ENSMUSG00000001119
ENSG00000188976,ENSMUSG00000041278
ENSG00000203989,ENSMUSG00000079477
ENSG00000171564,ENSMUSG00000003438
ENSG00000117400,ENSMUSG00000026617
ENSG00000105278,ENSMUSG00000028223
ENSG00000175224,ENSMUSG00000075273
ENSG00000001629,ENSMUSG00000043013
ENSG00000271605,ENSMUSG00000050815
ENSG00000169919,ENSMUSG00000068535
ENSG00000163660,ENSMUSG00000032680
ENSG00000187116,ENSMUSG00000048126
ENSG00000095777,ENSMUSG00000024936
ENSG00000204880,ENSMUSG00000055194
ENSG00000138813,ENSMUSG00000034361
ENSG00000040199,ENSMUSG00000031131
ENSG00000167528,ENSMUSG00000031340
ENSG00000182220,ENSMUSG00000039908
ENSG00000204424,ENSMUSG00000020321
ENSG00000198715,ENSMUSG00000029093
ENSG00000166289,ENSMUSG00000027355
ENSG00000126251,ENSMUSG00000095448
ENSG00000273756,ENSMUSG00000025332
ENSG00000101282,ENSMUSG00000032377
ENSG00000196378,ENSMUSG00000025189
ENSG00000213401,ENSMUSG00000029288
ENSG00000167635,ENSMUSG00000038756
ENSG00000116459,ENSMUSG00000006392
ENSG00000158062,ENSMUSG00000019815
ENSG00000107736,ENSMUSG00000040723
ENSG00000130340,ENSMUSG00000032537
ENSG00000125970,ENSMUSG00000054978
ENSG00000167617,ENSMUSG00000042796
ENSG00000125149,ENSMUSG00000102122
ENSG00000120509,ENSMUSG00000034800
ENSG00000120688,ENSMUSG00000022283
ENSG00000146707,ENSMUSG00000064030
ENSG00000273540,ENSMUSG00000025732
ENSG00000184160,ENSMUSG00000067424
ENSG00000126698,ENSMUSG00000064357
ENSG00000159231,ENSMUSG00000032077
ENSG00000147853,ENSMUSG00000061769
ENSG00000121774,ENSMUSG00000032285
ENSG00000134321,ENSMUSG00000024235
ENSG00000240403,ENSMUSG00000090655
ENSG00000125813,ENSMUSG00000045566
ENSG00000160613,ENSMUSG00000017548
ENSG00000161204,ENSMUSG00000006389
ENSG00000203879,ENSMUSG00000004651
ENSG00000173275,ENSMUSG00000032688
ENSG00000106683,ENSMUSG00000028127
ENSG00000230062,ENSMUSG00000067942
ENSG00000136758,ENSMUSG00000049307
ENSG00000094914,ENSMUSG00000044444
ENSG00000010072,ENSMUSG00000057134
ENSG00000188817,ENSMUSG00000034384
ENSG00000176092,ENSMUSG00000063672
ENSG00000166930,ENSMUSG00000079580
ENSG00000060749,ENSMUSG00000022048
ENSG00000089775,ENSMUSG00000083361
ENSG00000176444,ENSMUSG00000048856
ENSG00000168269,ENSMUSG00000075139
ENSG00000174886,ENSMUSG00000101480
ENSG00000105409,ENSMUSG00000041845
ENSG00000284730,ENSMUSG00000035585
ENSG00000176774,ENSMUSG00000022798
ENSG00000198934,ENSMUSG00000029397
ENSG00000165119,ENSMUSG00000090527
ENSG00000125166,ENSMUSG00000062128
ENSG00000068796,ENSMUSG00000073434
ENSG00000142538,ENSMUSG00000095845
ENSG00000171848,ENSMUSG00000028649
ENSG00000131969,ENSMUSG00000028417
ENSG00000091262,ENSMUSG00000092544
ENSG00000137691,ENSMUSG00000022366
ENSG00000183463,ENSMUSG00000043419
ENSG00000101182,ENSMUSG00000035678
ENSG00000205329,ENSMUSG00000052751
ENSG00000129910,ENSMUSG00000035270
ENSG00000111641,ENSMUSG00000009633
ENSG00000185467,ENSMUSG00000044734
ENSG00000047188,ENSMUSG00000037771
ENSG00000155970,ENSMUSG00000026611
ENSG00000131876,ENSMUSG00000090093
ENSG00000107831,ENSMUSG00000059411
ENSG00000215883,ENSMUSG00000049658
ENSG00000164053,ENSMUSG00000028807
ENSG00000138449,ENSMUSG00000032381
ENSG00000145390,ENSMUSG00000024799
ENSG00000179873,ENSMUSG00000069806
ENSG00000233056,ENSMUSG00000032899
ENSG00000136297,ENSMUSG00000036707
ENSG00000132467,ENSMUSG00000033022
ENSG00000204882,ENSMUSG00000047286
ENSG00000205903,ENSMUSG00000024771
ENSG00000081026,ENSMUSG00000025085
ENSG00000169116,ENSMUSG00000048077
ENSG00000284194,ENSMUSG00000013338
ENSG00000203734,ENSMUSG00000034903
ENSG00000125255,ENSMUSG00000051007
ENSG00000124193,ENSMUSG00000084989
ENSG00000151789,ENSMUSG00000026634
ENSG00000109101,ENSMUSG00000074780
ENSG00000196218,ENSMUSG00000024669
ENSG00000182718,ENSMUSG00000031634
ENSG00000075790,ENSMUSG00000067173
ENSG00000163519,ENSMUSG00000036782
ENSG00000172086,ENSMUSG00000051703
ENSG00000156639,ENSMUSG00000055298
ENSG00000168653,ENSMUSG00000025578
ENSG00000134444,ENSMUSG00000050799
ENSG00000118432,ENSMUSG00000036499
ENSG00000138744,ENSMUSG00000044542
ENSG00000148110,ENSMUSG00000058297
ENSG00000197056,ENSMUSG00000040124
ENSG00000255374,ENSMUSG00000050468
ENSG00000198854,ENSMUSG00000035373
ENSG00000204382,ENSMUSG00000022456
ENSG00000127328,ENSMUSG00000032009
ENSG00000164039,ENSMUSG00000025423
ENSG00000131023,ENSMUSG00000005824
ENSG00000105928,ENSMUSG00000037411
ENSG00000163424,ENSMUSG00000027193
ENSG00000206356,ENSMUSG00000050463
ENSG00000119537,ENSMUSG00000078260
ENSG00000075673,ENSMUSG00000026946
ENSG00000168214,ENSMUSG00000020620
ENSG00000183706,ENSMUSG00000020364
ENSG00000067167,ENSMUSG00000027010
ENSG00000198838,ENSMUSG00000030982
ENSG00000082213,ENSMUSG00000032320
ENSG00000010932,ENSMUSG00000039298
ENSG00000169895,ENSMUSG00000021182
ENSG00000100105,ENSMUSG00000029813
ENSG00000185414,ENSMUSG00000004872
ENSG00000138792,ENSMUSG00000024032
ENSG00000170142,ENSMUSG00000022900
ENSG00000189052,ENSMUSG00000044819
ENSG00000196923,ENSMUSG00000038119
ENSG00000163686,ENSMUSG00000023140
ENSG00000231824,ENSMUSG00000042604
ENSG00000148734,ENSMUSG00000025986
ENSG00000016602,ENSMUSG00000053297
ENSG00000168071,ENSMUSG00000073913
ENSG00000129467,ENSMUSG00000024142
ENSG00000121988,ENSMUSG00000094978
ENSG00000147596,ENSMUSG00000031725
ENSG00000167757,ENSMUSG00000070733
ENSG00000101333,ENSMUSG00000028700
ENSG00000240542,ENSMUSG00000109368
ENSG00000172824,ENSMUSG00000071547
ENSG00000140577,ENSMUSG00000104043
ENSG00000204444,ENSMUSG00000031491
ENSG00000100241,ENSMUSG00000037159
ENSG00000180891,ENSMUSG00000079177
ENSG00000162616,ENSMUSG00000027377
ENSG00000145332,ENSMUSG00000010592
ENSG00000002330,ENSMUSG00000030162
ENSG00000181963,ENSMUSG00000042942
ENSG00000184007,ENSMUSG00000032121
ENSG00000165806,ENSMUSG00000021893
ENSG00000130385,ENSMUSG00000024538
ENSG00000188037,ENSMUSG00000032553
ENSG00000092067,ENSMUSG00000025509
ENSG00000054803,ENSMUSG00000059023
ENSG00000123737,ENSMUSG00000017144
ENSG00000110619,ENSMUSG00000041697
ENSG00000150776,ENSMUSG00000102802
ENSG00000186073,ENSMUSG00000036216
ENSG00000119402,ENSMUSG00000044043
ENSG00000204947,ENSMUSG00000031987
ENSG00000120254,ENSMUSG00000039990
ENSG00000189030,ENSMUSG00000039901
ENSG00000212721,ENSMUSG00000040809
ENSG00000086758,ENSMUSG00000099443
ENSG00000111052,ENSMUSG00000021027
ENSG00000144182,ENSMUSG00000093865
ENSG00000171056,ENSMUSG00000062822
ENSG00000176641,ENSMUSG00000025314
ENSG00000214978,ENSMUSG00000017740
ENSG00000275410,ENSMUSG00000051257
ENSG00000198853,ENSMUSG00000074437
ENSG00000241127,ENSMUSG00000031327
ENSG00000065150,ENSMUSG00000014725
ENSG00000196531,ENSMUSG00000053094
ENSG00000159210,ENSMUSG00000025078
ENSG00000157119,ENSMUSG00000074965
ENSG00000179242,ENSMUSG00000071691
ENSG00000155666,ENSMUSG00000058586
ENSG00000110066,ENSMUSG00000031753
ENSG00000174444,ENSMUSG00000022501
ENSG00000164211,ENSMUSG00000029311
ENSG00000250479,ENSMUSG00000020069
ENSG00000065802,ENSMUSG00000029098
ENSG00000156990,ENSMUSG00000025815
ENSG00000130545,ENSMUSG00000047253
ENSG00000112031,ENSMUSG00000035923
ENSG00000112812,ENSMUSG00000048373
ENSG00000071677,ENSMUSG00000043496
ENSG00000165066,ENSMUSG00000022150
ENSG00000105778,ENSMUSG00000058230
ENSG00000133983,ENSMUSG00000019429
ENSG00000168488,ENSMUSG00000049235
ENSG00000131080,ENSMUSG00000023904
ENSG00000183751,ENSMUSG00000031527
ENSG00000137441,ENSMUSG00000029714
ENSG00000167685,ENSMUSG00000037992
ENSG00000112130,ENSMUSG00000029763
ENSG00000204152,ENSMUSG00000021576
ENSG00000068831,ENSMUSG00000069581
ENSG00000140365,ENSMUSG00000028794
ENSG00000162670,ENSMUSG00000030127
ENSG00000124222,ENSMUSG00000068399
ENSG00000115685,ENSMUSG00000049848
ENSG00000179407,ENSMUSG00000102627
ENSG00000112769,ENSMUSG00000045475
ENSG00000221937,ENSMUSG00000095105
ENSG00000171174,ENSMUSG00000025612
ENSG00000123684,ENSMUSG00000028560
ENSG00000178028,ENSMUSG00000102053
ENSG00000136878,ENSMUSG00000067148
ENSG00000163322,ENSMUSG00000051043
ENSG00000007968,ENSMUSG00000047025
ENSG00000188060,ENSMUSG00000027219
ENSG00000292336,ENSMUSG00000031980
ENSG00000171307,ENSMUSG00000022831
ENSG00000131386,ENSMUSG00000034449
ENSG00000136485,ENSMUSG00000029586
ENSG00000079263,ENSMUSG00000043501
ENSG00000186185,ENSMUSG00000047098
ENSG00000104848,ENSMUSG00000032846
ENSG00000151690,ENSMUSG00000035274
ENSG00000214753,ENSMUSG00000053593
ENSG00000125898,ENSMUSG00000096728
ENSG00000169504,ENSMUSG00000040138
ENSG00000127603,ENSMUSG00000044485
ENSG00000136436,ENSMUSG00000038260
ENSG00000142330,ENSMUSG00000047141
ENSG00000187094,ENSMUSG00000048707
ENSG00000135148,ENSMUSG00000090219
ENSG00000173452,ENSMUSG00000095267
ENSG00000104957,ENSMUSG00000033196
ENSG00000183150,ENSMUSG00000046719
ENSG00000175766,ENSMUSG00000031996
ENSG00000137343,ENSMUSG00000039954
ENSG00000112658,ENSMUSG00000096525
ENSG00000166741,ENSMUSG00000029600
ENSG00000142182,ENSMUSG00000034641
ENSG00000142178,ENSMUSG00000073804
ENSG00000143190,ENSMUSG00000025172
ENSG00000172172,ENSMUSG00000075270
ENSG00000092345,ENSMUSG00000004668
ENSG00000078795,ENSMUSG00000025932
ENSG00000163600,ENSMUSG00000030942
ENSG00000187601,ENSMUSG00000014769
ENSG00000143333,ENSMUSG00000026495
ENSG00000161551,ENSMUSG00000053852
ENSG00000163626,ENSMUSG00000035517
ENSG00000174776,ENSMUSG00000025816
ENSG00000183733,ENSMUSG00000079698
ENSG00000173451,ENSMUSG00000020590
ENSG00000134533,ENSMUSG00000045509
ENSG00000293663,ENSMUSG00000020689
ENSG00000187191,ENSMUSG00000028492
ENSG00000167654,ENSMUSG00000019997
ENSG00000161381,ENSMUSG00000061961
ENSG00000264006,ENSMUSG00000093769
ENSG00000144724,ENSMUSG00000094426
ENSG00000139437,ENSMUSG00000035868
ENSG00000185650,ENSMUSG00000036411
ENSG00000167264,ENSMUSG00000038005
ENSG00000005102,ENSMUSG00000026708
ENSG00000157653,ENSMUSG00000058568
ENSG00000127554,ENSMUSG00000044985
ENSG00000228672,ENSMUSG00000092300
ENSG00000137673,ENSMUSG00000029616
ENSG00000182670,ENSMUSG00000020695
ENSG00000240230,ENSMUSG00000017119
ENSG00000196526,ENSMUSG00000046879
ENSG00000078618,ENSMUSG00000022965
ENSG00000143570,ENSMUSG00000009647
ENSG00000268089,ENSMUSG00000096122
ENSG00000222018,ENSMUSG00000047182
ENSG00000135045,ENSMUSG00000058216
ENSG00000132326,ENSMUSG00000047180
ENSG00000162600,ENSMUSG00000026831
ENSG00000142961,ENSMUSG00000048520
ENSG00000142303,ENSMUSG00000053211
ENSG00000278803,ENSMUSG00000022769
ENSG00000176495,ENSMUSG00000021262
ENSG00000160180,ENSMUSG00000040560
ENSG00000187605,ENSMUSG00000100231
ENSG00000166188,ENSMUSG00000069227
ENSG00000164951,ENSMUSG00000020519
ENSG00000150637,ENSMUSG00000042268
ENSG00000183128,ENSMUSG00000093918
ENSG00000140694,ENSMUSG00000002190
ENSG00000105576,ENSMUSG00000031233
ENSG00000183770,ENSMUSG00000038840
ENSG00000242515,ENSMUSG00000027547
ENSG00000137078,ENSMUSG00000059203
ENSG00000160255,ENSMUSG00000041133
ENSG00000163933,ENSMUSG00000032269
ENSG00000177302,ENSMUSG00000020464
ENSG00000133247,ENSMUSG00000023009
ENSG00000144848,ENSMUSG00000005131
ENSG00000242389,ENSMUSG00000044641
ENSG00000102871,ENSMUSG00000028496
ENSG00000170748,ENSMUSG00000020755
ENSG00000268104,ENSMUSG00000063406
ENSG00000163960,ENSMUSG00000029638
ENSG00000149634,ENSMUSG00000073574
ENSG00000146232,ENSMUSG00000029250
ENSG00000164253,ENSMUSG00000028402
ENSG00000127074,ENSMUSG00000045539
ENSG00000182870,ENSMUSG00000018377
ENSG00000152779,ENSMUSG00000063704
ENSG00000188859,ENSMUSG00000066896
ENSG00000197683,ENSMUSG00000042810
ENSG00000139190,ENSMUSG00000033671
ENSG00000187531,ENSMUSG00000041303
ENSG00000178358,ENSMUSG00000049940
ENSG00000283644,ENSMUSG00000105504
ENSG00000179144,ENSMUSG00000054519
ENSG00000099968,ENSMUSG00000061838
ENSG00000089916,ENSMUSG00000049456
ENSG00000110660,ENSMUSG00000096044
ENSG00000143344,ENSMUSG00000084262
ENSG00000122877,ENSMUSG00000041609
ENSG00000172969,ENSMUSG00000086524
ENSG00000103995,ENSMUSG00000059964
ENSG00000139220,ENSMUSG00000035629
ENSG00000110799,ENSMUSG00000045302
ENSG00000243056,ENSMUSG00000060780
ENSG00000277399,ENSMUSG00000045246
ENSG00000079999,ENSMUSG00000029337
ENSG00000179331,ENSMUSG00000099711
ENSG00000134109,ENSMUSG00000025102
ENSG00000114948,ENSMUSG00000040564
ENSG00000164587,ENSMUSG00000025479
ENSG00000204536,ENSMUSG00000071645
ENSG00000149260,ENSMUSG00000041203
ENSG00000107816,ENSMUSG00000079091
ENSG00000107731,ENSMUSG00000040521
ENSG00000169752,ENSMUSG00000022052
ENSG00000188152,ENSMUSG00000051977
ENSG00000181074,ENSMUSG00000038648
ENSG00000136933,ENSMUSG00000052712
ENSG00000233803,ENSMUSG00000022787
ENSG00000117597,ENSMUSG00000096470
ENSG00000109272,ENSMUSG00000022657
ENSG00000276231,ENSMUSG00000024770
ENSG00000212124,ENSMUSG00000072479
ENSG00000167778,ENSMUSG00000051851
ENSG00000166582,ENSMUSG00000100634
ENSG00000166848,ENSMUSG00000050435
ENSG00000124233,ENSMUSG00000020472
ENSG00000128973,ENSMUSG00000025584
ENSG00000182816,ENSMUSG00000036641
ENSG00000168447,ENSMUSG00000070942
ENSG00000091482,ENSMUSG00000006215
ENSG00000189152,ENSMUSG00000029378
ENSG00000255690,ENSMUSG00000052713
ENSG00000166136,ENSMUSG00000020709
ENSG00000197457,ENSMUSG00000000562
ENSG00000168517,ENSMUSG00000044595
ENSG00000171773,ENSMUSG00000048218
ENSG00000131746,ENSMUSG00000028347
ENSG00000177600,ENSMUSG00000043439
ENSG00000128604,ENSMUSG00000026885
ENSG00000110077,ENSMUSG00000075202
ENSG00000221946,ENSMUSG00000029484
ENSG00000224531,ENSMUSG00000046259
ENSG00000101474,ENSMUSG00000022750
ENSG00000130640,ENSMUSG00000030157
ENSG00000273274,ENSMUSG00000047592
ENSG00000115085,ENSMUSG00000022490
ENSG00000078687,ENSMUSG00000074852
ENSG00000179912,ENSMUSG00000103707
ENSG00000165072,ENSMUSG00000046913
ENSG00000183305,ENSMUSG00000091260
ENSG00000156273,ENSMUSG00000070327
ENSG00000121621,ENSMUSG00000025089
ENSG00000167359,ENSMUSG00000078576
ENSG00000283873,ENSMUSG00000049086
ENSG00000114904,ENSMUSG00000094200
ENSG00000251545,ENSMUSG00000068206
ENSG00000116663,ENSMUSG00000000440
ENSG00000105255,ENSMUSG00000044042
ENSG00000197885,ENSMUSG00000020277
ENSG00000164035,ENSMUSG00000052684
ENSG00000183023,ENSMUSG00000046000
ENSG00000160961,ENSMUSG00000002748
ENSG00000188312,ENSMUSG00000030744
ENSG00000166762,ENSMUSG00000026627
ENSG00000196098,ENSMUSG00000016255
ENSG00000131828,ENSMUSG00000027431
ENSG00000232535,ENSMUSG00000075382
ENSG00000108433,ENSMUSG00000020723
ENSG00000198964,ENSMUSG00000058099
ENSG00000132623,ENSMUSG00000066257
ENSG00000163982,ENSMUSG00000040747
ENSG00000135069,ENSMUSG00000062995
ENSG00000142494,ENSMUSG00000100004
ENSG00000170477,ENSMUSG00000039720
ENSG00000125650,ENSMUSG00000037876
ENSG00000114745,ENSMUSG00000043639
ENSG00000171956,ENSMUSG00000064137
ENSG00000125755,ENSMUSG00000048013
ENSG00000070601,ENSMUSG00000070604
ENSG00000166126,ENSMUSG00000014747
ENSG00000183640,ENSMUSG00000090258
ENSG00000102158,ENSMUSG00000028773
ENSG00000075336,ENSMUSG00000043953
ENSG00000077454,ENSMUSG00000025876
ENSG00000151151,ENSMUSG00000024534
ENSG00000072201,ENSMUSG00000092243
ENSG00000072310,ENSMUSG00000054215
ENSG00000292345,ENSMUSG00000002944
ENSG00000134193,ENSMUSG00000094273
ENSG00000121653,ENSMUSG00000034601
ENSG00000148296,ENSMUSG00000039747
ENSG00000260286,ENSMUSG00000039296
ENSG00000205693,ENSMUSG00000062312
ENSG00000107821,ENSMUSG00000063200
ENSG00000149547,ENSMUSG00000057195
ENSG00000135677,ENSMUSG00000021217
ENSG00000181234,ENSMUSG00000027132
ENSG00000158161,ENSMUSG00000034462
ENSG00000100065,ENSMUSG00000028519
ENSG00000144589,ENSMUSG00000074445
ENSG00000141741,ENSMUSG00000028550
ENSG00000180917,ENSMUSG00000019301
ENSG00000164399,ENSMUSG00000068859
ENSG00000144339,ENSMUSG00000044475
ENSG00000170989,ENSMUSG00000029234
ENSG00000172954,ENSMUSG00000024273
ENSG00000048162,ENSMUSG00000032313
ENSG00000254093,ENSMUSG00000071047
ENSG00000219626,ENSMUSG00000044465
ENSG00000168918,ENSMUSG00000051113
ENSG00000111642,ENSMUSG00000045100
ENSG00000188694,ENSMUSG00000078611
ENSG00000147485,ENSMUSG00000020143
ENSG00000101868,ENSMUSG00000025739
ENSG00000104823,ENSMUSG00000002015
ENSG00000154174,ENSMUSG00000030397
ENSG00000148634,ENSMUSG00000054469
ENSG00000132518,ENSMUSG00000001767
ENSG00000109705,ENSMUSG00000038848
ENSG00000170092,ENSMUSG00000074647
ENSG00000196116,ENSMUSG00000038605
ENSG00000156475,ENSMUSG00000100899
ENSG00000100146,ENSMUSG00000042178
ENSG00000116918,ENSMUSG00000075478
ENSG00000278619,ENSMUSG00000070330
ENSG00000083097,ENSMUSG00000045160
ENSG00000171540,ENSMUSG00000045440
ENSG00000160570,ENSMUSG00000038541
ENSG00000187627,ENSMUSG00000045312
ENSG00000132938,ENSMUSG00000046396
ENSG00000105185,ENSMUSG00000053490
ENSG00000131871,ENSMUSG00000042686
ENSG00000165246,ENSMUSG00000040842
ENSG00000213390,ENSMUSG00000020226
ENSG00000116745,ENSMUSG00000027937
ENSG00000101457,ENSMUSG00000063904
ENSG00000115415,ENSMUSG00000061461
ENSG00000104267,ENSMUSG00000039005
ENSG00000144395,ENSMUSG00000051956
ENSG00000140015,ENSMUSG00000074165
ENSG00000142794,ENSMUSG00000066441
ENSG00000225899,ENSMUSG00000091512
ENSG00000064601,ENSMUSG00000025808
ENSG00000283288,ENSMUSG00000066513
ENSG00000162976,ENSMUSG00000017950
ENSG00000130305,ENSMUSG00000055775
ENSG00000198380,ENSMUSG00000063975
ENSG00000233932,ENSMUSG00000017756
ENSG00000162591,ENSMUSG00000063694
ENSG00000143032,ENSMUSG00000055900
ENSG00000224712,ENSMUSG00000001983
ENSG00000203910,ENSMUSG00000101904
ENSG00000014824,ENSMUSG00000024519
ENSG00000196510,ENSMUSG00000036817
ENSG00000147381,ENSMUSG00000041445
ENSG00000145016,ENSMUSG00000020469
ENSG00000264343,ENSMUSG00000094132
ENSG00000166263,ENSMUSG00000035390
ENSG00000224902,ENSMUSG00000029104
ENSG00000148730,ENSMUSG00000050150
ENSG00000068354,ENSMUSG00000033157
ENSG00000037897,ENSMUSG00000025888
ENSG00000288784,ENSMUSG00000028467
ENSG00000171155,ENSMUSG00000021930
ENSG00000168924,ENSMUSG00000055333
ENSG00000123064,ENSMUSG00000096254
ENSG00000139567,ENSMUSG00000095683
ENSG00000145022,ENSMUSG00000039621
ENSG00000176681,ENSMUSG00000049719
ENSG00000163684,ENSMUSG00000037916
ENSG00000183647,ENSMUSG00000060863
ENSG00000143006,ENSMUSG00000031609
ENSG00000103241,ENSMUSG00000047444
ENSG00000064655,ENSMUSG00000021518
ENSG00000122966,ENSMUSG00000045589
ENSG00000089123,ENSMUSG00000005610
ENSG00000165716,ENSMUSG00000091631
ENSG00000115844,ENSMUSG00000075377
ENSG00000166226,ENSMUSG00000071510
ENSG00000100485,ENSMUSG00000079639
ENSG00000156006,ENSMUSG00000029622
ENSG00000186925,ENSMUSG00000021613
ENSG00000135097,ENSMUSG00000060771
ENSG00000162413,ENSMUSG00000059279
ENSG00000118113,ENSMUSG00000050577
ENSG00000198759,ENSMUSG00000001039
ENSG00000167434,ENSMUSG00000034269
ENSG00000151023,ENSMUSG00000040111
ENSG00000163808,ENSMUSG00000035403
ENSG00000179600,ENSMUSG00000094336
ENSG00000106952,ENSMUSG00000024500
ENSG00000176915,ENSMUSG00000037731
ENSG00000033100,ENSMUSG00000022439
ENSG00000136535,ENSMUSG00000047473
ENSG00000196184,ENSMUSG00000028962
ENSG00000121594,ENSMUSG00000040795
ENSG00000170100,ENSMUSG00000022521
ENSG00000137968,ENSMUSG00000017721
ENSG00000097046,ENSMUSG00000045126
ENSG00000205808,ENSMUSG00000031950
ENSG00000085721,ENSMUSG00000042197
ENSG00000185745,ENSMUSG00000026080
ENSG00000143224,ENSMUSG00000020515
ENSG00000205989,ENSMUSG00000024298
ENSG00000169519,ENSMUSG00000031932
ENSG00000170209,ENSMUSG00000027274
ENSG00000145365,ENSMUSG00000043467
ENSG00000112280,ENSMUSG00000107283
ENSG00000213022,ENSMUSG00000062556
ENSG00000134200,ENSMUSG00000025626
ENSG00000204640,ENSMUSG00000037204
ENSG00000170965,ENSMUSG00000026663
ENSG00000171766,ENSMUSG00000025283
ENSG00000188738,ENSMUSG00000058147
ENSG00000177576,ENSMUSG00000067081
ENSG00000136487,ENSMUSG00000095741
ENSG00000170848,ENSMUSG00000031530
ENSG00000188910,ENSMUSG00000045708
ENSG00000137364,ENSMUSG00000045672
ENSG00000110090,ENSMUSG00000095912
ENSG00000167971,ENSMUSG00000022201
ENSG00000137880,ENSMUSG00000053644
ENSG00000156222,ENSMUSG00000052928
ENSG00000101251,ENSMUSG00000030259
ENSG00000010282,ENSMUSG00000055895
ENSG00000105258,ENSMUSG00000041817
ENSG00000230522,ENSMUSG00000037306
ENSG00000157470,ENSMUSG00000094483
ENSG00000241186,ENSMUSG00000078653
ENSG00000148848,ENSMUSG00000025607
ENSG00000146007,ENSMUSG00000029106
ENSG00000275896,ENSMUSG00000060636
ENSG00000139988,ENSMUSG00000019254
ENSG00000215126,ENSMUSG00000054428
ENSG00000143252,ENSMUSG00000021112
ENSG00000240583,ENSMUSG00000015314
ENSG00000204345,ENSMUSG00000057093
ENSG00000184916,ENSMUSG00000069793
ENSG00000010278,ENSMUSG00000021754
ENSG00000079616,ENSMUSG00000027384
ENSG00000204767,ENSMUSG00000042045
ENSG00000198270,ENSMUSG00000058587
ENSG00000171368,ENSMUSG00000057179
ENSG00000099817,ENSMUSG00000040471
ENSG00000177119,ENSMUSG00000059251
ENSG00000143870,ENSMUSG00000058355
ENSG00000099899,ENSMUSG00000000171
ENSG00000118046,ENSMUSG00000003341
ENSG00000111452,ENSMUSG00000079534
ENSG00000114026,ENSMUSG00000096424
ENSG00000134070,ENSMUSG00000075272
ENSG00000111726,ENSMUSG00000030298
ENSG00000198113,ENSMUSG00000095984
ENSG00000173093,ENSMUSG00000054302
ENSG00000167646,ENSMUSG00000041216
ENSG00000148175,ENSMUSG00000078521
ENSG00000162298,ENSMUSG00000038034
ENSG00000121749,ENSMUSG00000059355
ENSG00000128918,ENSMUSG00000023066
ENSG00000215912,ENSMUSG00000015846
ENSG00000118322,ENSMUSG00000038866
ENSG00000125629,ENSMUSG00000071632
ENSG00000128272,ENSMUSG00000033478
ENSG00000175325,ENSMUSG00000047604
ENSG00000161542,ENSMUSG00000063163
ENSG00000214872,ENSMUSG00000073724
ENSG00000152601,ENSMUSG00000034854
ENSG00000198353,ENSMUSG00000034931
ENSG00000130035,ENSMUSG00000068882
ENSG00000013503,ENSMUSG00000033460
ENSG00000244462,ENSMUSG00000017718
ENSG00000117751,ENSMUSG00000028229
ENSG00000135324,ENSMUSG00000052384
ENSG00000174177,ENSMUSG00000020191
ENSG00000146966,ENSMUSG00000078218
ENSG00000187595,ENSMUSG00000016344
ENSG00000204480,ENSMUSG00000070904
ENSG00000100298,ENSMUSG00000037822
ENSG00000180138,ENSMUSG00000044994
ENSG00000147246,ENSMUSG00000071773
ENSG00000196511,ENSMUSG00000032502
ENSG00000152595,ENSMUSG00000079532
ENSG00000137070,ENSMUSG00000033854
ENSG00000120256,ENSMUSG00000026394
ENSG00000121577,ENSMUSG00000053293
ENSG00000135845,ENSMUSG00000048329
ENSG00000182685,ENSMUSG00000035284
ENSG00000108439,ENSMUSG00000030244
ENSG00000100997,ENSMUSG00000083706
ENSG00000127993,ENSMUSG00000027506
ENSG00000262246,ENSMUSG00000039100
ENSG00000147697,ENSMUSG00000031703
ENSG00000090661,ENSMUSG00000004562
ENSG00000100558,ENSMUSG00000013622
ENSG00000162631,ENSMUSG00000031173
ENSG00000197921,ENSMUSG00000027719
ENSG00000228607,ENSMUSG00000045064
ENSG00000181826,ENSMUSG00000001999
ENSG00000127311,ENSMUSG00000068167
ENSG00000148835,ENSMUSG00000042828
ENSG00000182035,ENSMUSG00000014686
ENSG00000140488,ENSMUSG00000030554
ENSG00000129636,ENSMUSG00000043060
ENSG00000178460,ENSMUSG00000021239
ENSG00000054965,ENSMUSG00000026781
ENSG00000169676,ENSMUSG00000090304
ENSG00000188277,ENSMUSG00000079808
ENSG00000120948,ENSMUSG00000078253
ENSG00000163468,ENSMUSG00000026614
ENSG00000116221,ENSMUSG00000017837
ENSG00000141376,ENSMUSG00000037089
ENSG00000213988,ENSMUSG00000015291
ENSG00000143768,ENSMUSG00000043463
ENSG00000116996,ENSMUSG00000103255
ENSG00000122299,ENSMUSG00000093550
ENSG00000065883,ENSMUSG00000078269
ENSG00000146267,ENSMUSG00000018012
ENSG00000253276,ENSMUSG00000071633
ENSG00000172987,ENSMUSG00000091122
ENSG00000102245,ENSMUSG00000008482
ENSG00000227488,ENSMUSG00000069516
ENSG00000123358,ENSMUSG00000026565
ENSG00000169313,ENSMUSG00000024184
ENSG00000164508,ENSMUSG00000041153
ENSG00000181761,ENSMUSG00000057766
ENSG00000161270,ENSMUSG00000072955
ENSG00000182521,ENSMUSG00000021123
ENSG00000072401,ENSMUSG00000034880
ENSG00000187569,ENSMUSG00000029798
ENSG00000132801,ENSMUSG00000094673
ENSG00000213030,ENSMUSG00000095941
ENSG00000147251,ENSMUSG00000027801
ENSG00000204136,ENSMUSG00000026837
ENSG00000165188,ENSMUSG00000074264
ENSG00000125991,ENSMUSG00000015289
ENSG00000160298,ENSMUSG00000031168
ENSG00000166257,ENSMUSG00000094747
ENSG00000163217,ENSMUSG00000025909
ENSG00000101290,ENSMUSG00000030722
ENSG00000203326,ENSMUSG00000000827
ENSG00000274570,ENSMUSG00000055865
ENSG00000168887,ENSMUSG00000023932
ENSG00000133636,ENSMUSG00000022112
ENSG00000204694,ENSMUSG00000094011
ENSG00000187608,ENSMUSG00000019132
ENSG00000119684,ENSMUSG00000033068
ENSG00000141579,ENSMUSG00000026172
ENSG00000186526,ENSMUSG00000036529
ENSG00000135519,ENSMUSG00000038543
ENSG00000149269,ENSMUSG00000025268
ENSG00000280670,ENSMUSG00000037017
ENSG00000121858,ENSMUSG00000030236
ENSG00000183255,ENSMUSG00000044667
ENSG00000174165,ENSMUSG00000078698
ENSG00000106333,ENSMUSG00000005397
ENSG00000172399,ENSMUSG00000031157
ENSG00000198910,ENSMUSG00000039656
ENSG00000159322,ENSMUSG00000025939
ENSG00000109107,ENSMUSG00000034789
ENSG00000065243,ENSMUSG00000038244
ENSG00000186787,ENSMUSG00000091119
ENSG00000139726,ENSMUSG00000002017
ENSG00000149089,ENSMUSG00000095300
ENSG00000183831,ENSMUSG00000003464
ENSG00000148925,ENSMUSG00000027435
ENSG00000153093,ENSMUSG00000094784
ENSG00000162763,ENSMUSG00000037326
ENSG00000166825,ENSMUSG00000028617
ENSG00000176194,ENSMUSG00000020609
ENSG00000137270,ENSMUSG00000026659
ENSG00000177879,ENSMUSG00000096887
ENSG00000265972,ENSMUSG00000001151
ENSG00000112419,ENSMUSG00000020801
ENSG00000118491,ENSMUSG00000043673
ENSG00000116213,ENSMUSG00000034793
ENSG00000154229,ENSMUSG00000094379
ENSG00000161281,ENSMUSG00000096373
ENSG00000092969,ENSMUSG00000002325
ENSG00000107341,ENSMUSG00000071650
ENSG00000079257,ENSMUSG00000049608
ENSG00000079459,ENSMUSG00000046856
ENSG00000177700,ENSMUSG00000025486
ENSG00000288611,ENSMUSG00000063019
ENSG00000100938,ENSMUSG00000020459
ENSG00000119138,ENSMUSG00000054958
ENSG00000156860,ENSMUSG00000037583
ENSG00000100099,ENSMUSG00000041801
ENSG00000174827,ENSMUSG00000022969
ENSG00000184995,ENSMUSG00000025995
ENSG00000095917,ENSMUSG00000032101
ENSG00000104687,ENSMUSG00000000708
ENSG00000206127,ENSMUSG00000056758
ENSG00000164168,ENSMUSG00000033249
ENSG00000168685,ENSMUSG00000003200
ENSG00000125780,ENSMUSG00000027329
ENSG00000155926,ENSMUSG00000000915
ENSG00000172578,ENSMUSG00000026434
ENSG00000197712,ENSMUSG00000024968
ENSG00000203880,ENSMUSG00000044172
ENSG00000184113,ENSMUSG00000006289
ENSG00000140395,ENSMUSG00000033902
ENSG00000166451,ENSMUSG00000020857
ENSG00000168875,ENSMUSG00000025016
ENSG00000077942,ENSMUSG00000058071
ENSG00000159720,ENSMUSG00000060738
ENSG00000011275,ENSMUSG00000050357
ENSG00000163126,ENSMUSG00000094773
ENSG00000198796,ENSMUSG00000022702
ENSG00000179021,ENSMUSG00000008429
ENSG00000095203,ENSMUSG00000042364
ENSG00000165272,ENSMUSG00000042632
ENSG00000164111,ENSMUSG00000032383
ENSG00000180787,ENSMUSG00000020458
ENSG00000144224,ENSMUSG00000031696
ENSG00000205726,ENSMUSG00000047720
ENSG00000198498,ENSMUSG00000023908
ENSG00000074219,ENSMUSG00000035395
ENSG00000154102,ENSMUSG00000020940
ENSG00000242265,ENSMUSG00000017831
ENSG00000135525,ENSMUSG00000025737
ENSG00000240204,ENSMUSG00000001029
ENSG00000286920,ENSMUSG00000079421
ENSG00000236637,ENSMUSG00000036853
ENSG00000223609,ENSMUSG00000027834
ENSG00000170779,ENSMUSG00000030271
ENSG00000121989,ENSMUSG00000001158
ENSG00000169836,ENSMUSG00000005338
ENSG00000108984,ENSMUSG00000000049
ENSG00000236371,ENSMUSG00000095822
ENSG00000178988,ENSMUSG00000020668
ENSG00000111142,ENSMUSG00000031701
ENSG00000214402,ENSMUSG00000071816
ENSG00000136867,ENSMUSG00000031246
ENSG00000135940,ENSMUSG00000035427
ENSG00000130382,ENSMUSG00000095603
ENSG00000107679,ENSMUSG00000060733
ENSG00000204498,ENSMUSG00000038246
ENSG00000187980,ENSMUSG00000095030
ENSG00000120875,ENSMUSG00000015944
ENSG00000136819,ENSMUSG00000038080
ENSG00000122952,ENSMUSG00000047230
ENSG00000175065,ENSMUSG00000049809
ENSG00000129250,ENSMUSG00000046196
ENSG00000143185,ENSMUSG00000061392
ENSG00000153558,ENSMUSG00000015484
ENSG00000162599,ENSMUSG00000050783
ENSG00000168899,ENSMUSG00000022833
ENSG00000166123,ENSMUSG00000003344
ENSG00000132466,ENSMUSG00000036712
ENSG00000020181,ENSMUSG00000050211
ENSG00000187522,ENSMUSG00000041476
ENSG00000165646,ENSMUSG00000053846
ENSG00000107779,ENSMUSG00000024312
ENSG00000213965,ENSMUSG00000058794
ENSG00000104432,ENSMUSG00000070003
ENSG00000142513,ENSMUSG00000094791
ENSG00000168917,ENSMUSG00000050188
ENSG00000136250,ENSMUSG00000043705
ENSG00000124564,ENSMUSG00000090841
ENSG00000187714,ENSMUSG00000019818
ENSG00000142327,ENSMUSG00000046607
ENSG00000100038,ENSMUSG00000094362
ENSG00000103023,ENSMUSG00000028314
ENSG00000135338,ENSMUSG00000090963
ENSG00000071626,ENSMUSG00000048728
ENSG00000249104,ENSMUSG00000060560
ENSG00000108590,ENSMUSG00000029521
ENSG00000170088,ENSMUSG00000004500
ENSG00000102078,ENSMUSG00000030610
ENSG00000154803,ENSMUSG00000024219
ENSG00000266265,ENSMUSG00000022710
ENSG00000137843,ENSMUSG00000058005
ENSG00000133019,ENSMUSG00000028062
ENSG00000172428,ENSMUSG00000005763
ENSG00000196655,ENSMUSG00000054659
ENSG00000106404,ENSMUSG00000022305
ENSG00000169718,ENSMUSG00000026384
ENSG00000197956,ENSMUSG00000073043
ENSG00000241878,ENSMUSG00000059742
ENSG00000138606,ENSMUSG00000036169
ENSG00000185361,ENSMUSG00000047613
ENSG00000178026,ENSMUSG00000041708
ENSG00000154734,ENSMUSG00000055670
ENSG00000175497,ENSMUSG00000002279
ENSG00000108406,ENSMUSG00000076441
ENSG00000149582,ENSMUSG00000026307
ENSG00000184619,ENSMUSG00000041144
ENSG00000106290,ENSMUSG00000053729
ENSG00000082512,ENSMUSG00000094741
ENSG00000163913,ENSMUSG00000053134
ENSG00000128274,ENSMUSG00000044792
ENSG00000165863,ENSMUSG00000057540
ENSG00000135506,ENSMUSG00000057457
ENSG00000204592,ENSMUSG00000007080
ENSG00000161638,ENSMUSG00000027996
ENSG00000129538,ENSMUSG00000055681
ENSG00000135930,ENSMUSG00000025582
ENSG00000170270,ENSMUSG00000027374
ENSG00000175619,ENSMUSG00000013539
ENSG00000184560,ENSMUSG00000060187
ENSG00000081154,ENSMUSG00000024293
ENSG00000249931,ENSMUSG00000024427
ENSG00000187553,ENSMUSG00000020684
ENSG00000213973,ENSMUSG00000058385
ENSG00000163075,ENSMUSG00000028573
ENSG00000009954,ENSMUSG00000045132
ENSG00000134697,ENSMUSG00000022358
ENSG00000122085,ENSMUSG00000061477
ENSG00000188011,ENSMUSG00000022471
ENSG00000172426,ENSMUSG00000035849
ENSG00000182170,ENSMUSG00000049134
ENSG00000179750,ENSMUSG00000026134
ENSG00000111684,ENSMUSG00000035486
ENSG00000218819,ENSMUSG00000039953
ENSG00000136694,ENSMUSG00000022824
ENSG00000185475,ENSMUSG00000090659
ENSG00000206538,ENSMUSG00000061353
ENSG00000146809,ENSMUSG00000019428
ENSG00000138231,ENSMUSG00000022415
ENSG00000198382,ENSMUSG00000051331
ENSG00000074276,ENSMUSG00000007989
ENSG00000158008,ENSMUSG00000057674
ENSG00000115604,ENSMUSG00000000420
ENSG00000108846,ENSMUSG00000066687
ENSG00000023228,ENSMUSG00000060180
ENSG00000187556,ENSMUSG00000043909
ENSG00000175143,ENSMUSG00000068196
ENSG00000177212,ENSMUSG00000070423
ENSG00000162817,ENSMUSG00000037542
ENSG00000188554,ENSMUSG00000029003
ENSG00000143776,ENSMUSG00000094836
ENSG00000130818,ENSMUSG00000002980
ENSG00000157514,ENSMUSG00000002104
ENSG00000151503,ENSMUSG00000072949
ENSG00000145014,ENSMUSG00000038895
ENSG00000171604,ENSMUSG00000060724
ENSG00000148700,ENSMUSG00000050445
ENSG00000197674,ENSMUSG00000059406
ENSG00000259417,ENSMUSG00000095273
ENSG00000133112,ENSMUSG00000020805
ENSG00000152382,ENSMUSG00000028910
ENSG00000137210,ENSMUSG00000038013
ENSG00000183269,ENSMUSG00000041229
ENSG00000198914,ENSMUSG00000094493
ENSG00000105404,ENSMUSG00000039220
ENSG00000100441,ENSMUSG00000044224
ENSG00000163344,ENSMUSG00000022414
ENSG00000214688,ENSMUSG00000040284
ENSG00000010671,ENSMUSG00000042305
ENSG00000274209,ENSMUSG00000028601
ENSG00000164258,ENSMUSG00000053141
ENSG00000163995,ENSMUSG00000073910
ENSG00000106006,ENSMUSG00000000248
ENSG00000137825,ENSMUSG00000045915
ENSG00000133422,ENSMUSG00000021032
ENSG00000173110,ENSMUSG00000022500
ENSG00000243073,ENSMUSG00000031827
ENSG00000204128,ENSMUSG00000063651
ENSG00000179914,ENSMUSG00000062478
ENSG00000169228,ENSMUSG00000101078
ENSG00000088451,ENSMUSG00000034024
ENSG00000149503,ENSMUSG00000043029
ENSG00000124074,ENSMUSG00000031022
ENSG00000104164,ENSMUSG00000068267
ENSG00000102882,ENSMUSG00000030600
ENSG00000148408,ENSMUSG00000095970
ENSG00000140332,ENSMUSG00000096054
ENSG00000213921,ENSMUSG00000078719
ENSG00000287839,ENSMUSG00000034265
ENSG00000225805,ENSMUSG00000048626
ENSG00000166171,ENSMUSG00000094950
ENSG00000196843,ENSMUSG00000001229
ENSG00000139445,ENSMUSG00000040289
ENSG00000267534,ENSMUSG00000062257
ENSG00000135924,ENSMUSG00000024421
ENSG00000129559,ENSMUSG00000038011
ENSG00000144029,ENSMUSG00000039917
ENSG00000181958,ENSMUSG00000028871
ENSG00000124374,ENSMUSG00000025277
ENSG00000174125,ENSMUSG00000004837
ENSG00000105662,ENSMUSG00000020155
ENSG00000183864,ENSMUSG00000021877
ENSG00000217442,ENSMUSG00000036687
ENSG00000178586,ENSMUSG00000084845
ENSG00000115459,ENSMUSG00000025221
ENSG00000198756,ENSMUSG00000005045
ENSG00000109079,ENSMUSG00000058546
ENSG00000178467,ENSMUSG00000030474
ENSG00000163558,ENSMUSG00000033007
ENSG00000081721,ENSMUSG00000091780
ENSG00000131778,ENSMUSG00000029005
ENSG00000249811,ENSMUSG00000032023
ENSG00000128965,ENSMUSG00000030376
ENSG00000141002,ENSMUSG00000035776
ENSG00000104853,ENSMUSG00000004931
ENSG00000102547,ENSMUSG00000029629
ENSG00000106263,ENSMUSG00000100937
ENSG00000272333,ENSMUSG00000042699
ENSG00000204252,ENSMUSG00000069089
ENSG00000158089,ENSMUSG00000071065
ENSG00000167900,ENSMUSG00000070923
ENSG00000284356,ENSMUSG00000035842
ENSG00000106346,ENSMUSG00000055421
ENSG00000178397,ENSMUSG00000005951
ENSG00000255425,ENSMUSG00000078795
ENSG00000100802,ENSMUSG00000028137
ENSG00000135482,ENSMUSG00000012819
ENSG00000135409,ENSMUSG00000027246
ENSG00000164405,ENSMUSG00000061959
ENSG00000117620,ENSMUSG00000032719
ENSG00000204711,ENSMUSG00000060397
ENSG00000166592,ENSMUSG00000018567
ENSG00000145692,ENSMUSG00000050478
ENSG00000240654,ENSMUSG00000026578
ENSG00000110074,ENSMUSG00000023439
ENSG00000118492,ENSMUSG00000071350
ENSG00000277157,ENSMUSG00000034868
ENSG00000162729,ENSMUSG00000064225
ENSG00000127980,ENSMUSG00000019373
ENSG00000131738,ENSMUSG00000035177
ENSG00000033800,ENSMUSG00000061100
ENSG00000111218,ENSMUSG00000038502
ENSG00000187796,ENSMUSG00000020846
ENSG00000136895,ENSMUSG00000060459
ENSG00000183960,ENSMUSG00000082815
ENSG00000231924,ENSMUSG00000030530
ENSG00000197747,ENSMUSG00000043308
ENSG00000183434,ENSMUSG00000073573
ENSG00000143157,ENSMUSG00000025366
ENSG00000136997,ENSMUSG00000059956
ENSG00000130255,ENSMUSG00000020737
ENSG00000103005,ENSMUSG00000075595
ENSG00000102243,ENSMUSG00000029844
ENSG00000179314,ENSMUSG00000079428
ENSG00000110427,ENSMUSG00000096732
ENSG00000198417,ENSMUSG00000092166
ENSG00000172154,ENSMUSG00000070594
ENSG00000170236,ENSMUSG00000030257
ENSG00000174456,ENSMUSG00000020627
ENSG00000196867,ENSMUSG00000040605
ENSG00000149554,ENSMUSG00000028687
ENSG00000149091,ENSMUSG00000098773
ENSG00000151498,ENSMUSG00000049504
ENSG00000124275,ENSMUSG00000042489
ENSG00000105472,ENSMUSG00000092060
ENSG00000148498,ENSMUSG00000027194
ENSG00000007202,ENSMUSG00000059273
ENSG00000163788,ENSMUSG00000041297
ENSG00000187268,ENSMUSG00000095872
ENSG00000145555,ENSMUSG00000040663
ENSG00000167208,ENSMUSG00000092456
ENSG00000187193,ENSMUSG00000053877
ENSG00000163072,ENSMUSG00000048222
ENSG00000104679,ENSMUSG00000091585
ENSG00000178075,ENSMUSG00000022610
ENSG00000137080,ENSMUSG00000033669
ENSG00000100225,ENSMUSG00000022685
ENSG00000125975,ENSMUSG00000035513
ENSG00000110841,ENSMUSG00000037636
ENSG00000086991,ENSMUSG00000034777
ENSG00000186496,ENSMUSG00000026516
ENSG00000182379,ENSMUSG00000047989
ENSG00000140009,ENSMUSG00000002825
ENSG00000134759,ENSMUSG00000028188
ENSG00000177243,ENSMUSG00000014294
ENSG00000071243,ENSMUSG00000044340
ENSG00000138768,ENSMUSG00000027001
ENSG00000108375,ENSMUSG00000068240
ENSG00000185100,ENSMUSG00000038204
ENSG00000170279,ENSMUSG00000095576
ENSG00000164746,ENSMUSG00000073568
ENSG00000081870,ENSMUSG00000068232
ENSG00000109572,ENSMUSG00000044286
ENSG00000165966,ENSMUSG00000058975
ENSG00000181004,ENSMUSG00000092225
ENSG00000139146,ENSMUSG00000009076
ENSG00000150722,ENSMUSG00000053161
ENSG00000227057,ENSMUSG00000026398
ENSG00000151790,ENSMUSG00000054027
ENSG00000182885,ENSMUSG00000034987
ENSG00000141378,ENSMUSG00000038023
ENSG00000100625,ENSMUSG00000030322
ENSG00000141748,ENSMUSG00000082639
ENSG00000130829,ENSMUSG00000020950
ENSG00000169855,ENSMUSG00000070378
ENSG00000110881,ENSMUSG00000091694
ENSG00000156650,ENSMUSG00000030653
ENSG00000203772,ENSMUSG00000040601
ENSG00000039068,ENSMUSG00000029063
ENSG00000198816,ENSMUSG00000026124
ENSG00000203780,ENSMUSG00000037664
ENSG00000185721,ENSMUSG00000057424
ENSG00000129596,ENSMUSG00000045267
ENSG00000024862,ENSMUSG00000047757
ENSG00000173826,ENSMUSG00000032462
ENSG00000185245,ENSMUSG00000070417
ENSG00000133812,ENSMUSG00000109022
ENSG00000224578,ENSMUSG00000075045
ENSG00000115091,ENSMUSG00000063320
ENSG00000274211,ENSMUSG00000042279
ENSG00000106348,ENSMUSG00000000223
ENSG00000169684,ENSMUSG00000063796
ENSG00000284188,ENSMUSG00000057417
ENSG00000011347,ENSMUSG00000040875
ENSG00000175550,ENSMUSG00000096773
ENSG00000018869,ENSMUSG00000031425
ENSG00000163155,ENSMUSG00000049037
ENSG00000148843,ENSMUSG00000096695
ENSG00000116285,ENSMUSG00000042043
ENSG00000143257,ENSMUSG00000037962
ENSG00000101489,ENSMUSG00000021096
ENSG00000132849,ENSMUSG00000033107
ENSG00000219435,ENSMUSG00000059040
ENSG00000185960,ENSMUSG00000036898
ENSG00000161021,ENSMUSG00000010110
ENSG00000162994,ENSMUSG00000030732
ENSG00000188996,ENSMUSG00000047514
ENSG00000090863,ENSMUSG00000021884
ENSG00000108671,ENSMUSG00000029439
ENSG00000215009,ENSMUSG00000035713
ENSG00000168748,ENSMUSG00000057497
ENSG00000181656,ENSMUSG00000070617
ENSG00000069696,ENSMUSG00000051455
ENSG00000165699,ENSMUSG00000026159
ENSG00000215131,ENSMUSG00000075126
ENSG00000140022,ENSMUSG00000078903
ENSG00000186432,ENSMUSG00000024423
ENSG00000071539,ENSMUSG00000026443
ENSG00000241839,ENSMUSG00000038015
ENSG00000169764,ENSMUSG00000003070
ENSG00000169660,ENSMUSG00000031382
ENSG00000236279,ENSMUSG00000031659
ENSG00000070444,ENSMUSG00000095475
ENSG00000077232,ENSMUSG00000052087
ENSG00000147231,ENSMUSG00000025786
ENSG00000078549,ENSMUSG00000057863
ENSG00000146360,ENSMUSG00000024713
ENSG00000152422,ENSMUSG00000029716
ENSG00000160349,ENSMUSG00000095593
ENSG00000141933,ENSMUSG00000024795
ENSG00000244482,ENSMUSG00000048747
ENSG00000215217,ENSMUSG00000043505
ENSG00000249158,ENSMUSG00000090083
ENSG00000182903,ENSMUSG00000034645
ENSG00000236446,ENSMUSG00000030016
ENSG00000111554,ENSMUSG00000070841
ENSG00000014641,ENSMUSG00000028247
ENSG00000197548,ENSMUSG00000094672
ENSG00000115665,ENSMUSG00000022180
ENSG00000124942,ENSMUSG00000021336
ENSG00000111886,ENSMUSG00000004637
ENSG00000147613,ENSMUSG00000090077
ENSG00000253305,ENSMUSG00000023274
ENSG00000110786,ENSMUSG00000068218
ENSG00000176171,ENSMUSG00000040158
ENSG00000111863,ENSMUSG00000037887
ENSG00000082175,ENSMUSG00000096867
ENSG00000112983,ENSMUSG00000095546
ENSG00000110025,ENSMUSG00000028955
ENSG00000132570,ENSMUSG00000020437
ENSG00000116128,ENSMUSG00000087364
ENSG00000008083,ENSMUSG00000038618
ENSG00000164451,ENSMUSG00000003824
ENSG00000176678,ENSMUSG00000043091
ENSG00000174891,ENSMUSG00000039158
ENSG00000188352,ENSMUSG00000005973
ENSG00000221887,ENSMUSG00000035530
ENSG00000051128,ENSMUSG00000082226
ENSG00000105492,ENSMUSG00000036322
ENSG00000181016,ENSMUSG00000106715
ENSG00000102554,ENSMUSG00000024594
ENSG00000156886,ENSMUSG00000029231
ENSG00000180974,ENSMUSG00000043549
ENSG00000196083,ENSMUSG00000028608
ENSG00000120314,ENSMUSG00000035158
ENSG00000177519,ENSMUSG00000058756
ENSG00000163617,ENSMUSG00000079423
ENSG00000176928,ENSMUSG00000068959
ENSG00000183963,ENSMUSG00000038128
ENSG00000154764,ENSMUSG00000026288
ENSG00000131044,ENSMUSG00000017774
ENSG00000161677,ENSMUSG00000001366
ENSG00000139433,ENSMUSG00000021266
ENSG00000064012,ENSMUSG00000035614
ENSG00000166833,ENSMUSG00000000555
ENSG00000138722,ENSMUSG00000027562
ENSG00000267221,ENSMUSG00000025217
ENSG00000073754,ENSMUSG00000049878
ENSG00000109511,ENSMUSG00000026387
ENSG00000100302,ENSMUSG00000078495
ENSG00000156959,ENSMUSG00000037572
ENSG00000149527,ENSMUSG00000104267
ENSG00000166024,ENSMUSG00000022178
ENSG00000206181,ENSMUSG00000051985
ENSG00000134954,ENSMUSG00000089984
ENSG00000283755,ENSMUSG00000027669
ENSG00000277639,ENSMUSG00000019842
ENSG00000064199,ENSMUSG00000017195
ENSG00000174015,ENSMUSG00000104824
ENSG00000126216,ENSMUSG00000074454
ENSG00000147403,ENSMUSG00000017922
ENSG00000108515,ENSMUSG00000000544
ENSG00000154727,ENSMUSG00000024897
ENSG00000186462,ENSMUSG00000011382
ENSG00000203896,ENSMUSG00000046027
ENSG00000127080,ENSMUSG00000031074
ENSG00000183474,ENSMUSG00000030967
ENSG00000117362,ENSMUSG00000063394
ENSG00000197841,ENSMUSG00000026439
ENSG00000169727,ENSMUSG00000015889
ENSG00000136444,ENSMUSG00000050102
ENSG00000178934,ENSMUSG00000054146
ENSG00000167941,ENSMUSG00000094577
ENSG00000198754,ENSMUSG00000066101
ENSG00000166246,ENSMUSG00000029158
ENSG00000138771,ENSMUSG00000044248
ENSG00000132622,ENSMUSG00000021879
ENSG00000163888,ENSMUSG00000078783
ENSG00000178947,ENSMUSG00000023978
ENSG00000137440,ENSMUSG00000079442
ENSG00000087157,ENSMUSG00000095595
ENSG00000131620,ENSMUSG00000108398
ENSG00000138698,ENSMUSG00000030761
ENSG00000203909,ENSMUSG00000013155
ENSG00000165698,ENSMUSG00000026827
ENSG00000124196,ENSMUSG00000000532
ENSG00000133818,ENSMUSG00000001943
ENSG00000150750,ENSMUSG00000030493
ENSG00000102409,ENSMUSG00000056752
ENSG00000013441,ENSMUSG00000030403
ENSG00000244476,ENSMUSG00000044477
ENSG00000177830,ENSMUSG00000024406
ENSG00000263002,ENSMUSG00000074812
ENSG00000007255,ENSMUSG00000023903
ENSG00000257594,ENSMUSG00000033177
ENSG00000162496,ENSMUSG00000042284
ENSG00000127129,ENSMUSG00000024803
ENSG00000174442,ENSMUSG00000096446
ENSG00000106462,ENSMUSG00000029033
ENSG00000100427,ENSMUSG00000066798
ENSG00000175701,ENSMUSG00000039577
ENSG00000197891,ENSMUSG00000021791
ENSG00000175591,ENSMUSG00000059473
ENSG00000030582,ENSMUSG00000028756
ENSG00000171798,ENSMUSG00000025726
ENSG00000188687,ENSMUSG00000042655
ENSG00000206069,ENSMUSG00000026896
ENSG00000110931,ENSMUSG00000030029
ENSG00000129009,ENSMUSG00000044164
ENSG00000151365,ENSMUSG00000006435
ENSG00000186812,ENSMUSG00000049807
ENSG00000128928,ENSMUSG00000062444
ENSG00000188811,ENSMUSG00000021492
ENSG00000017483,ENSMUSG00000031995
ENSG00000143554,ENSMUSG00000074996
ENSG00000117010,ENSMUSG00000067941
ENSG00000145736,ENSMUSG00000101918
ENSG00000112877,ENSMUSG00000037451
ENSG00000175040,ENSMUSG00000010830
ENSG00000243477,ENSMUSG00000039963
ENSG00000123130,ENSMUSG00000007872
ENSG00000100604,ENSMUSG00000058665
ENSG00000133574,ENSMUSG00000027454
ENSG00000155816,ENSMUSG00000030022
ENSG00000102738,ENSMUSG00000026051
ENSG00000122140,ENSMUSG00000017400
ENSG00000198885,ENSMUSG00000002289
ENSG00000166707,ENSMUSG00000025889
ENSG00000151881,ENSMUSG00000055748
ENSG00000145911,ENSMUSG00000020023
ENSG00000226430,ENSMUSG00000029406
ENSG00000101203,ENSMUSG00000013418
ENSG00000136826,ENSMUSG00000078307
ENSG00000166716,ENSMUSG00000021278
ENSG00000168246,ENSMUSG00000071669
ENSG00000138336,ENSMUSG00000025774
ENSG00000144488,ENSMUSG00000038375
ENSG00000118777,ENSMUSG00000030838
ENSG00000131507,ENSMUSG00000037134
ENSG00000168778,ENSMUSG00000031133
ENSG00000185238,ENSMUSG00000044222
ENSG00000156738,ENSMUSG00000035431
ENSG00000100813,ENSMUSG00000028174
ENSG00000204740,ENSMUSG00000031796
ENSG00000125910,ENSMUSG00000000149
ENSG00000101079,ENSMUSG00000046351
ENSG00000038002,ENSMUSG00000035572
ENSG00000101391,ENSMUSG00000024947
ENSG00000165209,ENSMUSG00000073811
ENSG00000136541,ENSMUSG00000070550
ENSG00000159958,ENSMUSG00000078578
ENSG00000134588,ENSMUSG00000050663
ENSG00000256029,ENSMUSG00000024912
ENSG00000166948,ENSMUSG00000026723
ENSG00000232112,ENSMUSG00000074720
ENSG00000136141,ENSMUSG00000032400
ENSG00000259120,ENSMUSG00000054808
ENSG00000178927,ENSMUSG00000030979
ENSG00000139549,ENSMUSG00000021972
ENSG00000132122,ENSMUSG00000101031
ENSG00000160991,ENSMUSG00000029290
ENSG00000187010,ENSMUSG00000069727
ENSG00000108826,ENSMUSG00000100950
ENSG00000016402,ENSMUSG00000048015
ENSG00000061676,ENSMUSG00000020864
ENSG00000144852,ENSMUSG00000033739
ENSG00000119725,ENSMUSG00000078868
ENSG00000103150,ENSMUSG00000040359
ENSG00000168994,ENSMUSG00000096351
ENSG00000183066,ENSMUSG00000023723
ENSG00000185009,ENSMUSG00000020130
ENSG00000088826,ENSMUSG00000062952
ENSG00000241058,ENSMUSG00000023915
ENSG00000137760,ENSMUSG00000030987
ENSG00000188816,ENSMUSG00000052298
ENSG00000134343,ENSMUSG00000079636
ENSG00000231396,ENSMUSG00000035566
ENSG00000112514,ENSMUSG00000020628
ENSG00000177483,ENSMUSG00000022364
ENSG00000163898,ENSMUSG00000004655
ENSG00000156265,ENSMUSG00000033730
ENSG00000123570,ENSMUSG00000034201
ENSG00000064652,ENSMUSG00000019146
ENSG00000111361,ENSMUSG00000020884
ENSG00000116649,ENSMUSG00000053178
ENSG00000131019,ENSMUSG00000095358
ENSG00000165997,ENSMUSG00000047246
ENSG00000011638,ENSMUSG00000052981
ENSG00000145569,ENSMUSG00000032712
ENSG00000176463,ENSMUSG00000026078
ENSG00000174231,ENSMUSG00000095979
ENSG00000234444,ENSMUSG00000019987
ENSG00000163235,ENSMUSG00000095706
ENSG00000212725,ENSMUSG00000001023
ENSG00000130173,ENSMUSG00000029127
ENSG00000146039,ENSMUSG00000079627
ENSG00000150281,ENSMUSG00000062737
ENSG00000145526,ENSMUSG00000049699
ENSG00000227152,ENSMUSG00000026432
ENSG00000183605,ENSMUSG00000094649
ENSG00000170745,ENSMUSG00000027993
ENSG00000165626,ENSMUSG00000038506
ENSG00000179604,ENSMUSG00000031631
ENSG00000243678,ENSMUSG00000094305
ENSG00000126822,ENSMUSG00000030994
ENSG00000113966,ENSMUSG00000027852
ENSG00000168671,ENSMUSG00000030691
ENSG00000188120,ENSMUSG00000026644
ENSG00000135451,ENSMUSG00000058396
ENSG00000168116,ENSMUSG00000044576
ENSG00000185774,ENSMUSG00000029640
ENSG00000056558,ENSMUSG00000020642
ENSG00000171132,ENSMUSG00000074569
ENSG00000197121,ENSMUSG00000034892
ENSG00000205517,ENSMUSG00000024233
ENSG00000227551,ENSMUSG00000096035
ENSG00000175920,ENSMUSG00000040907
ENSG00000177854,ENSMUSG00000058820
ENSG00000185304,ENSMUSG00000051065
ENSG00000165606,ENSMUSG00000034353
ENSG00000066027,ENSMUSG00000109376
ENSG00000092094,ENSMUSG00000042851
ENSG00000102195,ENSMUSG00000039427
ENSG00000072803,ENSMUSG00000091700
ENSG00000243566,ENSMUSG00000073730
ENSG00000170606,ENSMUSG00000031511
ENSG00000116406,ENSMUSG00000035529
ENSG00000163520,ENSMUSG00000027720
ENSG00000184677,ENSMUSG00000030350
ENSG00000185864,ENSMUSG00000037996
ENSG00000163283,ENSMUSG00000028539
ENSG00000161642,ENSMUSG00000025577
ENSG00000105426,ENSMUSG00000031458
ENSG00000069122,ENSMUSG00000064177
ENSG00000154162,ENSMUSG00000001281
ENSG00000070831,ENSMUSG00000044505
ENSG00000138650,ENSMUSG00000021578
ENSG00000137776,ENSMUSG00000002831
ENSG00000172000,ENSMUSG00000023008
ENSG00000260691,ENSMUSG00000020241
ENSG00000109738,ENSMUSG00000042182
ENSG00000134323,ENSMUSG00000004040
ENSG00000203805,ENSMUSG00000029648
ENSG00000229544,ENSMUSG00000038383
ENSG00000134326,ENSMUSG00000027456
ENSG00000180011,ENSMUSG00000108919
ENSG00000104613,ENSMUSG00000037826
ENSG00000164236,ENSMUSG00000091511
ENSG00000133872,ENSMUSG00000005251
ENSG00000205755,ENSMUSG00000033294
ENSG00000011600,ENSMUSG00000022400
ENSG00000184787,ENSMUSG00000042558
ENSG00000124181,ENSMUSG00000033458
ENSG00000102886,ENSMUSG00000068083
ENSG00000085465,ENSMUSG00000028833
ENSG00000176020,ENSMUSG00000019820
ENSG00000181192,ENSMUSG00000099083
ENSG00000243137,ENSMUSG00000020701
ENSG00000005194,ENSMUSG00000038181
ENSG00000134461,ENSMUSG00000024978
ENSG00000258366,ENSMUSG00000031403
ENSG00000176160,ENSMUSG00000071103
ENSG00000197496,ENSMUSG00000090714
ENSG00000060718,ENSMUSG00000020116
ENSG00000188157,ENSMUSG00000040016
ENSG00000175806,ENSMUSG00000028803
ENSG00000268916,ENSMUSG00000074817
ENSG00000167291,ENSMUSG00000029185
ENSG00000184216,ENSMUSG00000029587
ENSG00000179142,ENSMUSG00000016510
ENSG00000131473,ENSMUSG00000032198
ENSG00000089060,ENSMUSG00000072625
ENSG00000147257,ENSMUSG00000061751
ENSG00000122012,ENSMUSG00000049493
ENSG00000216490,ENSMUSG00000020775
ENSG00000105518,ENSMUSG00000003721
ENSG00000215174,ENSMUSG00000033208
ENSG00000169962,ENSMUSG00000021057
ENSG00000183793,ENSMUSG00000098207
ENSG00000069812,ENSMUSG00000014498
ENSG00000120738,ENSMUSG00000072214
ENSG00000140459,ENSMUSG00000032409
ENSG00000221836,ENSMUSG00000037533
ENSG00000165905,ENSMUSG00000021870
ENSG00000255974,ENSMUSG00000070426
ENSG00000111879,ENSMUSG00000000215
ENSG00000163749,ENSMUSG00000021575
ENSG00000109736,ENSMUSG00000075148
ENSG00000172538,ENSMUSG00000053219
ENSG00000286038,ENSMUSG00000023132
ENSG00000100311,ENSMUSG00000091175
ENSG00000197976,ENSMUSG00000027496
ENSG00000075131,ENSMUSG00000074871
ENSG00000178602,ENSMUSG00000049176
ENSG00000183734,ENSMUSG00000041731
ENSG00000151611,ENSMUSG00000072623
ENSG00000113328,ENSMUSG00000041468
ENSG00000160791,ENSMUSG00000056148
ENSG00000122574,ENSMUSG00000031143
ENSG00000175792,ENSMUSG00000038072
ENSG00000154319,ENSMUSG00000035385
ENSG00000205981,ENSMUSG00000064138
ENSG00000216588,ENSMUSG00000023348
ENSG00000130414,ENSMUSG00000000399
ENSG00000124788,ENSMUSG00000029072
ENSG00000064115,ENSMUSG00000055235
ENSG00000138207,ENSMUSG00000032468
ENSG00000185261,ENSMUSG00000026203
ENSG00000114656,ENSMUSG00000032900
ENSG00000118094,ENSMUSG00000045103
ENSG00000119946,ENSMUSG00000017311
ENSG00000104980,ENSMUSG00000040372
ENSG00000283526,ENSMUSG00000025538
ENSG00000174243,ENSMUSG00000045515
ENSG00000277632,ENSMUSG00000003053
ENSG00000171823,ENSMUSG00000094651
ENSG00000174808,ENSMUSG00000036053
ENSG00000188396,ENSMUSG00000025468
ENSG00000141485,ENSMUSG00000042532
ENSG00000080546,ENSMUSG00000037979
ENSG00000139192,ENSMUSG00000028702
ENSG00000139572,ENSMUSG00000055866
ENSG00000132694,ENSMUSG00000021495
ENSG00000184313,ENSMUSG00000095672
ENSG00000171943,ENSMUSG00000034829
ENSG00000004766,ENSMUSG00000029427
ENSG00000131242,ENSMUSG00000025993
ENSG00000220201,ENSMUSG00000030652
ENSG00000163872,ENSMUSG00000068246
ENSG00000179593,ENSMUSG00000067889
ENSG00000173442,ENSMUSG00000054099
ENSG00000165076,ENSMUSG00000025239
ENSG00000169327,ENSMUSG00000040703
ENSG00000178904,ENSMUSG00000070637
ENSG00000107331,ENSMUSG00000074361
ENSG00000106341,ENSMUSG00000028763
ENSG00000139579,ENSMUSG00000024480
ENSG00000140835,ENSMUSG00000045502
ENSG00000131323,ENSMUSG00000059842
ENSG00000114120,ENSMUSG00000054387
ENSG00000172500,ENSMUSG00000022185
ENSG00000110076,ENSMUSG00000022613
ENSG00000198938,ENSMUSG00000060923
ENSG00000146263,ENSMUSG00000020286
ENSG00000101265,ENSMUSG00000021679
ENSG00000038945,ENSMUSG00000031904
ENSG00000103044,ENSMUSG00000046688
ENSG00000164175,ENSMUSG00000024411
ENSG00000165006,ENSMUSG00000020267
ENSG00000171858,ENSMUSG00000037157
ENSG00000136732,ENSMUSG00000095975
ENSG00000089486,ENSMUSG00000039148
ENSG00000145632,ENSMUSG00000008035
ENSG00000148943,ENSMUSG00000061845
ENSG00000109158,ENSMUSG00000030538
ENSG00000018510,ENSMUSG00000062937
ENSG00000136754,ENSMUSG00000024537
ENSG00000158560,ENSMUSG00000054967
ENSG00000185758,ENSMUSG00000003484
ENSG00000156885,ENSMUSG00000095650
ENSG00000103021,ENSMUSG00000039804
ENSG00000095209,ENSMUSG00000049550
ENSG00000165695,ENSMUSG00000001138
ENSG00000145029,ENSMUSG00000067909
ENSG00000164163,ENSMUSG00000043485
ENSG00000141194,ENSMUSG00000064158
ENSG00000147316,ENSMUSG00000041859
ENSG00000198865,ENSMUSG00000048994
ENSG00000153485,ENSMUSG00000027508
ENSG00000111962,ENSMUSG00000028132
ENSG00000286224,ENSMUSG00000003068
ENSG00000002016,ENSMUSG00000000103
ENSG00000059377,ENSMUSG00000075419
ENSG00000184956,ENSMUSG00000020475
ENSG00000176105,ENSMUSG00000099518
ENSG00000184515,ENSMUSG00000040688
ENSG00000224089,ENSMUSG00000099840
ENSG00000107140,ENSMUSG00000072259
ENSG00000108298,ENSMUSG00000062204
ENSG00000124227,ENSMUSG00000040726
ENSG00000079277,ENSMUSG00000027832
ENSG00000256269,ENSMUSG00000006423
ENSG00000132334,ENSMUSG00000042499
ENSG00000148297,ENSMUSG00000033213
ENSG00000169612,ENSMUSG00000030365
ENSG00000110321,ENSMUSG00000048469
ENSG00000189077,ENSMUSG00000049093
ENSG00000012211,ENSMUSG00000002524
ENSG00000133067,ENSMUSG00000044807
ENSG00000108468,ENSMUSG00000045378
ENSG00000160714,ENSMUSG00000040387
ENSG00000136943,ENSMUSG00000048371
ENSG00000126549,ENSMUSG00000031870
ENSG00000138604,ENSMUSG00000037217
ENSG00000198908,ENSMUSG00000037738
ENSG00000125733,ENSMUSG00000093674
ENSG00000133657,ENSMUSG00000024276
ENSG00000179841,ENSMUSG00000017288
ENSG00000114859,ENSMUSG00000067931
ENSG00000146109,ENSMUSG00000036565
ENSG00000166938,ENSMUSG00000055010
ENSG00000269743,ENSMUSG00000027971
ENSG00000119638,ENSMUSG00000068219
ENSG00000162836,ENSMUSG00000021640
ENSG00000180938,ENSMUSG00000026349
ENSG00000230601,ENSMUSG00000068947
ENSG00000156384,ENSMUSG00000049583
ENSG00000131378,ENSMUSG00000017264
ENSG00000237621,ENSMUSG00000028480
ENSG00000135697,ENSMUSG00000028409
ENSG00000138434,ENSMUSG00000050343
ENSG00000159199,ENSMUSG00000035606
ENSG00000275111,ENSMUSG00000021103
ENSG00000156413,ENSMUSG00000103906
ENSG00000102796,ENSMUSG00000036521
ENSG00000115526,ENSMUSG00000085139
ENSG00000029993,ENSMUSG00000024896
ENSG00000018625,ENSMUSG00000093942
ENSG00000184661,ENSMUSG00000050963
ENSG00000163754,ENSMUSG00000062873
ENSG00000106927,ENSMUSG00000048337
ENSG00000100784,ENSMUSG00000022091
ENSG00000221910,ENSMUSG00000027364
ENSG00000179709,ENSMUSG00000040260
ENSG00000167378,ENSMUSG00000033368
ENSG00000136750,ENSMUSG00000067873
ENSG00000100522,ENSMUSG00000075072
ENSG00000100429,ENSMUSG00000039286
ENSG00000198185,ENSMUSG00000090121
ENSG00000142751,ENSMUSG00000074340
ENSG00000153201,ENSMUSG00000024256
ENSG00000165527,ENSMUSG00000003134
ENSG00000185658,ENSMUSG00000095148
ENSG00000116604,ENSMUSG00000029669
ENSG00000196993,ENSMUSG00000022614
ENSG00000142675,ENSMUSG00000078639
ENSG00000130956,ENSMUSG00000039756
ENSG00000162040,ENSMUSG00000008892
ENSG00000111199,ENSMUSG00000098112
ENSG00000178498,ENSMUSG00000062278
ENSG00000165621,ENSMUSG00000041977
ENSG00000150990,ENSMUSG00000058740
ENSG00000127530,ENSMUSG00000040767
ENSG00000077092,ENSMUSG00000009863
ENSG00000213719,ENSMUSG00000013643
ENSG00000146386,ENSMUSG00000001128
ENSG00000103160,ENSMUSG00000074102
ENSG00000129195,ENSMUSG00000048905
ENSG00000213593,ENSMUSG00000006599
ENSG00000177932,ENSMUSG00000028233
ENSG00000074181,ENSMUSG00000041117
ENSG00000251655,ENSMUSG00000017639
ENSG00000171049,ENSMUSG00000070368
ENSG00000174606,ENSMUSG00000008028
ENSG00000128311,ENSMUSG00000023939
ENSG00000186431,ENSMUSG00000043311
ENSG00000153944,ENSMUSG00000047557
ENSG00000177558,ENSMUSG00000029859
ENSG00000128710,ENSMUSG00000040086
ENSG00000205639,ENSMUSG00000109219
ENSG00000105991,ENSMUSG00000022323
ENSG00000117505,ENSMUSG00000045031
ENSG00000169129,ENSMUSG00000004285
ENSG00000205277,ENSMUSG00000027746
ENSG00000197889,ENSMUSG00000054162
ENSG00000167394,ENSMUSG00000086228
ENSG00000011523,ENSMUSG00000093803
ENSG00000183317,ENSMUSG00000094084
ENSG00000215018,ENSMUSG00000031392
ENSG00000187690,ENSMUSG00000035559
ENSG00000189058,ENSMUSG00000020000
ENSG00000105723,ENSMUSG00000103409
ENSG00000180720,ENSMUSG00000045699
ENSG00000174705,ENSMUSG00000005802
ENSG00000168140,ENSMUSG00000055553
ENSG00000133216,ENSMUSG00000035078
ENSG00000162687,ENSMUSG00000039542
ENSG00000108256,ENSMUSG00000090634
ENSG00000176358,ENSMUSG00000070498
ENSG00000135437,ENSMUSG00000036896
ENSG00000138614,ENSMUSG00000070719
ENSG00000118137,ENSMUSG00000059278
ENSG00000102452,ENSMUSG00000063447
ENSG00000155749,ENSMUSG00000032322
ENSG00000163636,ENSMUSG00000026147
ENSG00000175899,ENSMUSG00000027716
ENSG00000112763,ENSMUSG00000027186
ENSG00000239789,ENSMUSG00000047225
ENSG00000006128,ENSMUSG00000068697
ENSG00000169136,ENSMUSG00000100626
ENSG00000115267,ENSMUSG00000056004
ENSG00000243232,ENSMUSG00000057230
ENSG00000111058,ENSMUSG00000031840
ENSG00000233822,ENSMUSG00000048206
ENSG00000197302,ENSMUSG00000075185
ENSG00000144791,ENSMUSG00000028552
ENSG00000174373,ENSMUSG00000029710
ENSG00000102743,ENSMUSG00000038022
ENSG00000027697,ENSMUSG00000078994
ENSG00000102290,ENSMUSG00000021962
ENSG00000196689,ENSMUSG00000070980
ENSG00000103811,ENSMUSG00000024784
ENSG00000180834,ENSMUSG00000070798
ENSG00000167384,ENSMUSG00000028521
ENSG00000021762,ENSMUSG00000020275
ENSG00000203546,ENSMUSG00000021294
ENSG00000120539,ENSMUSG00000042350
ENSG00000221869,ENSMUSG00000090066
ENSG00000171298,ENSMUSG00000033618
ENSG00000124466,ENSMUSG00000026456
ENSG00000185269,ENSMUSG00000022582
ENSG00000137310,ENSMUSG00000059106
ENSG00000113448,ENSMUSG00000032590
ENSG00000182938,ENSMUSG00000023206
ENSG00000110700,ENSMUSG00000000531
ENSG00000102606,ENSMUSG00000093973
ENSG00000121057,ENSMUSG00000039878
ENSG00000257987,ENSMUSG00000091101
ENSG00000172534,ENSMUSG00000072501
ENSG00000162391,ENSMUSG00000019883
ENSG00000009950,ENSMUSG00000082754
ENSG00000136875,ENSMUSG00000026393
ENSG00000046651,ENSMUSG00000053470
ENSG00000187997,ENSMUSG00000052160
ENSG00000166189,ENSMUSG00000052302
ENSG00000174130,ENSMUSG00000033186
ENSG00000139697,ENSMUSG00000030850
ENSG00000156968,ENSMUSG00000024730
ENSG00000226314,ENSMUSG00000036634
ENSG00000154222,ENSMUSG00000001333
ENSG00000169174,ENSMUSG00000075470
ENSG00000226763,ENSMUSG00000036046
ENSG00000164363,ENSMUSG00000061540
ENSG00000167523,ENSMUSG00000034785
ENSG00000145675,ENSMUSG00000027481
ENSG00000157483,ENSMUSG00000035539
ENSG00000205307,ENSMUSG00000002814
ENSG00000118156,ENSMUSG00000026893
ENSG00000163795,ENSMUSG00000067649
ENSG00000101349,ENSMUSG00000035561
ENSG00000256053,ENSMUSG00000095024
ENSG00000143147,ENSMUSG00000020213
ENSG00000112996,ENSMUSG00000022615
ENSG00000134389,ENSMUSG00000025940
ENSG00000115423,ENSMUSG00000022757
ENSG00000189023,ENSMUSG00000032058
ENSG00000187033,ENSMUSG00000090877
ENSG00000226124,ENSMUSG00000046924
ENSG00000181786,ENSMUSG00000028149
ENSG00000077063,ENSMUSG00000036139
ENSG00000130347,ENSMUSG00000078945
ENSG00000125354,ENSMUSG00000040125
ENSG00000161671,ENSMUSG00000020357
ENSG00000117360,ENSMUSG00000062783
ENSG00000163877,ENSMUSG00000021703
ENSG00000116138,ENSMUSG00000022636
ENSG00000013374,ENSMUSG00000071415
ENSG00000124749,ENSMUSG00000033735
ENSG00000105261,ENSMUSG00000050772
ENSG00000120094,ENSMUSG00000050366
ENSG00000102531,ENSMUSG00000030786
ENSG00000235718,ENSMUSG00000063221
ENSG00000154611,ENSMUSG00000040666
ENSG00000164164,ENSMUSG00000026977
ENSG00000144566,ENSMUSG00000022244
ENSG00000196408,ENSMUSG00000060568
ENSG00000197323,ENSMUSG00000094715
ENSG00000135638,ENSMUSG00000059479
ENSG00000235268,ENSMUSG00000091811
ENSG00000138134,ENSMUSG00000015133
ENSG00000236032,ENSMUSG00000037130
ENSG00000167895,ENSMUSG00000009075
ENSG00000258817,ENSMUSG00000059639
ENSG00000205279,ENSMUSG00000042671
ENSG00000187260,ENSMUSG00000037773
ENSG00000155366,ENSMUSG00000009406
ENSG00000160075,ENSMUSG00000068086
ENSG00000215218,ENSMUSG00000017723
ENSG00000069535,ENSMUSG00000025532
ENSG00000151148,ENSMUSG00000035067
ENSG00000107404,ENSMUSG00000042873
ENSG00000188649,ENSMUSG00000038982
ENSG00000145920,ENSMUSG00000046179
ENSG00000227059,ENSMUSG00000030315
ENSG00000212933,ENSMUSG00000071015
ENSG00000157322,ENSMUSG00000028949
ENSG00000115825,ENSMUSG00000010760
ENSG00000171055,ENSMUSG00000027018
ENSG00000051108,ENSMUSG00000044709
ENSG00000069943,ENSMUSG00000001655
ENSG00000115657,ENSMUSG00000020866
ENSG00000119335,ENSMUSG00000030263
ENSG00000232268,ENSMUSG00000091827
ENSG00000181222,ENSMUSG00000031156
ENSG00000078177,ENSMUSG00000072754
ENSG00000072062,ENSMUSG00000035329
ENSG00000140025,ENSMUSG00000072249
ENSG00000154945,ENSMUSG00000019370
ENSG00000131381,ENSMUSG00000020064
ENSG00000132646,ENSMUSG00000020089
ENSG00000180901,ENSMUSG00000032959
ENSG00000168811,ENSMUSG00000036334
ENSG00000132911,ENSMUSG00000030704
ENSG00000163491,ENSMUSG00000045322
ENSG00000135698,ENSMUSG00000026768
ENSG00000116685,ENSMUSG00000014177
ENSG00000165512,ENSMUSG00000020048
ENSG00000175643,ENSMUSG00000025478
ENSG00000088832,ENSMUSG00000035476
ENSG00000244274,ENSMUSG00000034911
ENSG00000213676,ENSMUSG00000030909
ENSG00000076706,ENSMUSG00000032384
ENSG00000182752,ENSMUSG00000042340
ENSG00000164588,ENSMUSG00000022623
ENSG00000134259,ENSMUSG00000060904
ENSG00000185920,ENSMUSG00000049744
ENSG00000152611,ENSMUSG00000087687
ENSG00000153234,ENSMUSG00000038664
ENSG00000196659,ENSMUSG00000059379
ENSG00000278662,ENSMUSG00000041583
ENSG00000037965,ENSMUSG00000028645
ENSG00000010818,ENSMUSG00000000127
ENSG00000129535,ENSMUSG00000000628
ENSG00000138741,ENSMUSG00000066652
ENSG00000114650,ENSMUSG00000066383
ENSG00000101132,ENSMUSG00000004948
ENSG00000114544,ENSMUSG00000009114
ENSG00000204323,ENSMUSG00000022807
ENSG00000183389,ENSMUSG00000019861
ENSG00000090512,ENSMUSG00000047459
ENSG00000174516,ENSMUSG00000057446
ENSG00000213213,ENSMUSG00000026616
ENSG00000274419,ENSMUSG00000006058
ENSG00000092295,ENSMUSG00000054901
ENSG00000157450,ENSMUSG00000031155
ENSG00000131459,ENSMUSG00000030019
ENSG00000111371,ENSMUSG00000044678
ENSG00000075043,ENSMUSG00000030189
ENSG00000170540,ENSMUSG00000055639
ENSG00000091039,ENSMUSG00000073916
ENSG00000225528,ENSMUSG00000029462
ENSG00000136045,ENSMUSG00000034832
ENSG00000137809,ENSMUSG00000029617
ENSG00000106789,ENSMUSG00000056018
ENSG00000104870,ENSMUSG00000107645
ENSG00000091428,ENSMUSG00000017707
ENSG00000119698,ENSMUSG00000030905
ENSG00000037749,ENSMUSG00000069036
ENSG00000185515,ENSMUSG00000058856
ENSG00000037241,ENSMUSG00000020905
ENSG00000180872,ENSMUSG00000107711
ENSG00000107282,ENSMUSG00000025804
ENSG00000171557,ENSMUSG00000020099
ENSG00000111241,ENSMUSG00000031575
ENSG00000258405,ENSMUSG00000037257
ENSG00000161681,ENSMUSG00000030165
ENSG00000150403,ENSMUSG00000034139
ENSG00000120913,ENSMUSG00000005640
ENSG00000116016,ENSMUSG00000096729
ENSG00000154545,ENSMUSG00000074472
ENSG00000140265,ENSMUSG00000016319
ENSG00000027075,ENSMUSG00000067261
ENSG00000101343,ENSMUSG00000040901
ENSG00000204220,ENSMUSG00000079845
ENSG00000169006,ENSMUSG00000011254
ENSG00000261210,ENSMUSG00000041671
ENSG00000174586,ENSMUSG00000037578
ENSG00000129514,ENSMUSG00000027071
ENSG00000176102,ENSMUSG00000078880
ENSG00000076053,ENSMUSG00000073565
ENSG00000186001,ENSMUSG00000030428
ENSG00000280267,ENSMUSG00000017716
ENSG00000277972,ENSMUSG00000054893
ENSG00000166979,ENSMUSG00000030911
ENSG00000128519,ENSMUSG00000023156
ENSG00000108592,ENSMUSG00000046240
ENSG00000196431,ENSMUSG00000033819
ENSG00000243641,ENSMUSG00000037712
ENSG00000158411,ENSMUSG00000095896
ENSG00000171777,ENSMUSG00000057836
ENSG00000160877,ENSMUSG00000075189
ENSG00000234511,ENSMUSG00000026356
ENSG00000054118,ENSMUSG00000029918
ENSG00000196844,ENSMUSG00000058914
ENSG00000242875,ENSMUSG00000049015
ENSG00000196678,ENSMUSG00000029119
ENSG00000111339,ENSMUSG00000078280
ENSG00000288722,ENSMUSG00000070828
ENSG00000133606,ENSMUSG00000089837
ENSG00000149488,ENSMUSG00000022228
ENSG00000001036,ENSMUSG00000047619
ENSG00000083544,ENSMUSG00000075598
ENSG00000006071,ENSMUSG00000056130
ENSG00000138942,ENSMUSG00000022995
ENSG00000115540,ENSMUSG00000054293
ENSG00000166145,ENSMUSG00000040452
ENSG00000100033,ENSMUSG00000062017
ENSG00000117399,ENSMUSG00000050157
ENSG00000090857,ENSMUSG00000014077
ENSG00000204514,ENSMUSG00000036925
ENSG00000245848,ENSMUSG00000020865
ENSG00000168818,ENSMUSG00000040428
ENSG00000188636,ENSMUSG00000093668
ENSG00000144231,ENSMUSG00000019558
ENSG00000178287,ENSMUSG00000026185
ENSG00000086506,ENSMUSG00000018040
ENSG00000185504,ENSMUSG00000068647
ENSG00000110169,ENSMUSG00000044594
ENSG00000162520,ENSMUSG00000018698
ENSG00000166816,ENSMUSG00000058932
ENSG00000136986,ENSMUSG00000029123
ENSG00000263961,ENSMUSG00000039740
ENSG00000144161,ENSMUSG00000003299
ENSG00000115942,ENSMUSG00000058368
ENSG00000095397,ENSMUSG00000042439
ENSG00000187607,ENSMUSG00000047123
ENSG00000125630,ENSMUSG00000025429
ENSG00000213967,ENSMUSG00000069301
ENSG00000104760,ENSMUSG00000048410
ENSG00000103707,ENSMUSG00000051936
ENSG00000102218,ENSMUSG00000078451
ENSG00000176893,ENSMUSG00000096546
ENSG00000134595,ENSMUSG00000028419
ENSG00000101162,ENSMUSG00000020828
ENSG00000150433,ENSMUSG00000039831
ENSG00000147036,ENSMUSG00000039611
ENSG00000164916,ENSMUSG00000023047
ENSG00000113645,ENSMUSG00000003581
ENSG00000076924,ENSMUSG00000029541
ENSG00000104691,ENSMUSG00000063240
ENSG00000130348,ENSMUSG00000028140
ENSG00000248771,ENSMUSG00000090470
ENSG00000103249,ENSMUSG00000044117
ENSG00000186684,ENSMUSG00000017615
ENSG00000148680,ENSMUSG00000059112
ENSG00000115738,ENSMUSG00000074793
ENSG00000050555,ENSMUSG00000062590
ENSG00000228727,ENSMUSG00000099581
ENSG00000147408,ENSMUSG00000010609
ENSG00000168542,ENSMUSG00000020088
ENSG00000137076,ENSMUSG00000025203
ENSG00000185962,ENSMUSG00000064037
ENSG00000260027,ENSMUSG00000001095
ENSG00000123136,ENSMUSG00000045983
ENSG00000160072,ENSMUSG00000049511
ENSG00000107443,ENSMUSG00000079637
ENSG00000070019,ENSMUSG00000038742
ENSG00000124449,ENSMUSG00000028600
ENSG00000060709,ENSMUSG00000071185
ENSG00000132676,ENSMUSG00000015127
ENSG00000077150,ENSMUSG00000050567
ENSG00000118308,ENSMUSG00000044708
ENSG00000185129,ENSMUSG00000029238
ENSG00000135604,ENSMUSG00000024109
ENSG00000163209,ENSMUSG00000045236
ENSG00000189269,ENSMUSG00000030451
ENSG00000004939,ENSMUSG00000025137
ENSG00000162723,ENSMUSG00000039414
ENSG00000068650,ENSMUSG00000048581
ENSG00000179909,ENSMUSG00000049528
ENSG00000121454,ENSMUSG00000037033
ENSG00000205356,ENSMUSG00000026788
ENSG00000134986,ENSMUSG00000005442
ENSG00000179455,ENSMUSG00000015501
ENSG00000163535,ENSMUSG00000094904
ENSG00000177575,ENSMUSG00000048118
ENSG00000137992,ENSMUSG00000032491
ENSG00000100991,ENSMUSG00000045106
ENSG00000132026,ENSMUSG00000056399
ENSG00000182613,ENSMUSG00000093820
ENSG00000147183,ENSMUSG00000049173
ENSG00000184939,ENSMUSG00000096555
ENSG00000283980,ENSMUSG00000021379
ENSG00000067208,ENSMUSG00000030816
ENSG00000153214,ENSMUSG00000022771
ENSG00000184349,ENSMUSG00000075204
ENSG00000173273,ENSMUSG00000063882
ENSG00000083844,ENSMUSG00000058886
ENSG00000125810,ENSMUSG00000054312
ENSG00000011295,ENSMUSG00000026687
ENSG00000152056,ENSMUSG00000037553
ENSG00000144227,ENSMUSG00000039146
ENSG00000196542,ENSMUSG00000036030
ENSG00000183010,ENSMUSG00000092572
ENSG00000147601,ENSMUSG00000038112
ENSG00000104915,ENSMUSG00000025129
ENSG00000172469,ENSMUSG00000079363
ENSG00000169093,ENSMUSG00000033382
ENSG00000134153,ENSMUSG00000034252
ENSG00000164023,ENSMUSG00000032666
ENSG00000131203,ENSMUSG00000023041
ENSG00000158717,ENSMUSG00000091519
ENSG00000170577,ENSMUSG00000020052
ENSG00000104499,ENSMUSG00000039431
ENSG00000129128,ENSMUSG00000017176
ENSG00000204335,ENSMUSG00000032346
ENSG00000173302,ENSMUSG00000031481
ENSG00000185420,ENSMUSG00000019806
ENSG00000106246,ENSMUSG00000096486
ENSG00000275976,ENSMUSG00000000184
ENSG00000181092,ENSMUSG00000031939
ENSG00000145198,ENSMUSG00000002028
ENSG00000099330,ENSMUSG00000024793
ENSG00000172717,ENSMUSG00000022659
ENSG00000196834,ENSMUSG00000070738
ENSG00000171405,ENSMUSG00000078490
ENSG00000088726,ENSMUSG00000052415
ENSG00000153230,ENSMUSG00000063889
ENSG00000105929,ENSMUSG00000067225
ENSG00000110274,ENSMUSG00000020524
ENSG00000124795,ENSMUSG00000061589
ENSG00000175662,ENSMUSG00000050565
ENSG00000105366,ENSMUSG00000068299
ENSG00000170276,ENSMUSG00000079509
ENSG00000082515,ENSMUSG00000095954
ENSG00000179213,ENSMUSG00000009013
ENSG00000164744,ENSMUSG00000032482
ENSG00000100941,ENSMUSG00000037973
ENSG00000095139,ENSMUSG00000029910
ENSG00000054148,ENSMUSG00000030934
ENSG00000183648,ENSMUSG00000032942
ENSG00000161031,ENSMUSG00000052221
ENSG00000177469,ENSMUSG00000024905
ENSG00000197150,ENSMUSG00000078920
ENSG00000163116,ENSMUSG00000037318
ENSG00000163513,ENSMUSG00000043301
ENSG00000171501,ENSMUSG00000026610
ENSG00000166118,ENSMUSG00000062165
ENSG00000054267,ENSMUSG00000049372
ENSG00000196338,ENSMUSG00000058513
ENSG00000151917,ENSMUSG00000079701
ENSG00000151702,ENSMUSG00000018171
ENSG00000215182,ENSMUSG00000005698
ENSG00000267467,ENSMUSG00000022707
ENSG00000204659,ENSMUSG00000037280
ENSG00000012817,ENSMUSG00000073982
ENSG00000111664,ENSMUSG00000062760
ENSG00000236396,ENSMUSG00000074928
ENSG00000160282,ENSMUSG00000079507
ENSG00000158796,ENSMUSG00000002020
ENSG00000204843,ENSMUSG00000021792
ENSG00000164109,ENSMUSG00000005202
ENSG00000145246,ENSMUSG00000000340
ENSG00000204065,ENSMUSG00000019122
ENSG00000255302,ENSMUSG00000035932
ENSG00000159200,ENSMUSG00000064280
ENSG00000171163,ENSMUSG00000033623
ENSG00000253250,ENSMUSG00000055435
ENSG00000124813,ENSMUSG00000029304
ENSG00000121957,ENSMUSG00000032470
ENSG00000138111,ENSMUSG00000034623
ENSG00000066336,ENSMUSG00000027865
ENSG00000102021,ENSMUSG00000025272
ENSG00000136371,ENSMUSG00000090774
ENSG00000177453,ENSMUSG00000015880
ENSG00000181036,ENSMUSG00000028556
ENSG00000148985,ENSMUSG00000057400
ENSG00000164815,ENSMUSG00000030433
ENSG00000151033,ENSMUSG00000031097
ENSG00000136883,ENSMUSG00000046431
ENSG00000171703,ENSMUSG00000059887
ENSG00000185477,ENSMUSG00000039899
ENSG00000242852,ENSMUSG00000023328
ENSG00000163697,ENSMUSG00000062309
ENSG00000101096,ENSMUSG00000000567
ENSG00000187754,ENSMUSG00000034390
ENSG00000171813,ENSMUSG00000029070
ENSG00000156642,ENSMUSG00000036180
ENSG00000067369,ENSMUSG00000027833
ENSG00000141682,ENSMUSG00000022938
ENSG00000138356,ENSMUSG00000047044
ENSG00000173080,ENSMUSG00000053774
ENSG00000024526,ENSMUSG00000039789
ENSG00000167825,ENSMUSG00000063458
ENSG00000028310,ENSMUSG00000054136
ENSG00000066032,ENSMUSG00000036912
ENSG00000134460,ENSMUSG00000020530
ENSG00000069998,ENSMUSG00000039330
ENSG00000136240,ENSMUSG00000103468
ENSG00000172201,ENSMUSG00000031293
ENSG00000135336,ENSMUSG00000028048
ENSG00000231256,ENSMUSG00000025963
ENSG00000163406,ENSMUSG00000038172
ENSG00000159692,ENSMUSG00000041716
ENSG00000144645,ENSMUSG00000020083
ENSG00000055732,ENSMUSG00000090862
ENSG00000164654,ENSMUSG00000034660
ENSG00000150527,ENSMUSG00000048796
ENSG00000113303,ENSMUSG00000040522
ENSG00000102539,ENSMUSG00000027395
ENSG00000105419,ENSMUSG00000040065
ENSG00000184058,ENSMUSG00000021823
ENSG00000177174,ENSMUSG00000060816
ENSG00000124444,ENSMUSG00000027483
ENSG00000183828,ENSMUSG00000024104
ENSG00000070423,ENSMUSG00000042289
ENSG00000176555,ENSMUSG00000018217
ENSG00000284631,ENSMUSG00000063358
ENSG00000203942,ENSMUSG00000045969
ENSG00000061656,ENSMUSG00000021534
ENSG00000183287,ENSMUSG00000005225
ENSG00000142973,ENSMUSG00000037815
ENSG00000235376,ENSMUSG00000020658
ENSG00000102781,ENSMUSG00000015149
ENSG00000114933,ENSMUSG00000092541
ENSG00000166167,ENSMUSG00000036036
ENSG00000205858,ENSMUSG00000049556
ENSG00000149658,ENSMUSG00000020186
ENSG00000133895,ENSMUSG00000094205
ENSG00000013288,ENSMUSG00000075567
ENSG00000100665,ENSMUSG00000006276
ENSG00000128463,ENSMUSG00000018481
ENSG00000136861,ENSMUSG00000040600
ENSG00000156050,ENSMUSG00000037487
ENSG00000167110,ENSMUSG00000080712
ENSG00000215029,ENSMUSG00000035047
ENSG00000276950,ENSMUSG00000006056
ENSG00000105248,ENSMUSG00000066364
ENSG00000062650,ENSMUSG00000021611
ENSG00000022567,ENSMUSG00000000320
ENSG00000071794,ENSMUSG00000074439
ENSG00000130810,ENSMUSG00000027195
ENSG00000139597,ENSMUSG00000030386
ENSG00000131732,ENSMUSG00000009115
ENSG00000166478,ENSMUSG00000020038
ENSG00000185565,ENSMUSG00000092592
ENSG00000129194,ENSMUSG00000045934
ENSG00000137285,ENSMUSG00000058252
ENSG00000126561,ENSMUSG00000029836
ENSG00000238227,ENSMUSG00000050996
ENSG00000175322,ENSMUSG00000046287
ENSG00000168062,ENSMUSG00000073931
ENSG00000236782,ENSMUSG00000050982
ENSG00000188373,ENSMUSG00000034226
ENSG00000170412,ENSMUSG00000031160
ENSG00000163710,ENSMUSG00000038608
ENSG00000137203,ENSMUSG00000050666
ENSG00000066382,ENSMUSG00000041124
ENSG00000100908,ENSMUSG00000031577
ENSG00000235173,ENSMUSG00000080907
ENSG00000112183,ENSMUSG00000032261
ENSG00000167272,ENSMUSG00000025264
ENSG00000188021,ENSMUSG00000107588
ENSG00000198168,ENSMUSG00000052151
ENSG00000154305,ENSMUSG00000070821
ENSG00000139684,ENSMUSG00000051457
ENSG00000183273,ENSMUSG00000008438
ENSG00000181544,ENSMUSG00000026360
ENSG00000140379,ENSMUSG00000027796
ENSG00000242362,ENSMUSG00000033423
ENSG00000112297,ENSMUSG00000001819
ENSG00000196458,ENSMUSG00000041353
ENSG00000175556,ENSMUSG00000039109
ENSG00000268500,ENSMUSG00000029370
ENSG00000122545,ENSMUSG00000024691
ENSG00000140932,ENSMUSG00000068009
ENSG00000164749,ENSMUSG00000078154
ENSG00000154839,ENSMUSG00000031329
ENSG00000003056,ENSMUSG00000056885
ENSG00000283247,ENSMUSG00000026417
ENSG00000035720,ENSMUSG00000052906
ENSG00000166261,ENSMUSG00000021965
ENSG00000173465,ENSMUSG00000030762
ENSG00000136152,ENSMUSG00000028287
ENSG00000198837,ENSMUSG00000028238
ENSG00000196588,ENSMUSG00000094383
ENSG00000236424,ENSMUSG00000038400
ENSG00000121931,ENSMUSG00000028798
ENSG00000136122,ENSMUSG00000025531
ENSG00000267710,ENSMUSG00000002625
ENSG00000146540,ENSMUSG00000095407
ENSG00000078053,ENSMUSG00000049916
ENSG00000160539,ENSMUSG00000058900
ENSG00000173464,ENSMUSG00000025742
ENSG00000157456,ENSMUSG00000037321
ENSG00000074696,ENSMUSG00000075232
ENSG00000204928,ENSMUSG00000040675
ENSG00000109111,ENSMUSG00000034656
ENSG00000137486,ENSMUSG00000061984
ENSG00000170935,ENSMUSG00000033396
ENSG00000228517,ENSMUSG00000027528
ENSG00000197892,ENSMUSG00000021025
ENSG00000241484,ENSMUSG00000055095
ENSG00000184924,ENSMUSG00000029409
ENSG00000173673,ENSMUSG00000002718
ENSG00000159713,ENSMUSG00000074892
ENSG00000281406,ENSMUSG00000022211
ENSG00000157077,ENSMUSG00000018102
ENSG00000062485,ENSMUSG00000027173
ENSG00000198203,ENSMUSG00000024677
ENSG00000105755,ENSMUSG00000028344
ENSG00000167914,ENSMUSG00000059213
ENSG00000288649,ENSMUSG00000020181
ENSG00000182552,ENSMUSG00000069769
ENSG00000170561,ENSMUSG00000035984
ENSG00000188338,ENSMUSG00000037103
ENSG00000170500,ENSMUSG00000097886
ENSG00000116191,ENSMUSG00000031640
ENSG00000136044,ENSMUSG00000071855
ENSG00000134755,ENSMUSG00000050028
ENSG00000114923,ENSMUSG00000061742
ENSG00000124615,ENSMUSG00000052026
ENSG00000196433,ENSMUSG00000084786
ENSG00000137720,ENSMUSG00000022217
ENSG00000116171,ENSMUSG00000061707
ENSG00000258947,ENSMUSG00000097878
ENSG00000125787,ENSMUSG00000041935
ENSG00000197020,ENSMUSG00000028673
ENSG00000125482,ENSMUSG00000031558
ENSG00000204576,ENSMUSG00000021036
ENSG00000088356,ENSMUSG00000039956
ENSG00000197054,ENSMUSG00000024172
ENSG00000215474,ENSMUSG00000050504
ENSG00000180613,ENSMUSG00000036966
ENSG00000123144,ENSMUSG00000022838
ENSG00000178796,ENSMUSG00000073705
ENSG00000181220,ENSMUSG00000001305
ENSG00000072609,ENSMUSG00000029701
ENSG00000181752,ENSMUSG00000066149
ENSG00000139055,ENSMUSG00000015437
ENSG00000214946,ENSMUSG00000030590
ENSG00000116711,ENSMUSG00000020661
ENSG00000119285,ENSMUSG00000024376
ENSG00000181143,ENSMUSG00000045613
ENSG00000134398,ENSMUSG00000019880
ENSG00000090905,ENSMUSG00000020140
ENSG00000173548,ENSMUSG00000072972
ENSG00000181885,ENSMUSG00000029182
ENSG00000172795,ENSMUSG00000072707
ENSG00000212710,ENSMUSG00000021814
ENSG00000151065,ENSMUSG00000025481
ENSG00000163596,ENSMUSG00000035840
ENSG00000166670,ENSMUSG00000040584
ENSG00000168702,ENSMUSG00000024391
ENSG00000064218,ENSMUSG00000022159
ENSG00000250120,ENSMUSG00000021687
ENSG00000198324,ENSMUSG00000044526
ENSG00000103197,ENSMUSG00000096687
ENSG00000132274,ENSMUSG00000034686
ENSG00000168758,ENSMUSG00000095870
ENSG00000008394,ENSMUSG00000067525
ENSG00000147852,ENSMUSG00000098754
ENSG00000170619,ENSMUSG00000024424
ENSG00000215186,ENSMUSG00000003929
ENSG00000053371,ENSMUSG00000014418
ENSG00000103460,ENSMUSG00000038793
ENSG00000170860,ENSMUSG00000020461
ENSG00000166225,ENSMUSG00000023263
ENSG00000125450,ENSMUSG00000044018
ENSG00000119314,ENSMUSG00000022437
ENSG00000129007,ENSMUSG00000024212
ENSG00000240871,ENSMUSG00000078619
ENSG00000103723,ENSMUSG00000037989
ENSG00000164733,ENSMUSG00000018707
ENSG00000183513,ENSMUSG00000028164
ENSG00000137101,ENSMUSG00000032292
ENSG00000152689,ENSMUSG00000026943
ENSG00000205097,ENSMUSG00000026596
ENSG00000055917,ENSMUSG00000020430
ENSG00000257704,ENSMUSG00000036721
ENSG00000125818,ENSMUSG00000040413
ENSG00000172551,ENSMUSG00000022307
ENSG00000126267,ENSMUSG00000091468
ENSG00000175395,ENSMUSG00000005687
ENSG00000168582,ENSMUSG00000049401
ENSG00000159593,ENSMUSG00000036916
ENSG00000204161,ENSMUSG00000019948
ENSG00000100983,ENSMUSG00000070661
ENSG00000159307,ENSMUSG00000022724
ENSG00000130203,ENSMUSG00000052632
ENSG00000157014,ENSMUSG00000057817
ENSG00000132703,ENSMUSG00000082101
ENSG00000204248,ENSMUSG00000050197
ENSG00000138101,ENSMUSG00000019214
ENSG00000159433,ENSMUSG00000027630
ENSG00000198774,ENSMUSG00000046258
ENSG00000134058,ENSMUSG00000024663
ENSG00000173456,ENSMUSG00000054204
ENSG00000186103,ENSMUSG00000025920
ENSG00000112357,ENSMUSG00000055994
ENSG00000166851,ENSMUSG00000095510
ENSG00000170037,ENSMUSG00000037843
ENSG00000203791,ENSMUSG00000023147
ENSG00000076248,ENSMUSG00000024258
ENSG00000010361,ENSMUSG00000071890
ENSG00000103544,ENSMUSG00000091924
ENSG00000125449,ENSMUSG00000069206
ENSG00000238074,ENSMUSG00000074639
ENSG00000276045,ENSMUSG00000006705
ENSG00000172508,ENSMUSG00000027293
ENSG00000100353,ENSMUSG00000060499
ENSG00000106153,ENSMUSG00000039252
ENSG00000125868,ENSMUSG00000090236
ENSG00000114023,ENSMUSG00000067288
ENSG00000176742,ENSMUSG00000107928
ENSG00000184357,ENSMUSG00000028958
ENSG00000196372,ENSMUSG00000104191
ENSG00000215113,ENSMUSG00000078670
ENSG00000186300,ENSMUSG00000031378
ENSG00000187824,ENSMUSG00000031204
ENSG00000164117,ENSMUSG00000024940
ENSG00000155096,ENSMUSG00000030196
ENSG00000184903,ENSMUSG00000023403
ENSG00000116266,ENSMUSG00000025558
ENSG00000047315,ENSMUSG00000048402
ENSG00000144868,ENSMUSG00000078753
ENSG00000100814,ENSMUSG00000035049
ENSG00000074266,ENSMUSG00000062908
ENSG00000182963,ENSMUSG00000026527
ENSG00000109171,ENSMUSG00000036249
ENSG00000204025,ENSMUSG00000048174
ENSG00000179085,ENSMUSG00000027788
ENSG00000185028,ENSMUSG00000067795
ENSG00000107201,ENSMUSG00000068037
ENSG00000173250,ENSMUSG00000024845
ENSG00000215455,ENSMUSG00000093993
ENSG00000128487,ENSMUSG00000020268
ENSG00000137941,ENSMUSG00000044265
ENSG00000135124,ENSMUSG00000002660
ENSG00000157823,ENSMUSG00000062142
ENSG00000198142,ENSMUSG00000036833
ENSG00000124217,ENSMUSG00000066607
ENSG00000138073,ENSMUSG00000049112
ENSG00000178802,ENSMUSG00000057997
ENSG00000153820,ENSMUSG00000022442
ENSG00000166265,ENSMUSG00000015363
ENSG00000164645,ENSMUSG00000078500
ENSG00000126878,ENSMUSG00000051361
ENSG00000145439,ENSMUSG00000055102
ENSG00000286135,ENSMUSG00000075141
ENSG00000161911,ENSMUSG00000095698
ENSG00000176231,ENSMUSG00000086564
ENSG00000147570,ENSMUSG00000074215
ENSG00000003509,ENSMUSG00000109328
ENSG00000130643,ENSMUSG00000009093
ENSG00000165807,ENSMUSG00000030737
ENSG00000186642,ENSMUSG00000101157
ENSG00000121933,ENSMUSG00000030557
ENSG00000186409,ENSMUSG00000031641
ENSG00000130294,ENSMUSG00000054106
ENSG00000112659,ENSMUSG00000057421
ENSG00000198574,ENSMUSG00000070618
ENSG00000120075,ENSMUSG00000051906
ENSG00000214456,ENSMUSG00000024188
ENSG00000196562,ENSMUSG00000041565
ENSG00000197409,ENSMUSG00000000216
ENSG00000111291,ENSMUSG00000027955
ENSG00000212899,ENSMUSG00000049517
ENSG00000081923,ENSMUSG00000051111
ENSG00000274933,ENSMUSG00000041202
ENSG00000054277,ENSMUSG00000030815
ENSG00000105379,ENSMUSG00000029184
ENSG00000185298,ENSMUSG00000020747
ENSG00000258839,ENSMUSG00000027886
ENSG00000178372,ENSMUSG00000035171
ENSG00000213614,ENSMUSG00000021404
ENSG00000100220,ENSMUSG00000062661
ENSG00000128394,ENSMUSG00000084135
ENSG00000204315,ENSMUSG00000005364
ENSG00000038358,ENSMUSG00000006818
ENSG00000150551,ENSMUSG00000000759
ENSG00000143158,ENSMUSG00000027589
ENSG00000150093,ENSMUSG00000030123
ENSG00000164620,ENSMUSG00000040028
ENSG00000123569,ENSMUSG00000000318
ENSG00000273111,ENSMUSG00000039579
ENSG00000183722,ENSMUSG00000092048
ENSG00000242689,ENSMUSG00000073970
ENSG00000145860,ENSMUSG00000069294
ENSG00000156531,ENSMUSG00000025902
ENSG00000165810,ENSMUSG00000032594
ENSG00000174992,ENSMUSG00000056115
ENSG00000169738,ENSMUSG00000041460
ENSG00000104866,ENSMUSG00000040328
ENSG00000169379,ENSMUSG00000038967
ENSG00000182774,ENSMUSG00000063277
ENSG00000096093,ENSMUSG00000091572
ENSG00000135222,ENSMUSG00000037400
ENSG00000100479,ENSMUSG00000073968
ENSG00000124003,ENSMUSG00000094692
ENSG00000167842,ENSMUSG00000017631
ENSG00000107798,ENSMUSG00000024553
ENSG00000135127,ENSMUSG00000091933
ENSG00000135245,ENSMUSG00000036560
ENSG00000175130,ENSMUSG00000027737
ENSG00000120327,ENSMUSG00000020235
ENSG00000186866,ENSMUSG00000030235
ENSG00000155755,ENSMUSG00000050821
ENSG00000181634,ENSMUSG00000053113
ENSG00000149507,ENSMUSG00000032567
ENSG00000083750,ENSMUSG00000015451
ENSG00000182117,ENSMUSG00000090417
ENSG00000165186,ENSMUSG00000024937
ENSG00000168916,ENSMUSG00000041650
ENSG00000183607,ENSMUSG00000025173
ENSG00000188766,ENSMUSG00000098332
ENSG00000115008,ENSMUSG00000002057
ENSG00000183542,ENSMUSG00000053742
ENSG00000154639,ENSMUSG00000026796
ENSG00000120051,ENSMUSG00000001027
ENSG00000183303,ENSMUSG00000024598
ENSG00000203778,ENSMUSG00000039910
ENSG00000101605,ENSMUSG00000029012
ENSG00000205784,ENSMUSG00000046470
ENSG00000130032,ENSMUSG00000051177
ENSG00000149187,ENSMUSG00000038580
ENSG00000111880,ENSMUSG00000039477
ENSG00000172301,ENSMUSG00000079521
ENSG00000212126,ENSMUSG00000028348
ENSG00000292348,ENSMUSG00000021540
ENSG00000243646,ENSMUSG00000038831
ENSG00000284723,ENSMUSG00000071176
ENSG00000101911,ENSMUSG00000037347
ENSG00000115963,ENSMUSG00000092372
ENSG00000179008,ENSMUSG00000044279
ENSG00000186810,ENSMUSG00000030976
ENSG00000188176,ENSMUSG00000032440
ENSG00000198033,ENSMUSG00000027403
ENSG00000163481,ENSMUSG00000022629
ENSG00000133135,ENSMUSG00000040478
ENSG00000057149,ENSMUSG00000033327
ENSG00000205045,ENSMUSG00000098176
ENSG00000104356,ENSMUSG00000042106
ENSG00000171311,ENSMUSG00000070880
ENSG00000086712,ENSMUSG00000042408
ENSG00000092201,ENSMUSG00000030200
ENSG00000163431,ENSMUSG00000020015
ENSG00000100055,ENSMUSG00000027367
ENSG00000115129,ENSMUSG00000045337
ENSG00000129480,ENSMUSG00000067010
ENSG00000184207,ENSMUSG00000024899
ENSG00000125912,ENSMUSG00000020372
ENSG00000106211,ENSMUSG00000052229
ENSG00000187118,ENSMUSG00000047976
ENSG00000197106,ENSMUSG00000027556
ENSG00000142409,ENSMUSG00000090440
ENSG00000121281,ENSMUSG00000032640
ENSG00000102265,ENSMUSG00000046876
ENSG00000141971,ENSMUSG00000031443
ENSG00000108244,ENSMUSG00000020916
ENSG00000105254,ENSMUSG00000040848
ENSG00000100325,ENSMUSG00000039637
ENSG00000009709,ENSMUSG00000041530
ENSG00000120337,ENSMUSG00000070934
ENSG00000185559,ENSMUSG00000040710
ENSG00000130449,ENSMUSG00000009281
ENSG00000167157,ENSMUSG00000093917
ENSG00000123395,ENSMUSG00000044626
ENSG00000101004,ENSMUSG00000049653
ENSG00000169418,ENSMUSG00000055214
ENSG00000204704,ENSMUSG00000093950
ENSG00000164520,ENSMUSG00000021555
ENSG00000141255,ENSMUSG00000022652
ENSG00000198792,ENSMUSG00000032334
ENSG00000138759,ENSMUSG00000068437
ENSG00000174944,ENSMUSG00000035242
ENSG00000197272,ENSMUSG00000059455
ENSG00000176209,ENSMUSG00000022098
ENSG00000153707,ENSMUSG00000052142
ENSG00000157796,ENSMUSG00000035184
ENSG00000142233,ENSMUSG00000056270
ENSG00000131711,ENSMUSG00000022526
ENSG00000163508,ENSMUSG00000012640
ENSG00000255112,ENSMUSG00000047126
ENSG00000166535,ENSMUSG00000033295
ENSG00000188155,ENSMUSG00000017386
ENSG00000104321,ENSMUSG00000075198
ENSG00000112249,ENSMUSG00000030983
ENSG00000170604,ENSMUSG00000024925
ENSG00000205352,ENSMUSG00000015619
ENSG00000150753,ENSMUSG00000097789
ENSG00000205857,ENSMUSG00000005846
ENSG00000124098,ENSMUSG00000060261
ENSG00000187922,ENSMUSG00000042436
ENSG00000067221,ENSMUSG00000027006
ENSG00000173404,ENSMUSG00000080809
ENSG00000115041,ENSMUSG00000029840
ENSG00000159873,ENSMUSG00000028495
ENSG00000155066,ENSMUSG00000036574
ENSG00000151287,ENSMUSG00000035104
ENSG00000153487,ENSMUSG00000022265
ENSG00000186329,ENSMUSG00000054383
ENSG00000197959,ENSMUSG00000001376
ENSG00000283071,ENSMUSG00000067614
ENSG00000165685,ENSMUSG00000031482
ENSG00000123561,ENSMUSG00000051034
ENSG00000164040,ENSMUSG00000096607
ENSG00000100372,ENSMUSG00000044787
ENSG00000129187,ENSMUSG00000052726
ENSG00000143355,ENSMUSG00000024381
ENSG00000067334,ENSMUSG00000057592
ENSG00000274391,ENSMUSG00000025069
ENSG00000106948,ENSMUSG00000042428
ENSG00000165124,ENSMUSG00000079652
ENSG00000181693,ENSMUSG00000051790
ENSG00000163348,ENSMUSG00000061847
ENSG00000115310,ENSMUSG00000024900
ENSG00000178093,ENSMUSG00000046447
ENSG00000262165,ENSMUSG00000032280
ENSG00000164304,ENSMUSG00000034917
ENSG00000158402,ENSMUSG00000022671
ENSG00000124802,ENSMUSG00000057465
ENSG00000108387,ENSMUSG00000058925
ENSG00000104904,ENSMUSG00000030898
ENSG00000137411,ENSMUSG00000026678
ENSG00000131848,ENSMUSG00000095538
ENSG00000139746,ENSMUSG00000022683
ENSG00000008282,ENSMUSG00000049972
ENSG00000151577,ENSMUSG00000038467
ENSG00000169252,ENSMUSG00000079017
ENSG00000167771,ENSMUSG00000027636
ENSG00000065833,ENSMUSG00000036962
ENSG00000015133,ENSMUSG00000050328
ENSG00000117114,ENSMUSG00000094602
ENSG00000177511,ENSMUSG00000020330
ENSG00000186908,ENSMUSG00000030217
ENSG00000198429,ENSMUSG00000054052
ENSG00000164151,ENSMUSG00000050310
ENSG00000139826,ENSMUSG00000064367
ENSG00000143125,ENSMUSG00000036860
ENSG00000127022,ENSMUSG00000029156
ENSG00000170043,ENSMUSG00000030378
ENSG00000100060,ENSMUSG00000030968
ENSG00000164494,ENSMUSG00000036257
ENSG00000127743,ENSMUSG00000061118
ENSG00000244734,ENSMUSG00000032495
ENSG00000185101,ENSMUSG00000079478
ENSG00000132639,ENSMUSG00000049685
ENSG00000156564,ENSMUSG00000078254
ENSG00000173917,ENSMUSG00000004892
ENSG00000168356,ENSMUSG00000029153
ENSG00000112294,ENSMUSG00000055917
ENSG00000126262,ENSMUSG00000001494
ENSG00000005073,ENSMUSG00000057455
ENSG00000169223,ENSMUSG00000020638
ENSG00000196772,ENSMUSG00000097982
ENSG00000100425,ENSMUSG00000040771
ENSG00000213563,ENSMUSG00000108976
ENSG00000131471,ENSMUSG00000029335
ENSG00000123154,ENSMUSG00000057103
ENSG00000172348,ENSMUSG00000025982
ENSG00000092009,ENSMUSG00000094662
ENSG00000274443,ENSMUSG00000044041
ENSG00000120907,ENSMUSG00000075075
ENSG00000115677,ENSMUSG00000058620
ENSG00000183682,ENSMUSG00000095276
ENSG00000148219,ENSMUSG00000034639
ENSG00000157654,ENSMUSG00000019737
ENSG00000285329,ENSMUSG00000031523
ENSG00000188389,ENSMUSG00000037965
ENSG00000134569,ENSMUSG00000025024
ENSG00000135900,ENSMUSG00000049313
ENSG00000187902,ENSMUSG00000038268
ENSG00000184897,ENSMUSG00000083188
ENSG00000188488,ENSMUSG00000026601
ENSG00000197168,ENSMUSG00000024853
ENSG00000171385,ENSMUSG00000056296
ENSG00000204469,ENSMUSG00000004864
ENSG00000181638,ENSMUSG00000025911
ENSG00000271303,ENSMUSG00000036587
ENSG00000172667,ENSMUSG00000053783
ENSG00000110811,ENSMUSG00000026047
ENSG00000096401,ENSMUSG00000022518
ENSG00000125820,ENSMUSG00000067561
ENSG00000048028,ENSMUSG00000098022
ENSG00000145832,ENSMUSG00000038141
ENSG00000283361,ENSMUSG00000066704
ENSG00000122584,ENSMUSG00000087651
ENSG00000137513,ENSMUSG00000059022
ENSG00000079335,ENSMUSG00000049191
ENSG00000253710,ENSMUSG00000028359
ENSG00000117408,ENSMUSG00000044629
ENSG00000231213,ENSMUSG00000030616
ENSG00000186625,ENSMUSG00000012777
ENSG00000001167,ENSMUSG00000001383
ENSG00000120329,ENSMUSG00000028020
ENSG00000173542,ENSMUSG00000074895
ENSG00000182330,ENSMUSG00000096764
ENSG00000173846,ENSMUSG00000044322
ENSG00000011243,ENSMUSG00000005983
ENSG00000182986,ENSMUSG00000033589
ENSG00000136514,ENSMUSG00000027831
ENSG00000230268,ENSMUSG00000045594
ENSG00000132446,ENSMUSG00000036990
ENSG00000204396,ENSMUSG00000031979
ENSG00000047621,ENSMUSG00000005949
ENSG00000108306,ENSMUSG00000054272
ENSG00000165215,ENSMUSG00000025871
ENSG00000167967,ENSMUSG00000046474
ENSG00000062038,ENSMUSG00000053870
ENSG00000061938,ENSMUSG00000091636
ENSG00000126562,ENSMUSG00000032591
ENSG00000136367,ENSMUSG00000060807
ENSG00000176200,ENSMUSG00000036805
ENSG00000197822,ENSMUSG00000020869
ENSG00000092841,ENSMUSG00000059610
ENSG00000094631,ENSMUSG00000022550
ENSG00000100242,ENSMUSG00000063108
ENSG00000185551,ENSMUSG00000002319
ENSG00000198793,ENSMUSG00000051452
ENSG00000164647,ENSMUSG00000017969
ENSG00000254656,ENSMUSG00000033966
ENSG00000104722,ENSMUSG00000032855
ENSG00000184986,ENSMUSG00000020787
ENSG00000106328,ENSMUSG00000038630
ENSG00000185736,ENSMUSG00000079355
ENSG00000163064,ENSMUSG00000038791
ENSG00000044012,ENSMUSG00000044056
ENSG00000134716,ENSMUSG00000022125
ENSG00000149735,ENSMUSG00000044701
ENSG00000069399,ENSMUSG00000032000
ENSG00000204634,ENSMUSG00000051940
ENSG00000165682,ENSMUSG00000059412
ENSG00000196391,ENSMUSG00000042647
ENSG00000168291,ENSMUSG00000058904
ENSG00000175727,ENSMUSG00000042010
ENSG00000178999,ENSMUSG00000026499
ENSG00000170889,ENSMUSG00000049052
ENSG00000112186,ENSMUSG00000047747
ENSG00000169507,ENSMUSG00000028919
ENSG00000273703,ENSMUSG00000038290
ENSG00000099308,ENSMUSG00000026469
ENSG00000084444,ENSMUSG00000098488
ENSG00000115808,ENSMUSG00000025544
ENSG00000132879,ENSMUSG00000027715
ENSG00000179431,ENSMUSG00000096813
ENSG00000198960,ENSMUSG00000074604
ENSG00000106009,ENSMUSG00000024227
ENSG00000163794,ENSMUSG00000057054
ENSG00000170035,ENSMUSG00000033751
ENSG00000188846,ENSMUSG00000028441
ENSG00000154065,ENSMUSG00000043410
ENSG00000117676,ENSMUSG00000036931
ENSG00000156194,ENSMUSG00000059839
ENSG00000135436,ENSMUSG00000059201
ENSG00000064313,ENSMUSG00000030805
ENSG00000198131,ENSMUSG00000049314
ENSG00000174236,ENSMUSG00000069038
ENSG00000151470,ENSMUSG00000064165
ENSG00000134684,ENSMUSG00000021474
ENSG00000104067,ENSMUSG00000019857
ENSG00000106772,ENSMUSG00000021604
ENSG00000173769,ENSMUSG00000003623
ENSG00000203814,ENSMUSG00000047238
ENSG00000161640,ENSMUSG00000004814
ENSG00000286140,ENSMUSG00000027703
ENSG00000274290,ENSMUSG00000095138
ENSG00000185813,ENSMUSG00000089901
ENSG00000105559,ENSMUSG00000048731
ENSG00000181626,ENSMUSG00000067642
ENSG00000118689,ENSMUSG00000019338
ENSG00000184675,ENSMUSG00000042644
ENSG00000251247,ENSMUSG00000047031
ENSG00000182836,ENSMUSG00000051591
ENSG00000189376,ENSMUSG00000030443
ENSG00000197153,ENSMUSG00000021178
ENSG00000262543,ENSMUSG00000039540
ENSG00000146755,ENSMUSG00000025321
ENSG00000155034,ENSMUSG00000036751
ENSG00000182492,ENSMUSG00000057132
ENSG00000143847,ENSMUSG00000035936
ENSG00000117640,ENSMUSG00000031284
ENSG00000068400,ENSMUSG00000064264
ENSG00000141499,ENSMUSG00000025580
ENSG00000053702,ENSMUSG00000030790
ENSG00000188266,ENSMUSG00000024174
ENSG00000106624,ENSMUSG00000032115
ENSG00000091140,ENSMUSG00000039458
ENSG00000170190,ENSMUSG00000022889
ENSG00000140320,ENSMUSG00000022523
ENSG00000165916,ENSMUSG00000035934
ENSG00000152822,ENSMUSG00000053199
ENSG00000134375,ENSMUSG00000044487
ENSG00000100106,ENSMUSG00000061755
ENSG00000097033,ENSMUSG00000005107
ENSG00000181029,ENSMUSG00000038331
ENSG00000154096,ENSMUSG00000032612
ENSG00000154027,ENSMUSG00000095201
ENSG00000091483,ENSMUSG00000096703
ENSG00000161654,ENSMUSG00000051306
ENSG00000070031,ENSMUSG00000058435
ENSG00000122859,ENSMUSG00000075199
ENSG00000134900,ENSMUSG00000095388
ENSG00000151806,ENSMUSG00000000148
ENSG00000139200,ENSMUSG00000044988
ENSG00000106771,ENSMUSG00000046650
ENSG00000170871,ENSMUSG00000031647
ENSG00000136146,ENSMUSG00000040761
ENSG00000157680,ENSMUSG00000032030
ENSG00000226792,ENSMUSG00000021730
ENSG00000120860,ENSMUSG00000022103
ENSG00000084731,ENSMUSG00000022658
ENSG00000106327,ENSMUSG00000096691
ENSG00000172296,ENSMUSG00000075114
ENSG00000174775,ENSMUSG00000046493
ENSG00000159788,ENSMUSG00000044206
ENSG00000175155,ENSMUSG00000027858
ENSG00000197965,ENSMUSG00000001056
ENSG00000163328,ENSMUSG00000091888
ENSG00000101115,ENSMUSG00000034064
ENSG00000269720,ENSMUSG00000040407
ENSG00000173818,ENSMUSG00000032040
ENSG00000177202,ENSMUSG00000037798
ENSG00000082397,ENSMUSG00000041559
ENSG00000156232,ENSMUSG00000060735
ENSG00000133742,ENSMUSG00000045817
ENSG00000131187,ENSMUSG00000079235
ENSG00000076716,ENSMUSG00000026333
ENSG00000120563,ENSMUSG00000025503
ENSG00000134760,ENSMUSG00000030187
ENSG00000151353,ENSMUSG00000024742
ENSG00000124067,ENSMUSG00000030714
ENSG00000162073,ENSMUSG00000047940
ENSG00000152213,ENSMUSG00000090733
ENSG00000197894,ENSMUSG00000034435
ENSG00000109674,ENSMUSG00000067702
ENSG00000173715,ENSMUSG00000063715
ENSG00000109670,ENSMUSG00000021880
ENSG00000087077,ENSMUSG00000078123
ENSG00000081377,ENSMUSG00000027531
ENSG00000112303,ENSMUSG00000025950
ENSG00000245680,ENSMUSG00000071203
ENSG00000100290,ENSMUSG00000028703
ENSG00000112242,ENSMUSG00000073937
ENSG00000092148,ENSMUSG00000096776
ENSG00000255837,ENSMUSG00000034684
ENSG00000241128,ENSMUSG00000042308
ENSG00000213578,ENSMUSG00000043257
ENSG00000162607,ENSMUSG00000048572
ENSG00000134376,ENSMUSG00000032456
ENSG00000030304,ENSMUSG00000029647
ENSG00000214686,ENSMUSG00000094818
ENSG00000105854,ENSMUSG00000052625
ENSG00000272514,ENSMUSG00000062483
ENSG00000131470,ENSMUSG00000055730
ENSG00000163032,ENSMUSG00000008496
ENSG00000171680,ENSMUSG00000035804
ENSG00000160882,ENSMUSG00000023192
ENSG00000184895,ENSMUSG00000096795
ENSG00000162739,ENSMUSG00000025092
ENSG00000197798,ENSMUSG00000029269
ENSG00000138750,ENSMUSG00000050029
ENSG00000198271,ENSMUSG00000002031
ENSG00000140406,ENSMUSG00000019188
ENSG00000182901,ENSMUSG00000030413
ENSG00000187475,ENSMUSG00000095773
ENSG00000171914,ENSMUSG00000021240
ENSG00000066926,ENSMUSG00000030069
ENSG00000169885,ENSMUSG00000074882
ENSG00000142459,ENSMUSG00000073943
ENSG00000163069,ENSMUSG00000043866
ENSG00000167840,ENSMUSG00000075420
ENSG00000162873,ENSMUSG00000028318
ENSG00000187122,ENSMUSG00000029676
ENSG00000235453,ENSMUSG00000104752
ENSG00000180739,ENSMUSG00000048249
ENSG00000101213,ENSMUSG00000069631
ENSG00000167851,ENSMUSG00000055523
ENSG00000105852,ENSMUSG00000049334
ENSG00000100078,ENSMUSG00000027994
ENSG00000149806,ENSMUSG00000063894
ENSG00000100433,ENSMUSG00000041135
ENSG00000168282,ENSMUSG00000018765
ENSG00000115263,ENSMUSG00000026939
ENSG00000173890,ENSMUSG00000029414
ENSG00000213231,ENSMUSG00000000538
ENSG00000005001,ENSMUSG00000004451
ENSG00000188501,ENSMUSG00000048875
ENSG00000176925,ENSMUSG00000078650
ENSG00000278848,ENSMUSG00000030867
ENSG00000174945,ENSMUSG00000047307
ENSG00000159086,ENSMUSG00000090369
ENSG00000090470,ENSMUSG00000041605
ENSG00000196329,ENSMUSG00000056579
ENSG00000127578,ENSMUSG00000086545
ENSG00000101898,ENSMUSG00000008874
ENSG00000116882,ENSMUSG00000057388
ENSG00000214700,ENSMUSG00000025648
ENSG00000128573,ENSMUSG00000030512
ENSG00000135476,ENSMUSG00000091129
ENSG00000161649,ENSMUSG00000022055
ENSG00000043093,ENSMUSG00000049038
ENSG00000068781,ENSMUSG00000032750
ENSG00000143811,ENSMUSG00000035187
ENSG00000197081,ENSMUSG00000042032
ENSG00000118997,ENSMUSG00000037419
ENSG00000146216,ENSMUSG00000042660
ENSG00000175482,ENSMUSG00000072919
ENSG00000128039,ENSMUSG00000078746
ENSG00000164011,ENSMUSG00000045518
ENSG00000116350,ENSMUSG00000043366
ENSG00000101074,ENSMUSG00000039087
ENSG00000172362,ENSMUSG00000021275
ENSG00000163479,ENSMUSG00000024999
ENSG00000143761,ENSMUSG00000109060
ENSG00000176597,ENSMUSG00000015656
ENSG00000183955,ENSMUSG00000109058
ENSG00000138795,ENSMUSG00000062199
ENSG00000138032,ENSMUSG00000095648
ENSG00000184226,ENSMUSG00000030804
ENSG00000137100,ENSMUSG00000038612
ENSG00000160401,ENSMUSG00000048776
ENSG00000104941,ENSMUSG00000028165
ENSG00000049167,ENSMUSG00000028195
ENSG00000117643,ENSMUSG00000038500
ENSG00000102934,ENSMUSG00000096284
ENSG00000206034,ENSMUSG00000045210
ENSG00000134049,ENSMUSG00000026584
ENSG00000176222,ENSMUSG00000051051
ENSG00000092098,ENSMUSG00000063564
ENSG00000162761,ENSMUSG00000060594
ENSG00000181481,ENSMUSG00000005474
ENSG00000231068,ENSMUSG00000024659
ENSG00000086061,ENSMUSG00000062705
ENSG00000108395,ENSMUSG00000008193
ENSG00000167968,ENSMUSG00000039851
ENSG00000132952,ENSMUSG00000029198
ENSG00000181019,ENSMUSG00000024074
ENSG00000187733,ENSMUSG00000038418
ENSG00000162885,ENSMUSG00000027088
ENSG00000175575,ENSMUSG00000032827
ENSG00000147180,ENSMUSG00000038572
ENSG00000159069,ENSMUSG00000039335
ENSG00000160584,ENSMUSG00000062727
ENSG00000100170,ENSMUSG00000073877
ENSG00000129151,ENSMUSG00000039850
ENSG00000101220,ENSMUSG00000050397
ENSG00000163154,ENSMUSG00000037188
ENSG00000179262,ENSMUSG00000079806
ENSG00000074695,ENSMUSG00000022100
ENSG00000185905,ENSMUSG00000078507
ENSG00000107371,ENSMUSG00000105888
ENSG00000186529,ENSMUSG00000015757
ENSG00000148942,ENSMUSG00000047222
ENSG00000090054,ENSMUSG00000053985
ENSG00000175745,ENSMUSG00000022945
ENSG00000196152,ENSMUSG00000034459
ENSG00000130876,ENSMUSG00000030824
ENSG00000145979,ENSMUSG00000074634
ENSG00000172572,ENSMUSG00000041347
ENSG00000113593,ENSMUSG00000043458
ENSG00000157404,ENSMUSG00000073600
ENSG00000104969,ENSMUSG00000098274
ENSG00000182095,ENSMUSG00000021466
ENSG00000177225,ENSMUSG00000069372
ENSG00000215251,ENSMUSG00000079471
ENSG00000158806,ENSMUSG00000025162
ENSG00000141446,ENSMUSG00000027752
ENSG00000128567,ENSMUSG00000027482
ENSG00000169926,ENSMUSG00000055538
ENSG00000166147,ENSMUSG00000022477
ENSG00000107130,ENSMUSG00000022742
ENSG00000204174,ENSMUSG00000045989
ENSG00000148444,ENSMUSG00000046500
ENSG00000198060,ENSMUSG00000024924
ENSG00000080293,ENSMUSG00000026560
ENSG00000140199,ENSMUSG00000074966
ENSG00000288705,ENSMUSG00000092322
ENSG00000010310,ENSMUSG00000040699
ENSG00000163249,ENSMUSG00000079630
ENSG00000137392,ENSMUSG00000070720
ENSG00000144642,ENSMUSG00000028842
ENSG00000277535,ENSMUSG00000003062
ENSG00000181894,ENSMUSG00000020993
ENSG00000146205,ENSMUSG00000021039
ENSG00000196305,ENSMUSG00000039913
ENSG00000233295,ENSMUSG00000022841
ENSG00000234719,ENSMUSG00000025475
ENSG00000107882,ENSMUSG00000040860
ENSG00000178015,ENSMUSG00000025337
ENSG00000086232,ENSMUSG00000004110
ENSG00000152778,ENSMUSG00000020175
ENSG00000102970,ENSMUSG00000047638
ENSG00000186146,ENSMUSG00000074736
ENSG00000158481,ENSMUSG00000074818
ENSG00000055813,ENSMUSG00000047518
ENSG00000114779,ENSMUSG00000032202
ENSG00000237541,ENSMUSG00000042842
ENSG00000123066,ENSMUSG00000094197
ENSG00000212722,ENSMUSG00000064194
ENSG00000100354,ENSMUSG00000037458
ENSG00000145041,ENSMUSG00000047909
ENSG00000197223,ENSMUSG00000032264
ENSG00000130775,ENSMUSG00000000355
ENSG00000008988,ENSMUSG00000042211
ENSG00000172482,ENSMUSG00000031924
ENSG00000081041,ENSMUSG00000002342
ENSG00000164600,ENSMUSG00000008822
ENSG00000169484,ENSMUSG00000063905
ENSG00000198121,ENSMUSG00000091013
ENSG00000084090,ENSMUSG00000038255
ENSG00000167397,ENSMUSG00000031379
ENSG00000178966,ENSMUSG00000016356
ENSG00000214756,ENSMUSG00000052496
ENSG00000176798,ENSMUSG00000059895
ENSG00000186047,ENSMUSG00000041718
ENSG00000214253,ENSMUSG00000024989
ENSG00000131149,ENSMUSG00000078498
ENSG00000171219,ENSMUSG00000028546
ENSG00000137462,ENSMUSG00000023994
ENSG00000172939,ENSMUSG00000036892
ENSG00000175928,ENSMUSG00000025555
ENSG00000104450,ENSMUSG00000031402
ENSG00000183246,ENSMUSG00000095687
ENSG00000136696,ENSMUSG00000022342
ENSG00000170961,ENSMUSG00000032386
ENSG00000106554,ENSMUSG00000024308
ENSG00000169062,ENSMUSG00000027901
ENSG00000100601,ENSMUSG00000100617
ENSG00000275183,ENSMUSG00000024787
ENSG00000164929,ENSMUSG00000038668
ENSG00000111837,ENSMUSG00000050813
ENSG00000106723,ENSMUSG00000056043
ENSG00000243480,ENSMUSG00000040177
ENSG00000128699,ENSMUSG00000030839
ENSG00000197653,ENSMUSG00000020781
ENSG00000198937,ENSMUSG00000028469
ENSG00000186871,ENSMUSG00000058503
ENSG00000152580,ENSMUSG00000028362
ENSG00000130349,ENSMUSG00000072423
ENSG00000162909,ENSMUSG00000095867
ENSG00000108370,ENSMUSG00000038010
ENSG00000082497,ENSMUSG00000075574
ENSG00000206535,ENSMUSG00000028677
ENSG00000133069,ENSMUSG00000066268
ENSG00000125351,ENSMUSG00000076432
ENSG00000102898,ENSMUSG00000065999
ENSG00000125834,ENSMUSG00000044098
ENSG00000172478,ENSMUSG00000014592
ENSG00000224659,ENSMUSG00000040729
ENSG00000147854,ENSMUSG00000048895
ENSG00000162623,ENSMUSG00000032036
ENSG00000144550,ENSMUSG00000021376
ENSG00000006534,ENSMUSG00000082976
ENSG00000269713,ENSMUSG00000045620
ENSG00000188784,ENSMUSG00000023991
ENSG00000096088,ENSMUSG00000030589
ENSG00000088854,ENSMUSG00000057722
ENSG00000099364,ENSMUSG00000045148
ENSG00000102302,ENSMUSG00000035200
ENSG00000179256,ENSMUSG00000033055
ENSG00000184076,ENSMUSG00000020115
ENSG00000182010,ENSMUSG00000084346
ENSG00000135355,ENSMUSG00000062426
ENSG00000113240,ENSMUSG00000030096
ENSG00000119865,ENSMUSG00000078575
ENSG00000174744,ENSMUSG00000048388
ENSG00000215371,ENSMUSG00000079409
ENSG00000133136,ENSMUSG00000042507
ENSG00000101084,ENSMUSG00000027332
ENSG00000106052,ENSMUSG00000050239
ENSG00000175866,ENSMUSG00000072662
ENSG00000158286,ENSMUSG00000032076
ENSG00000134443,ENSMUSG00000042707
ENSG00000186930,ENSMUSG00000043602
ENSG00000134545,ENSMUSG00000055024
ENSG00000174059,ENSMUSG00000095886
ENSG00000165995,ENSMUSG00000099689
ENSG00000138772,ENSMUSG00000095543
ENSG00000196368,ENSMUSG00000057228
ENSG00000237353,ENSMUSG00000021643
ENSG00000120733,ENSMUSG00000093661
ENSG00000284209,ENSMUSG00000022515
ENSG00000253457,ENSMUSG00000101146
ENSG00000177189,ENSMUSG00000063849
ENSG00000088256,ENSMUSG00000073494
ENSG00000197714,ENSMUSG00000022505
ENSG00000142583,ENSMUSG00000094103
ENSG00000143196,ENSMUSG00000061306
ENSG00000152102,ENSMUSG00000029420
ENSG00000179335,ENSMUSG00000050989
ENSG00000122042,ENSMUSG00000078198
ENSG00000197241,ENSMUSG00000026028
ENSG00000131845,ENSMUSG00000034613
ENSG00000064490,ENSMUSG00000075151
ENSG00000134061,ENSMUSG00000039357
ENSG00000011677,ENSMUSG00000021069
ENSG00000184203,ENSMUSG00000032178
ENSG00000127720,ENSMUSG00000034117
ENSG00000126458,ENSMUSG00000044798
ENSG00000149548,ENSMUSG00000025731
ENSG00000180433,ENSMUSG00000028063
ENSG00000177383,ENSMUSG00000030340
ENSG00000028277,ENSMUSG00000097427
ENSG00000085741,ENSMUSG00000073158
ENSG00000145494,ENSMUSG00000026790
ENSG00000007129,ENSMUSG00000089753
ENSG00000163624,ENSMUSG00000060630
ENSG00000025708,ENSMUSG00000001034
ENSG00000221890,ENSMUSG00000032842
ENSG00000165280,ENSMUSG00000021595
ENSG00000109501,ENSMUSG00000052187
ENSG00000163357,ENSMUSG00000042831
ENSG00000155833,ENSMUSG00000073207
ENSG00000140678,ENSMUSG00000022269
ENSG00000134291,ENSMUSG00000099861
ENSG00000105229,ENSMUSG00000041638
ENSG00000099203,ENSMUSG00000086322
ENSG00000091317,ENSMUSG00000045333
ENSG00000169783,ENSMUSG00000028991
ENSG00000205669,ENSMUSG00000079666
ENSG00000137145,ENSMUSG00000021210
ENSG00000186628,ENSMUSG00000044982
ENSG00000113761,ENSMUSG00000073008
ENSG00000261701,ENSMUSG00000008200
ENSG00000183340,ENSMUSG00000078256
ENSG00000239382,ENSMUSG00000031239
ENSG00000135185,ENSMUSG00000019230
ENSG00000181903,ENSMUSG00000078234
ENSG00000167470,ENSMUSG00000037613
ENSG00000221886,ENSMUSG00000006313
ENSG00000203757,ENSMUSG00000058624
ENSG00000182585,ENSMUSG00000071347
ENSG00000274641,ENSMUSG00000023170
ENSG00000137478,ENSMUSG00000029201
ENSG00000122367,ENSMUSG00000066031
ENSG00000159263,ENSMUSG00000030109
ENSG00000110934,ENSMUSG00000045019
ENSG00000141568,ENSMUSG00000033712
ENSG00000106399,ENSMUSG00000049555
ENSG00000168081,ENSMUSG00000032977
ENSG00000043462,ENSMUSG00000021670
ENSG00000169682,ENSMUSG00000096808
ENSG00000079156,ENSMUSG00000068101
ENSG00000149289,ENSMUSG00000066026
ENSG00000243725,ENSMUSG00000095180
ENSG00000171346,ENSMUSG00000069601
ENSG00000139278,ENSMUSG00000031738
ENSG00000094841,ENSMUSG00000051777
ENSG00000126214,ENSMUSG00000061086
ENSG00000099949,ENSMUSG00000068950
ENSG00000125968,ENSMUSG00000058618
ENSG00000164707,ENSMUSG00000070323
ENSG00000162772,ENSMUSG00000043715
ENSG00000146587,ENSMUSG00000063409
ENSG00000104951,ENSMUSG00000026639
ENSG00000152620,ENSMUSG00000034438
ENSG00000141030,ENSMUSG00000020648
ENSG00000196427,ENSMUSG00000070847
ENSG00000133026,ENSMUSG00000069744
ENSG00000163873,ENSMUSG00000013698
ENSG00000213203,ENSMUSG00000050635
ENSG00000172748,ENSMUSG00000034430
ENSG00000182771,ENSMUSG00000042613
ENSG00000167978,ENSMUSG00000078566
ENSG00000130204,ENSMUSG00000041567
ENSG00000163565,ENSMUSG00000063020
ENSG00000131269,ENSMUSG00000069295
ENSG00000197125,ENSMUSG00000036955
ENSG00000130167,ENSMUSG00000013668
ENSG00000165526,ENSMUSG00000023572
ENSG00000118307,ENSMUSG00000024854
ENSG00000126337,ENSMUSG00000063529
ENSG00000107014,ENSMUSG00000041187
ENSG00000179859,ENSMUSG00000039568
ENSG00000144554,ENSMUSG00000091722
ENSG00000010704,ENSMUSG00000036867
ENSG00000108506,ENSMUSG00000075387
ENSG00000105443,ENSMUSG00000026280
ENSG00000160179,ENSMUSG00000037461
ENSG00000197746,ENSMUSG00000037736
ENSG00000137955,ENSMUSG00000079269
ENSG00000116299,ENSMUSG00000037279
ENSG00000013364,ENSMUSG00000092310
ENSG00000196812,ENSMUSG00000002844
ENSG00000184434,ENSMUSG00000019088
ENSG00000106804,ENSMUSG00000078597
ENSG00000143774,ENSMUSG00000048096
ENSG00000113068,ENSMUSG00000021177
ENSG00000108561,ENSMUSG00000042564
ENSG00000183878,ENSMUSG00000022583
ENSG00000129351,ENSMUSG00000025056
ENSG00000300293,ENSMUSG00000037443
ENSG00000271601,ENSMUSG00000031297
ENSG00000164761,ENSMUSG00000037418
ENSG00000145687,ENSMUSG00000098078
ENSG00000196584,ENSMUSG00000095869
ENSG00000166452,ENSMUSG00000040055
ENSG00000151553,ENSMUSG00000057137
ENSG00000251287,ENSMUSG00000020576
ENSG00000150779,ENSMUSG00000030532
ENSG00000164941,ENSMUSG00000021619
ENSG00000197162,ENSMUSG00000017405
ENSG00000118702,ENSMUSG00000021414
ENSG00000120533,ENSMUSG00000039084
ENSG00000143248,ENSMUSG00000028558
ENSG00000167858,ENSMUSG00000042357
ENSG00000104517,ENSMUSG00000074283
ENSG00000100351,ENSMUSG00000059791
ENSG00000163273,ENSMUSG00000045467
ENSG00000147536,ENSMUSG00000024309
ENSG00000018189,ENSMUSG00000038774
ENSG00000180318,ENSMUSG00000057897
ENSG00000102879,ENSMUSG00000006542
ENSG00000174939,ENSMUSG00000037754
ENSG00000275152,ENSMUSG00000024975
ENSG00000183638,ENSMUSG00000035560
ENSG00000173610,ENSMUSG00000094081
ENSG00000117262,ENSMUSG00000038552
ENSG00000121775,ENSMUSG00000042726
ENSG00000204472,ENSMUSG00000053687
ENSG00000119699,ENSMUSG00000109403
ENSG00000169398,ENSMUSG00000047002
ENSG00000277058,ENSMUSG00000067882
ENSG00000113520,ENSMUSG00000051980
ENSG00000141750,ENSMUSG00000043605
ENSG00000182348,ENSMUSG00000019772
ENSG00000139651,ENSMUSG00000056174
ENSG00000168454,ENSMUSG00000057265
ENSG00000184060,ENSMUSG00000050074
ENSG00000092330,ENSMUSG00000015001
ENSG00000141527,ENSMUSG00000015668
ENSG00000119321,ENSMUSG00000052819
ENSG00000167483,ENSMUSG00000026618
ENSG00000162009,ENSMUSG00000057719
ENSG00000168621,ENSMUSG00000031471
ENSG00000126243,ENSMUSG00000041617
ENSG00000184471,ENSMUSG00000052305
ENSG00000227140,ENSMUSG00000032437
ENSG00000251158,ENSMUSG00000031585
ENSG00000120802,ENSMUSG00000051727
ENSG00000137266,ENSMUSG00000085007
ENSG00000142188,ENSMUSG00000005779
ENSG00000196616,ENSMUSG00000091415
ENSG00000166796,ENSMUSG00000040891
ENSG00000165288,ENSMUSG00000048186
ENSG00000133393,ENSMUSG00000048758
ENSG00000240021,ENSMUSG00000079553
ENSG00000187109,ENSMUSG00000090762
ENSG00000214338,ENSMUSG00000032598
ENSG00000249948,ENSMUSG00000020591
ENSG00000278023,ENSMUSG00000040528
ENSG00000120137,ENSMUSG00000075142
ENSG00000182667,ENSMUSG00000030605
ENSG00000152147,ENSMUSG00000027656
ENSG00000020426,ENSMUSG00000033287
ENSG00000102935,ENSMUSG00000062275
ENSG00000088812,ENSMUSG00000067704
ENSG00000125084,ENSMUSG00000032480
ENSG00000139428,ENSMUSG00000029536
ENSG00000134001,ENSMUSG00000032451
ENSG00000109205,ENSMUSG00000058773
ENSG00000086848,ENSMUSG00000025496
ENSG00000164626,ENSMUSG00000022665
ENSG00000203837,ENSMUSG00000025425
ENSG00000147378,ENSMUSG00000028262
ENSG00000204291,ENSMUSG00000092277
ENSG00000172379,ENSMUSG00000040640
ENSG00000116260,ENSMUSG00000018167
ENSG00000198133,ENSMUSG00000031775
ENSG00000101266,ENSMUSG00000028821
ENSG00000070785,ENSMUSG00000068536
ENSG00000180871,ENSMUSG00000062797
ENSG00000164659,ENSMUSG00000031242
ENSG00000172139,ENSMUSG00000074934
ENSG00000105639,ENSMUSG00000079084
ENSG00000180616,ENSMUSG00000017670
ENSG00000105696,ENSMUSG00000029059
ENSG00000163349,ENSMUSG00000022340
ENSG00000198373,ENSMUSG00000023120
ENSG00000054356,ENSMUSG00000014195
ENSG00000110203,ENSMUSG00000039396
ENSG00000125347,ENSMUSG00000031584
ENSG00000103043,ENSMUSG00000045587
ENSG00000126457,ENSMUSG00000055561
ENSG00000006638,ENSMUSG00000048617
ENSG00000177551,ENSMUSG00000072888
ENSG00000103326,ENSMUSG00000017801
ENSG00000138760,ENSMUSG00000024805
ENSG00000135297,ENSMUSG00000059336
ENSG00000173482,ENSMUSG00000029055
ENSG00000006625,ENSMUSG00000036822
ENSG00000198554,ENSMUSG00000052417
ENSG00000128346,ENSMUSG00000040918
ENSG00000133704,ENSMUSG00000041594
ENSG00000234560,ENSMUSG00000091497
ENSG00000124157,ENSMUSG00000006711
ENSG00000155959,ENSMUSG00000051499
ENSG00000101166,ENSMUSG00000029192
ENSG00000157193,ENSMUSG00000006720
ENSG00000149273,ENSMUSG00000025519
ENSG00000162775,ENSMUSG00000045689
ENSG00000102760,ENSMUSG00000062814
ENSG00000154265,ENSMUSG00000094936
ENSG00000197093,ENSMUSG00000103092
ENSG00000081177,ENSMUSG00000031583
ENSG00000171872,ENSMUSG00000041362
ENSG00000127922,ENSMUSG00000019977
ENSG00000143502,ENSMUSG00000024338
ENSG00000105568,ENSMUSG00000038208
ENSG00000110324,ENSMUSG00000027067
ENSG00000187959,ENSMUSG00000040524
ENSG00000187658,ENSMUSG00000045573
ENSG00000161243,ENSMUSG00000096294
ENSG00000183401,ENSMUSG00000075208
ENSG00000126870,ENSMUSG00000032527
ENSG00000116750,ENSMUSG00000036894
ENSG00000196126,ENSMUSG00000029175
ENSG00000204010,ENSMUSG00000026686
ENSG00000047230,ENSMUSG00000050957
ENSG00000118197,ENSMUSG00000046178
ENSG00000171916,ENSMUSG00000029419
ENSG00000158793,ENSMUSG00000002455
ENSG00000173930,ENSMUSG00000030325
ENSG00000178201,ENSMUSG00000015112
ENSG00000124459,ENSMUSG00000032523
ENSG00000221989,ENSMUSG00000044976
ENSG00000139287,ENSMUSG00000028693
ENSG00000204610,ENSMUSG00000031994
ENSG00000114982,ENSMUSG00000024122
ENSG00000155761,ENSMUSG00000018916
ENSG00000119661,ENSMUSG00000038416
ENSG00000197430,ENSMUSG00000050930
ENSG00000159495,ENSMUSG00000029050
ENSG00000159216,ENSMUSG00000057541
ENSG00000089163,ENSMUSG00000029146
ENSG00000105983,ENSMUSG00000049214
ENSG00000260220,ENSMUSG00000034729
ENSG00000188986,ENSMUSG00000035890
ENSG00000151445,ENSMUSG00000040859
ENSG00000273706,ENSMUSG00000071019
ENSG00000256591,ENSMUSG00000045102
ENSG00000116586,ENSMUSG00000037337
ENSG00000260325,ENSMUSG00000059626
ENSG00000244234,ENSMUSG00000030930
ENSG00000140968,ENSMUSG00000010311
ENSG00000104442,ENSMUSG00000047626
ENSG00000175514,ENSMUSG00000018209
ENSG00000079841,ENSMUSG00000038009
ENSG00000076662,ENSMUSG00000042606
ENSG00000049449,ENSMUSG00000050625
ENSG00000188782,ENSMUSG00000051185
ENSG00000274529,ENSMUSG00000061068
ENSG00000170242,ENSMUSG00000036093
ENSG00000159023,ENSMUSG00000032060
ENSG00000101146,ENSMUSG00000014873
ENSG00000165553,ENSMUSG00000029735
ENSG00000158747,ENSMUSG00000027925
ENSG00000149557,ENSMUSG00000037126
ENSG00000270765,ENSMUSG00000034159
ENSG00000080845,ENSMUSG00000019867
ENSG00000122585,ENSMUSG00000043290
ENSG00000260916,ENSMUSG00000031788
ENSG00000135976,ENSMUSG00000020087
ENSG00000048649,ENSMUSG00000024868
ENSG00000180921,ENSMUSG00000071772
ENSG00000106330,ENSMUSG00000025658
ENSG00000141934,ENSMUSG00000054414
ENSG00000114654,ENSMUSG00000006457
ENSG00000071889,ENSMUSG00000034083
ENSG00000179059,ENSMUSG00000021901
ENSG00000204385,ENSMUSG00000027177
ENSG00000186652,ENSMUSG00000079258
ENSG00000184640,ENSMUSG00000063428
ENSG00000170819,ENSMUSG00000030887
ENSG00000143398,ENSMUSG00000054517
ENSG00000179094,ENSMUSG00000063049
ENSG00000183310,ENSMUSG00000027956
ENSG00000170160,ENSMUSG00000030156
ENSG00000288702,ENSMUSG00000022762
ENSG00000160856,ENSMUSG00000030064
ENSG00000100987,ENSMUSG00000022023
ENSG00000144867,ENSMUSG00000016496
ENSG00000071991,ENSMUSG00000029445
ENSG00000204388,ENSMUSG00000024346
ENSG00000162643,ENSMUSG00000027429
ENSG00000108830,ENSMUSG00000028364
ENSG00000154040,ENSMUSG00000063971
ENSG00000174697,ENSMUSG00000015627
ENSG00000171552,ENSMUSG00000090394
ENSG00000070269,ENSMUSG00000046314
ENSG00000118518,ENSMUSG00000013419
ENSG00000160336,ENSMUSG00000104158
ENSG00000157890,ENSMUSG00000044786
ENSG00000184388,ENSMUSG00000094941
ENSG00000285946,ENSMUSG00000025418
ENSG00000122483,ENSMUSG00000101578
ENSG00000156171,ENSMUSG00000032739
ENSG00000085831,ENSMUSG00000037730
ENSG00000131480,ENSMUSG00000096527
ENSG00000247596,ENSMUSG00000034192
ENSG00000225614,ENSMUSG00000030759
ENSG00000163040,ENSMUSG00000092292
ENSG00000133124,ENSMUSG00000070570
ENSG00000121578,ENSMUSG00000028747
ENSG00000105877,ENSMUSG00000049764
ENSG00000151576,ENSMUSG00000046269
ENSG00000156709,ENSMUSG00000026036
ENSG00000069493,ENSMUSG00000078907
ENSG00000197786,ENSMUSG00000027712
ENSG00000196787,ENSMUSG00000006715
ENSG00000167769,ENSMUSG00000035085
ENSG00000205186,ENSMUSG00000047492
ENSG00000109536,ENSMUSG00000027635
ENSG00000196670,ENSMUSG00000036959
ENSG00000003989,ENSMUSG00000026458
ENSG00000115234,ENSMUSG00000046999
ENSG00000124334,ENSMUSG00000095360
ENSG00000157326,ENSMUSG00000051527
ENSG00000085563,ENSMUSG00000030223
ENSG00000185519,ENSMUSG00000073878
ENSG00000184911,ENSMUSG00000002767
ENSG00000161057,ENSMUSG00000030559
ENSG00000175445,ENSMUSG00000047094
ENSG00000109667,ENSMUSG00000021342
ENSG00000274750,ENSMUSG00000004891
ENSG00000185798,ENSMUSG00000026933
ENSG00000184254,ENSMUSG00000069893
ENSG00000198799,ENSMUSG00000094545
ENSG00000028203,ENSMUSG00000038007
ENSG00000167323,ENSMUSG00000072640
ENSG00000087116,ENSMUSG00000095577
ENSG00000100280,ENSMUSG00000035201
ENSG00000106538,ENSMUSG00000051456
ENSG00000063515,ENSMUSG00000053678
ENSG00000278505,ENSMUSG00000023122
ENSG00000132635,ENSMUSG00000059908
ENSG00000140743,ENSMUSG00000029154
ENSG00000173473,ENSMUSG00000056350
ENSG00000124212,ENSMUSG00000040473
ENSG00000158220,ENSMUSG00000021432
ENSG00000005700,ENSMUSG00000027714
ENSG00000118849,ENSMUSG00000032359
ENSG00000150455,ENSMUSG00000047502
ENSG00000012779,ENSMUSG00000038876
ENSG00000151665,ENSMUSG00000081984
ENSG00000057593,ENSMUSG00000019966
ENSG00000170049,ENSMUSG00000034263
ENSG00000105856,ENSMUSG00000035407
ENSG00000082196,ENSMUSG00000095634
ENSG00000135457,ENSMUSG00000029999
ENSG00000111300,ENSMUSG00000025220
ENSG00000179855,ENSMUSG00000000168
ENSG00000100664,ENSMUSG00000057003
ENSG00000106125,ENSMUSG00000057899
ENSG00000224107,ENSMUSG00000005952
ENSG00000183570,ENSMUSG00000037072
ENSG00000184697,ENSMUSG00000022570
ENSG00000258806,ENSMUSG00000020457
ENSG00000101019,ENSMUSG00000040339
ENSG00000184445,ENSMUSG00000002329
ENSG00000117593,ENSMUSG00000000194
ENSG00000188257,ENSMUSG00000091144
ENSG00000136110,ENSMUSG00000033916
ENSG00000166800,ENSMUSG00000075061
ENSG00000135205,ENSMUSG00000054065
ENSG00000165509,ENSMUSG00000052776
ENSG00000132356,ENSMUSG00000000088
ENSG00000196663,ENSMUSG00000041684
ENSG00000204450,ENSMUSG00000063160
ENSG00000146223,ENSMUSG00000016257
ENSG00000164631,ENSMUSG00000055862
ENSG00000175877,ENSMUSG00000036504
ENSG00000255855,ENSMUSG00000023827
ENSG00000236761,ENSMUSG00000027378
ENSG00000130487,ENSMUSG00000079635
ENSG00000164438,ENSMUSG00000035387
ENSG00000179195,ENSMUSG00000018661
ENSG00000178974,ENSMUSG00000024236
ENSG00000135773,ENSMUSG00000032327
ENSG00000172175,ENSMUSG00000101252
ENSG00000108100,ENSMUSG00000061561
ENSG00000164188,ENSMUSG00000029202
ENSG00000152464,ENSMUSG00000067006
ENSG00000178538,ENSMUSG00000044724
ENSG00000090316,ENSMUSG00000030972
ENSG00000170340,ENSMUSG00000094721
ENSG00000151923,ENSMUSG00000032034
ENSG00000174483,ENSMUSG00000028641
ENSG00000125304,ENSMUSG00000035011
ENSG00000141458,ENSMUSG00000075064
ENSG00000182158,ENSMUSG00000072905
ENSG00000105509,ENSMUSG00000035493
ENSG00000120709,ENSMUSG00000047735
ENSG00000145284,ENSMUSG00000032551
ENSG00000134744,ENSMUSG00000100249
ENSG00000116703,ENSMUSG00000042097
ENSG00000080618,ENSMUSG00000003555
ENSG00000106692,ENSMUSG00000093485
ENSG00000138430,ENSMUSG00000026930
ENSG00000141562,ENSMUSG00000019894
ENSG00000177275,ENSMUSG00000050621
ENSG00000166477,ENSMUSG00000031028
ENSG00000171497,ENSMUSG00000003131
ENSG00000016391,ENSMUSG00000022214
ENSG00000099954,ENSMUSG00000101401
ENSG00000198911,ENSMUSG00000026181
ENSG00000170442,ENSMUSG00000019863
ENSG00000185306,ENSMUSG00000026380
ENSG00000182162,ENSMUSG00000001823
ENSG00000225327,ENSMUSG00000078262
ENSG00000196569,ENSMUSG00000050014
ENSG00000165568,ENSMUSG00000029071
ENSG00000070018,ENSMUSG00000019756
ENSG00000178217,ENSMUSG00000005034
ENSG00000232629,ENSMUSG00000021886
ENSG00000107104,ENSMUSG00000070419
ENSG00000184984,ENSMUSG00000047443
ENSG00000113916,ENSMUSG00000047694
ENSG00000186910,ENSMUSG00000024095
ENSG00000168785,ENSMUSG00000054091
ENSG00000006432,ENSMUSG00000091662
ENSG00000166415,ENSMUSG00000029578
ENSG00000155115,ENSMUSG00000024758
ENSG00000062598,ENSMUSG00000028072
ENSG00000181733,ENSMUSG00000092305
ENSG00000166275,ENSMUSG00000031278
ENSG00000078725,ENSMUSG00000025324
ENSG00000221988,ENSMUSG00000003974
ENSG00000186591,ENSMUSG00000028713
ENSG00000101557,ENSMUSG00000051910
ENSG00000204616,ENSMUSG00000040464
ENSG00000065989,ENSMUSG00000028589
ENSG00000077420,ENSMUSG00000055033
ENSG00000239887,ENSMUSG00000040550
ENSG00000089157,ENSMUSG00000024600
ENSG00000143226,ENSMUSG00000047911
ENSG00000057468,ENSMUSG00000020605
ENSG00000089094,ENSMUSG00000037167
ENSG00000082074,ENSMUSG00000034274
ENSG00000005801,ENSMUSG00000042712
ENSG00000269190,ENSMUSG00000022791
ENSG00000107651,ENSMUSG00000032340
ENSG00000117036,ENSMUSG00000028980
ENSG00000165392,ENSMUSG00000040734
ENSG00000115935,ENSMUSG00000046807
ENSG00000223611,ENSMUSG00000040374
ENSG00000119685,ENSMUSG00000051022
ENSG00000203943,ENSMUSG00000028292
ENSG00000091732,ENSMUSG00000021327
ENSG00000171403,ENSMUSG00000090740
ENSG00000169641,ENSMUSG00000035107
ENSG00000101473,ENSMUSG00000041375
ENSG00000176290,ENSMUSG00000021413
ENSG00000122223,ENSMUSG00000109305
ENSG00000213160,ENSMUSG00000042157
ENSG00000122692,ENSMUSG00000055737
ENSG00000161013,ENSMUSG00000079051
ENSG00000180488,ENSMUSG00000041642
ENSG00000116044,ENSMUSG00000029352
ENSG00000105583,ENSMUSG00000055963
ENSG00000155016,ENSMUSG00000091735
ENSG00000182952,ENSMUSG00000027805
ENSG00000132478,ENSMUSG00000071660
ENSG00000173653,ENSMUSG00000056656
ENSG00000170949,ENSMUSG00000046828
ENSG00000146926,ENSMUSG00000028670
ENSG00000234602,ENSMUSG00000041926
ENSG00000164610,ENSMUSG00000004099
ENSG00000182511,ENSMUSG00000002475
ENSG00000167117,ENSMUSG00000032127
ENSG00000198453,ENSMUSG00000045659
ENSG00000197498,ENSMUSG00000017781
ENSG00000181513,ENSMUSG00000107872
ENSG00000177125,ENSMUSG00000021803
ENSG00000173838,ENSMUSG00000096009
ENSG00000102893,ENSMUSG00000099481
ENSG00000135469,ENSMUSG00000038024
ENSG00000105655,ENSMUSG00000049902
ENSG00000118515,ENSMUSG00000027997
ENSG00000182149,ENSMUSG00000071815
ENSG00000101958,ENSMUSG00000095787
ENSG00000166160,ENSMUSG00000054252
ENSG00000163633,ENSMUSG00000036377
ENSG00000164398,ENSMUSG00000022421
ENSG00000134283,ENSMUSG00000022911
ENSG00000196141,ENSMUSG00000020892
ENSG00000185900,ENSMUSG00000033083
ENSG00000151835,ENSMUSG00000019822
ENSG00000185112,ENSMUSG00000020818
ENSG00000114857,ENSMUSG00000045176
ENSG00000196420,ENSMUSG00000029038
ENSG00000177570,ENSMUSG00000070803
ENSG00000170439,ENSMUSG00000050908
ENSG00000148483,ENSMUSG00000038387
ENSG00000127952,ENSMUSG00000029111
ENSG00000164944,ENSMUSG00000068523
ENSG00000215454,ENSMUSG00000034160
ENSG00000185670,ENSMUSG00000042650
ENSG00000198704,ENSMUSG00000025086
ENSG00000103196,ENSMUSG00000102037
ENSG00000143595,ENSMUSG00000015882
ENSG00000121966,ENSMUSG00000027695
ENSG00000147650,ENSMUSG00000071477
ENSG00000150401,ENSMUSG00000034190
ENSG00000167360,ENSMUSG00000095745
ENSG00000131236,ENSMUSG00000021306
ENSG00000105402,ENSMUSG00000046671
ENSG00000149100,ENSMUSG00000000134
ENSG00000167562,ENSMUSG00000073954
ENSG00000186919,ENSMUSG00000039307
ENSG00000189375,ENSMUSG00000072572
ENSG00000228300,ENSMUSG00000056201
ENSG00000136840,ENSMUSG00000037112
ENSG00000165457,ENSMUSG00000019659
ENSG00000188732,ENSMUSG00000029736
ENSG00000157999,ENSMUSG00000047454
ENSG00000259431,ENSMUSG00000031684
ENSG00000177455,ENSMUSG00000013584
ENSG00000187664,ENSMUSG00000020219
ENSG00000172188,ENSMUSG00000003534
ENSG00000133131,ENSMUSG00000033400
ENSG00000080819,ENSMUSG00000060688
ENSG00000131931,ENSMUSG00000045679
ENSG00000102043,ENSMUSG00000031370
ENSG00000128276,ENSMUSG00000029817
ENSG00000237289,ENSMUSG00000033955
ENSG00000160190,ENSMUSG00000030539
ENSG00000242485,ENSMUSG00000042684
ENSG00000151364,ENSMUSG00000029193
ENSG00000135374,ENSMUSG00000075181
ENSG00000204264,ENSMUSG00000100923
ENSG00000198563,ENSMUSG00000018259
ENSG00000223569,ENSMUSG00000024207
ENSG00000085552,ENSMUSG00000031762
ENSG00000148950,ENSMUSG00000053334
ENSG00000174010,ENSMUSG00000069041
ENSG00000107938,ENSMUSG00000090439
ENSG00000133401,ENSMUSG00000022680
ENSG00000147874,ENSMUSG00000045362
ENSG00000205809,ENSMUSG00000052214
ENSG00000168658,ENSMUSG00000021403
ENSG00000149177,ENSMUSG00000040003
ENSG00000198846,ENSMUSG00000021840
ENSG00000151876,ENSMUSG00000018861
ENSG00000280094,ENSMUSG00000024833
ENSG00000167779,ENSMUSG00000096549
ENSG00000063761,ENSMUSG00000047104
ENSG00000077616,ENSMUSG00000033855
ENSG00000198742,ENSMUSG00000025003
ENSG00000123607,ENSMUSG00000095864
ENSG00000133627,ENSMUSG00000103749
ENSG00000107829,ENSMUSG00000031636
ENSG00000132436,ENSMUSG00000032532
ENSG00000131864,ENSMUSG00000044308
ENSG00000162959,ENSMUSG00000021590
ENSG00000090686,ENSMUSG00000024224
ENSG00000283463,ENSMUSG00000042541
ENSG00000181215,ENSMUSG00000064354
ENSG00000159063,ENSMUSG00000021532
ENSG00000282872,ENSMUSG00000079144
ENSG00000174996,ENSMUSG00000027342
ENSG00000198028,ENSMUSG00000089687
ENSG00000214897,ENSMUSG00000037999
ENSG00000104886,ENSMUSG00000078508
ENSG00000106733,ENSMUSG00000060090
ENSG00000109758,ENSMUSG00000005534
ENSG00000145730,ENSMUSG00000095540
ENSG00000135926,ENSMUSG00000056306
ENSG00000143867,ENSMUSG00000017754
ENSG00000167283,ENSMUSG00000096760
ENSG00000178662,ENSMUSG00000026840
ENSG00000181927,ENSMUSG00000053465
ENSG00000115368,ENSMUSG00000039059
ENSG00000092108,ENSMUSG00000041681
ENSG00000172766,ENSMUSG00000073412
ENSG00000168404,ENSMUSG00000045757
ENSG00000101871,ENSMUSG00000038115
ENSG00000249693,ENSMUSG00000038084
ENSG00000120471,ENSMUSG00000028668
ENSG00000115297,ENSMUSG00000001493
ENSG00000001630,ENSMUSG00000079415
ENSG00000099974,ENSMUSG00000056216
ENSG00000134186,ENSMUSG00000079227
ENSG00000157992,ENSMUSG00000090626
ENSG00000157978,ENSMUSG00000028121
ENSG00000101425,ENSMUSG00000032718
ENSG00000176225,ENSMUSG00000082079
ENSG00000168286,ENSMUSG00000022033
ENSG00000086289,ENSMUSG00000073530
ENSG00000137261,ENSMUSG00000031700
ENSG00000125746,ENSMUSG00000052727
ENSG00000164932,ENSMUSG00000047036
ENSG00000149575,ENSMUSG00000051900
ENSG00000168634,ENSMUSG00000020003
ENSG00000135720,ENSMUSG00000026395
ENSG00000135775,ENSMUSG00000056961
ENSG00000135624,ENSMUSG00000054280
ENSG00000101190,ENSMUSG00000032020
ENSG00000175105,ENSMUSG00000022761
ENSG00000282419,ENSMUSG00000060224
ENSG00000028528,ENSMUSG00000054134
ENSG00000132746,ENSMUSG00000076438
ENSG00000279395,ENSMUSG00000072964
ENSG00000187175,ENSMUSG00000031561
ENSG00000014257,ENSMUSG00000015879
ENSG00000204219,ENSMUSG00000030180
ENSG00000164129,ENSMUSG00000059323
ENSG00000237651,ENSMUSG00000029552
ENSG00000113552,ENSMUSG00000025017
ENSG00000125726,ENSMUSG00000003528
ENSG00000198829,ENSMUSG00000042751
ENSG00000204305,ENSMUSG00000026220
ENSG00000102055,ENSMUSG00000041975
ENSG00000185437,ENSMUSG00000032308
ENSG00000205899,ENSMUSG00000040752
ENSG00000105357,ENSMUSG00000038762
ENSG00000141551,ENSMUSG00000067297
ENSG00000180251,ENSMUSG00000001750
ENSG00000140497,ENSMUSG00000048644
ENSG00000165733,ENSMUSG00000022849
ENSG00000111652,ENSMUSG00000064373
ENSG00000163281,ENSMUSG00000075002
ENSG00000185942,ENSMUSG00000015519
ENSG00000204613,ENSMUSG00000058052
ENSG00000189108,ENSMUSG00000016498
ENSG00000196440,ENSMUSG00000039001
ENSG00000160883,ENSMUSG00000067229
ENSG00000064300,ENSMUSG00000031508
ENSG00000155093,ENSMUSG00000000581
ENSG00000243156,ENSMUSG00000030708
ENSG00000011009,ENSMUSG00000073966
ENSG00000096746,ENSMUSG00000027479
ENSG00000116906,ENSMUSG00000091450
ENSG00000166484,ENSMUSG00000061132
ENSG00000038382,ENSMUSG00000020407
ENSG00000104205,ENSMUSG00000038770
ENSG00000214324,ENSMUSG00000058806
ENSG00000214140,ENSMUSG00000033880
ENSG00000135407,ENSMUSG00000039219
ENSG00000163935,ENSMUSG00000020271
ENSG00000241595,ENSMUSG00000020319
ENSG00000204681,ENSMUSG00000079654
ENSG00000205302,ENSMUSG00000022863
ENSG00000215262,ENSMUSG00000019578
ENSG00000107719,ENSMUSG00000028580
ENSG00000113212,ENSMUSG00000071713
ENSG00000205916,ENSMUSG00000039349
ENSG00000146147,ENSMUSG00000043487
ENSG00000116539,ENSMUSG00000030335
ENSG00000086589,ENSMUSG00000033526
ENSG00000178950,ENSMUSG00000062510
ENSG00000234965,ENSMUSG00000024603
ENSG00000165023,ENSMUSG00000071644
ENSG00000117151,ENSMUSG00000009291
ENSG00000152578,ENSMUSG00000000244
ENSG00000138463,ENSMUSG00000018581
ENSG00000188725,ENSMUSG00000039943
ENSG00000142655,ENSMUSG00000042510
ENSG00000169239,ENSMUSG00000002949
ENSG00000196578,ENSMUSG00000005465
ENSG00000278705,ENSMUSG00000078599
ENSG00000196628,ENSMUSG00000047777
ENSG00000213793,ENSMUSG00000026368
ENSG00000168903,ENSMUSG00000030329
ENSG00000116030,ENSMUSG00000037638
ENSG00000197487,ENSMUSG00000039660
ENSG00000164087,ENSMUSG00000019518
ENSG00000165813,ENSMUSG00000028328
ENSG00000018699,ENSMUSG00000002297
ENSG00000171962,ENSMUSG00000023755
ENSG00000074966,ENSMUSG00000023947
ENSG00000149346,ENSMUSG00000078796
ENSG00000144655,ENSMUSG00000021756
ENSG00000100271,ENSMUSG00000011171
ENSG00000145283,ENSMUSG00000042447
ENSG00000169402,ENSMUSG00000058443
ENSG00000010270,ENSMUSG00000003541
ENSG00000175202,ENSMUSG00000049593
ENSG00000146477,ENSMUSG00000010721
ENSG00000174721,ENSMUSG00000026675
ENSG00000103199,ENSMUSG00000033585
ENSG00000145817,ENSMUSG00000029707
ENSG00000156049,ENSMUSG00000068587
ENSG00000075711,ENSMUSG00000028532
ENSG00000103742,ENSMUSG00000094443
ENSG00000197561,ENSMUSG00000101053
ENSG00000276234,ENSMUSG00000022191
ENSG00000163659,ENSMUSG00000052921
ENSG00000187726,ENSMUSG00000035048
ENSG00000204344,ENSMUSG00000021838
ENSG00000175206,ENSMUSG00000034947
ENSG00000073464,ENSMUSG00000035642
ENSG00000114251,ENSMUSG00000045625
ENSG00000157150,ENSMUSG00000017697
ENSG00000172757,ENSMUSG00000085880
ENSG00000186377,ENSMUSG00000041293
ENSG00000170925,ENSMUSG00000051817
ENSG00000144401,ENSMUSG00000042625
ENSG00000240045,ENSMUSG00000063931
ENSG00000005238,ENSMUSG00000036578
ENSG00000133083,ENSMUSG00000066196
ENSG00000100253,ENSMUSG00000021109
ENSG00000223601,ENSMUSG00000109528
ENSG00000153551,ENSMUSG00000038393
ENSG00000273238,ENSMUSG00000022257
ENSG00000166961,ENSMUSG00000024666
ENSG00000103145,ENSMUSG00000006169
ENSG00000132970,ENSMUSG00000100512
ENSG00000184731,ENSMUSG00000081859
ENSG00000175220,ENSMUSG00000042244
ENSG00000214513,ENSMUSG00000032913
ENSG00000161970,ENSMUSG00000031377
ENSG00000162889,ENSMUSG00000057037
ENSG00000166035,ENSMUSG00000028068
ENSG00000160710,ENSMUSG00000039759
ENSG00000165566,ENSMUSG00000049057
ENSG00000187772,ENSMUSG00000024357
ENSG00000284439,ENSMUSG00000095432
ENSG00000165533,ENSMUSG00000100846
ENSG00000131408,ENSMUSG00000022519
ENSG00000047644,ENSMUSG00000067279
ENSG00000188827,ENSMUSG00000031772
ENSG00000136026,ENSMUSG00000021771
ENSG00000108509,ENSMUSG00000033417
ENSG00000115380,ENSMUSG00000094461
ENSG00000120690,ENSMUSG00000019906
ENSG00000173212,ENSMUSG00000057789
ENSG00000197948,ENSMUSG00000044156
ENSG00000270629,ENSMUSG00000057193
ENSG00000053328,ENSMUSG00000031730
ENSG00000096384,ENSMUSG00000075206
ENSG00000175356,ENSMUSG00000028917
ENSG00000166900,ENSMUSG00000029663
ENSG00000105137,ENSMUSG00000046203
ENSG00000106384,ENSMUSG00000021314
ENSG00000169105,ENSMUSG00000033883
ENSG00000206052,ENSMUSG00000027692
ENSG00000131475,ENSMUSG00000029867
ENSG00000173728,ENSMUSG00000041556
ENSG00000106484,ENSMUSG00000028102
ENSG00000049540,ENSMUSG00000095026
ENSG00000262874,ENSMUSG00000075254
ENSG00000072163,ENSMUSG00000020160
ENSG00000085117,ENSMUSG00000016382
ENSG00000189280,ENSMUSG00000095710
ENSG00000185085,ENSMUSG00000038894
ENSG00000132792,ENSMUSG00000050312
ENSG00000157330,ENSMUSG00000043226
ENSG00000251692,ENSMUSG00000040021
ENSG00000138495,ENSMUSG00000055137
ENSG00000171793,ENSMUSG00000025020
ENSG00000171757,ENSMUSG00000021244
ENSG00000178445,ENSMUSG00000024737
ENSG00000129437,ENSMUSG00000044348
ENSG00000118454,ENSMUSG00000025498
ENSG00000206072,ENSMUSG00000025945
ENSG00000113558,ENSMUSG00000027375
ENSG00000044090,ENSMUSG00000090505
ENSG00000166159,ENSMUSG00000068289
ENSG00000186862,ENSMUSG00000030220
ENSG00000198398,ENSMUSG00000062232
ENSG00000184465,ENSMUSG00000021975
ENSG00000136944,ENSMUSG00000028484
ENSG00000125363,ENSMUSG00000002668
ENSG00000166750,ENSMUSG00000008090
ENSG00000151322,ENSMUSG00000024558
ENSG00000068323,ENSMUSG00000034709
ENSG00000146085,ENSMUSG00000095621
ENSG00000150773,ENSMUSG00000043795
ENSG00000152256,ENSMUSG00000035069
ENSG00000068024,ENSMUSG00000023272
ENSG00000171855,ENSMUSG00000037185
ENSG00000280314,ENSMUSG00000044518
ENSG00000168843,ENSMUSG00000037605
ENSG00000204516,ENSMUSG00000035852
ENSG00000187516,ENSMUSG00000053617
ENSG00000100697,ENSMUSG00000066456
ENSG00000163902,ENSMUSG00000101355
ENSG00000102755,ENSMUSG00000074785
ENSG00000173572,ENSMUSG00000022558
ENSG00000197937,ENSMUSG00000027323
ENSG00000104518,ENSMUSG00000032515
ENSG00000153563,ENSMUSG00000027245
ENSG00000189099,ENSMUSG00000045876
ENSG00000168298,ENSMUSG00000040701
ENSG00000184979,ENSMUSG00000022053
ENSG00000120324,ENSMUSG00000005716
ENSG00000187994,ENSMUSG00000029528
ENSG00000187257,ENSMUSG00000063823
ENSG00000116514,ENSMUSG00000022438
ENSG00000127946,ENSMUSG00000025068
ENSG00000163714,ENSMUSG00000027070
ENSG00000163421,ENSMUSG00000016933
ENSG00000204366,ENSMUSG00000052369
ENSG00000113649,ENSMUSG00000028039
ENSG00000102109,ENSMUSG00000094805
ENSG00000135108,ENSMUSG00000020263
ENSG00000242616,ENSMUSG00000021198
ENSG00000188001,ENSMUSG00000058488
ENSG00000125266,ENSMUSG00000059488
ENSG00000116748,ENSMUSG00000094612
ENSG00000162980,ENSMUSG00000020844
ENSG00000140682,ENSMUSG00000094733
ENSG00000116783,ENSMUSG00000022019
ENSG00000127954,ENSMUSG00000024866
ENSG00000188321,ENSMUSG00000009471
ENSG00000129925,ENSMUSG00000049737
ENSG00000183207,ENSMUSG00000029482
ENSG00000212123,ENSMUSG00000020707
ENSG00000128045,ENSMUSG00000034115
ENSG00000137770,ENSMUSG00000050248
ENSG00000168005,ENSMUSG00000020612
ENSG00000116791,ENSMUSG00000026510
ENSG00000085760,ENSMUSG00000035992
ENSG00000278889,ENSMUSG00000037536
ENSG00000050748,ENSMUSG00000020429
ENSG00000163704,ENSMUSG00000044560
ENSG00000174567,ENSMUSG00000053101
ENSG00000068305,ENSMUSG00000020680
ENSG00000175489,ENSMUSG00000094881
ENSG00000276043,ENSMUSG00000051896
ENSG00000185614,ENSMUSG00000031210
ENSG00000172171,ENSMUSG00000024145
ENSG00000103490,ENSMUSG00000071014
ENSG00000147166,ENSMUSG00000020483
ENSG00000285043,ENSMUSG00000026921
ENSG00000035115,ENSMUSG00000049739
ENSG00000270882,ENSMUSG00000095647
ENSG00000188042,ENSMUSG00000071726
ENSG00000185002,ENSMUSG00000101874
ENSG00000159374,ENSMUSG00000067528
ENSG00000162434,ENSMUSG00000109293
ENSG00000130724,ENSMUSG00000039055
ENSG00000088926,ENSMUSG00000039891
ENSG00000105825,ENSMUSG00000053835
ENSG00000165868,ENSMUSG00000051680
ENSG00000008056,ENSMUSG00000095450
ENSG00000095932,ENSMUSG00000049008
ENSG00000120784,ENSMUSG00000024030
ENSG00000164323,ENSMUSG00000091601
ENSG00000241322,ENSMUSG00000041440
ENSG00000278588,ENSMUSG00000025971
ENSG00000160789,ENSMUSG00000023964
ENSG00000136807,ENSMUSG00000026754
ENSG00000149506,ENSMUSG00000031343
ENSG00000129518,ENSMUSG00000094764
ENSG00000130193,ENSMUSG00000022914
ENSG00000187672,ENSMUSG00000057762
ENSG00000179240,ENSMUSG00000005881
ENSG00000196177,ENSMUSG00000037722
ENSG00000058729,ENSMUSG00000005057
ENSG00000243772,ENSMUSG00000070000
ENSG00000184292,ENSMUSG00000026223
ENSG00000072134,ENSMUSG00000026074
ENSG00000133858,ENSMUSG00000026987
ENSG00000100012,ENSMUSG00000071266
ENSG00000187778,ENSMUSG00000025355
ENSG00000101384,ENSMUSG00000035033
ENSG00000244067,ENSMUSG00000063762
ENSG00000048462,ENSMUSG00000018541
ENSG00000158006,ENSMUSG00000008373
ENSG00000176927,ENSMUSG00000037705
ENSG00000145287,ENSMUSG00000037095
ENSG00000138152,ENSMUSG00000052310
ENSG00000105514,ENSMUSG00000021338
ENSG00000005187,ENSMUSG00000044408
ENSG00000205309,ENSMUSG00000048482
ENSG00000070759,ENSMUSG00000052852
ENSG00000115353,ENSMUSG00000053963
ENSG00000121853,ENSMUSG00000096584
ENSG00000183621,ENSMUSG00000032518
ENSG00000142784,ENSMUSG00000096770
ENSG00000180440,ENSMUSG00000056724
ENSG00000206013,ENSMUSG00000052676
ENSG00000274183,ENSMUSG00000066366
ENSG00000135390,ENSMUSG00000027804
ENSG00000226174,ENSMUSG00000020834
ENSG00000080839,ENSMUSG00000091311
ENSG00000147905,ENSMUSG00000031610
ENSG00000184164,ENSMUSG00000029254
ENSG00000116521,ENSMUSG00000034792
ENSG00000072121,ENSMUSG00000035745
ENSG00000176907,ENSMUSG00000079022
ENSG00000153044,ENSMUSG00000060519
ENSG00000169282,ENSMUSG00000035372
ENSG00000234616,ENSMUSG00000056851
ENSG00000166783,ENSMUSG00000073964
ENSG00000166396,ENSMUSG00000074652
ENSG00000162769,ENSMUSG00000054128
ENSG00000160410,ENSMUSG00000028405
ENSG00000175595,ENSMUSG00000016179
ENSG00000122420,ENSMUSG00000061273
ENSG00000177989,ENSMUSG00000030103
ENSG00000159884,ENSMUSG00000029426
ENSG00000134762,ENSMUSG00000032113
ENSG00000019485,ENSMUSG00000028100
ENSG00000127837,ENSMUSG00000040331
ENSG00000186687,ENSMUSG00000039164
ENSG00000180818,ENSMUSG00000063251
ENSG00000090889,ENSMUSG00000042212
ENSG00000175985,ENSMUSG00000000794
ENSG00000204290,ENSMUSG00000046589
ENSG00000139718,ENSMUSG00000075524
ENSG00000144381,ENSMUSG00000094514
ENSG00000164900,ENSMUSG00000042918
ENSG00000188931,ENSMUSG00000079033
ENSG00000284643,ENSMUSG00000022428
ENSG00000147123,ENSMUSG00000025813
ENSG00000047648,ENSMUSG00000087512
ENSG00000105993,ENSMUSG00000001240
ENSG00000172986,ENSMUSG00000025724
ENSG00000084674,ENSMUSG00000040586
ENSG00000069275,ENSMUSG00000022377
ENSG00000171722,ENSMUSG00000040728
ENSG00000185761,ENSMUSG00000094986
ENSG00000006047,ENSMUSG00000071662
ENSG00000127325,ENSMUSG00000022948
ENSG00000144199,ENSMUSG00000094819
ENSG00000151067,ENSMUSG00000005804
ENSG00000067992,ENSMUSG00000095806
ENSG00000169902,ENSMUSG00000004654
ENSG00000227877,ENSMUSG00000069495
ENSG00000181523,ENSMUSG00000079608
ENSG00000183665,ENSMUSG00000026809
ENSG00000255151,ENSMUSG00000048153
ENSG00000143093,ENSMUSG00000038736
ENSG00000135164,ENSMUSG00000013766
ENSG00000159596,ENSMUSG00000047361
ENSG00000163046,ENSMUSG00000091805
ENSG00000141497,ENSMUSG00000059128
ENSG00000204371,ENSMUSG00000021974
ENSG00000144962,ENSMUSG00000064128
ENSG00000133114,ENSMUSG00000041747
ENSG00000197362,ENSMUSG00000052146
ENSG00000157110,ENSMUSG00000021253
ENSG00000182187,ENSMUSG00000035212
ENSG00000146839,ENSMUSG00000071679
ENSG00000116830,ENSMUSG00000025981
ENSG00000124429,ENSMUSG00000096045
ENSG00000221938,ENSMUSG00000022559
ENSG00000225973,ENSMUSG00000061517
ENSG00000124171,ENSMUSG00000024493
ENSG00000168894,ENSMUSG00000041912
ENSG00000170836,ENSMUSG00000026830
ENSG00000117228,ENSMUSG00000043051
ENSG00000101197,ENSMUSG00000094846
ENSG00000131979,ENSMUSG00000041459
ENSG00000114956,ENSMUSG00000033039
ENSG00000123352,ENSMUSG00000022199
ENSG00000166206,ENSMUSG00000027784
ENSG00000215021,ENSMUSG00000034154
ENSG00000172292,ENSMUSG00000057170
ENSG00000181378,ENSMUSG00000060311
ENSG00000168421,ENSMUSG00000044646
ENSG00000104331,ENSMUSG00000028452
ENSG00000168461,ENSMUSG00000040650
ENSG00000165140,ENSMUSG00000031264
ENSG00000178752,ENSMUSG00000041439
ENSG00000139835,ENSMUSG00000036111
ENSG00000166971,ENSMUSG00000024889
ENSG00000170899,ENSMUSG00000093639
ENSG00000164684,ENSMUSG00000015222
ENSG00000197779,ENSMUSG00000039515
ENSG00000254505,ENSMUSG00000104252
ENSG00000167705,ENSMUSG00000022218
ENSG00000189298,ENSMUSG00000051279
ENSG00000028116,ENSMUSG00000056947
ENSG00000139546,ENSMUSG00000031353
ENSG00000144827,ENSMUSG00000023353
ENSG00000197191,ENSMUSG00000028568
ENSG00000107959,ENSMUSG00000032946
ENSG00000148300,ENSMUSG00000070354
ENSG00000135541,ENSMUSG00000085793
ENSG00000204887,ENSMUSG00000036557
ENSG00000006747,ENSMUSG00000029313
ENSG00000182324,ENSMUSG00000020327
ENSG00000284862,ENSMUSG00000042626
ENSG00000172071,ENSMUSG00000039238
ENSG00000100823,ENSMUSG00000062488
ENSG00000213445,ENSMUSG00000089997
ENSG00000134255,ENSMUSG00000034066
ENSG00000135749,ENSMUSG00000028150
ENSG00000100312,ENSMUSG00000068349
ENSG00000187037,ENSMUSG00000051062
ENSG00000184517,ENSMUSG00000015981
ENSG00000103888,ENSMUSG00000095918
ENSG00000169876,ENSMUSG00000027509
ENSG00000100083,ENSMUSG00000090266
ENSG00000173678,ENSMUSG00000096066
ENSG00000172216,ENSMUSG00000100194
ENSG00000187372,ENSMUSG00000042216
ENSG00000131375,ENSMUSG00000032410
ENSG00000189221,ENSMUSG00000061292
ENSG00000119203,ENSMUSG00000030720
ENSG00000104852,ENSMUSG00000029376
ENSG00000186818,ENSMUSG00000075700
ENSG00000206474,ENSMUSG00000094559
ENSG00000143839,ENSMUSG00000062148
ENSG00000253485,ENSMUSG00000037224
ENSG00000068745,ENSMUSG00000029094
ENSG00000183840,ENSMUSG00000034573
ENSG00000101189,ENSMUSG00000031433
ENSG00000042062,ENSMUSG00000025326
ENSG00000247595,ENSMUSG00000015340
ENSG00000138785,ENSMUSG00000022261
ENSG00000133619,ENSMUSG00000021464
ENSG00000105088,ENSMUSG00000021556
ENSG00000188385,ENSMUSG00000005493
ENSG00000169347,ENSMUSG00000033061
ENSG00000189186,ENSMUSG00000025916
ENSG00000206562,ENSMUSG00000083886
ENSG00000173264,ENSMUSG00000027927
ENSG00000224807,ENSMUSG00000038729
ENSG00000137055,ENSMUSG00000044453
ENSG00000101181,ENSMUSG00000031751
ENSG00000178568,ENSMUSG00000098678
ENSG00000175518,ENSMUSG00000019854
ENSG00000198783,ENSMUSG00000031620
ENSG00000078579,ENSMUSG00000030058
ENSG00000163510,ENSMUSG00000099820
ENSG00000269556,ENSMUSG00000032002
ENSG00000182768,ENSMUSG00000024517
ENSG00000162396,ENSMUSG00000066241
ENSG00000133789,ENSMUSG00000019989
ENSG00000138029,ENSMUSG00000006930
ENSG00000133884,ENSMUSG00000050222
ENSG00000113141,ENSMUSG00000057842
ENSG00000203697,ENSMUSG00000030276
ENSG00000183324,ENSMUSG00000051246
ENSG00000088325,ENSMUSG00000096798
ENSG00000144191,ENSMUSG00000053747
ENSG00000185069,ENSMUSG00000073834
ENSG00000143727,ENSMUSG00000031104
ENSG00000125037,ENSMUSG00000060205
ENSG00000223885,ENSMUSG00000048185
ENSG00000196131,ENSMUSG00000022562
ENSG00000185264,ENSMUSG00000045540
ENSG00000176248,ENSMUSG00000040850
ENSG00000292357,ENSMUSG00000035268
ENSG00000170921,ENSMUSG00000067773
ENSG00000197114,ENSMUSG00000010406
ENSG00000138028,ENSMUSG00000086727
ENSG00000158636,ENSMUSG00000044393
ENSG00000186891,ENSMUSG00000028073
ENSG00000172238,ENSMUSG00000039367
ENSG00000177697,ENSMUSG00000040554
ENSG00000142798,ENSMUSG00000038949
ENSG00000188716,ENSMUSG00000025956
ENSG00000188493,ENSMUSG00000046623
ENSG00000116871,ENSMUSG00000069844
ENSG00000101608,ENSMUSG00000026259
ENSG00000171860,ENSMUSG00000000359
ENSG00000159387,ENSMUSG00000039785
ENSG00000167566,ENSMUSG00000039492
ENSG00000183060,ENSMUSG00000028640
ENSG00000213123,ENSMUSG00000066150
ENSG00000183780,ENSMUSG00000095632
ENSG00000108518,ENSMUSG00000034614
ENSG00000090520,ENSMUSG00000073947
ENSG00000169583,ENSMUSG00000008393
ENSG00000197044,ENSMUSG00000031782
ENSG00000026652,ENSMUSG00000032469
ENSG00000221968,ENSMUSG00000054666
ENSG00000174950,ENSMUSG00000017188
ENSG00000232388,ENSMUSG00000047904
ENSG00000176244,ENSMUSG00000081218
ENSG00000130844,ENSMUSG00000041220
ENSG00000100815,ENSMUSG00000025583
ENSG00000267978,ENSMUSG00000033184
ENSG00000145743,ENSMUSG00000068889
ENSG00000102100,ENSMUSG00000068735
ENSG00000232423,ENSMUSG00000027544
ENSG00000182272,ENSMUSG00000021120
ENSG00000163820,ENSMUSG00000053916
ENSG00000172247,ENSMUSG00000032463
ENSG00000164209,ENSMUSG00000021263
ENSG00000072849,ENSMUSG00000021902
ENSG00000180425,ENSMUSG00000031154
ENSG00000149131,ENSMUSG00000045680
ENSG00000165410,ENSMUSG00000003123
ENSG00000126950,ENSMUSG00000090641
ENSG00000242612,ENSMUSG00000038206
ENSG00000082146,ENSMUSG00000021366
ENSG00000136731,ENSMUSG00000075174
ENSG00000100393,ENSMUSG00000037260
ENSG00000278599,ENSMUSG00000095064
ENSG00000112343,ENSMUSG00000050552
ENSG00000128284,ENSMUSG00000058952
ENSG00000211456,ENSMUSG00000010607
ENSG00000119737,ENSMUSG00000015242
ENSG00000181282,ENSMUSG00000047995
ENSG00000169976,ENSMUSG00000022205
ENSG00000141232,ENSMUSG00000079293
ENSG00000168779,ENSMUSG00000029161
ENSG00000161860,ENSMUSG00000070462
ENSG00000120685,ENSMUSG00000046610
ENSG00000090238,ENSMUSG00000034667
ENSG00000236104,ENSMUSG00000030801
ENSG00000180116,ENSMUSG00000042377
ENSG00000163576,ENSMUSG00000028637
ENSG00000198055,ENSMUSG00000041219
ENSG00000093183,ENSMUSG00000060081
ENSG00000106511,ENSMUSG00000028618
ENSG00000249467,ENSMUSG00000078872
ENSG00000164303,ENSMUSG00000020897
ENSG00000023909,ENSMUSG00000036733
ENSG00000076685,ENSMUSG00000044080
ENSG00000147885,ENSMUSG00000062546
ENSG00000087095,ENSMUSG00000075570
ENSG00000145248,ENSMUSG00000025946
ENSG00000198205,ENSMUSG00000028367
ENSG00000088179,ENSMUSG00000070304
ENSG00000163923,ENSMUSG00000027423
ENSG00000056291,ENSMUSG00000021612
ENSG00000025293,ENSMUSG00000020599
ENSG00000182968,ENSMUSG00000003585
ENSG00000077279,ENSMUSG00000056737
ENSG00000188878,ENSMUSG00000031310
ENSG00000176299,ENSMUSG00000066897
ENSG00000198909,ENSMUSG00000028843
ENSG00000177888,ENSMUSG00000058729
ENSG00000160472,ENSMUSG00000048040
ENSG00000206113,ENSMUSG00000059460
ENSG00000145247,ENSMUSG00000094182
ENSG00000060138,ENSMUSG00000030641
ENSG00000131779,ENSMUSG00000017003
ENSG00000107372,ENSMUSG00000031853
ENSG00000204524,ENSMUSG00000040283
ENSG00000103942,ENSMUSG00000091215
ENSG00000136699,ENSMUSG00000003934
ENSG00000160360,ENSMUSG00000031212
ENSG00000178750,ENSMUSG00000032370
ENSG00000155011,ENSMUSG00000034349
ENSG00000164221,ENSMUSG00000018750
ENSG00000135968,ENSMUSG00000021999
ENSG00000226288,ENSMUSG00000059070
ENSG00000177885,ENSMUSG00000071494
ENSG00000197888,ENSMUSG00000054728
ENSG00000154258,ENSMUSG00000095976
ENSG00000130150,ENSMUSG00000058498
ENSG00000204256,ENSMUSG00000068808
ENSG00000171522,ENSMUSG00000001419
ENSG00000160050,ENSMUSG00000041842
ENSG00000087111,ENSMUSG00000021928
ENSG00000103489,ENSMUSG00000028334
ENSG00000132361,ENSMUSG00000040209
ENSG00000198520,ENSMUSG00000002205
ENSG00000109047,ENSMUSG00000037379
ENSG00000155269,ENSMUSG00000028672
ENSG00000142544,ENSMUSG00000034035
ENSG00000167670,ENSMUSG00000074579
ENSG00000117481,ENSMUSG00000047259
ENSG00000254901,ENSMUSG00000045629
ENSG00000103194,ENSMUSG00000043895
ENSG00000105610,ENSMUSG00000047804
ENSG00000153975,ENSMUSG00000030265
ENSG00000177707,ENSMUSG00000025436
ENSG00000174840,ENSMUSG00000046722
ENSG00000109832,ENSMUSG00000038259
ENSG00000206560,ENSMUSG00000094876
ENSG00000111581,ENSMUSG00000070732
ENSG00000134490,ENSMUSG00000019865
ENSG00000278129,ENSMUSG00000040714
ENSG00000178764,ENSMUSG00000068749
ENSG00000147050,ENSMUSG00000037246
ENSG00000141469,ENSMUSG00000074001
ENSG00000221909,ENSMUSG00000022864
ENSG00000138964,ENSMUSG00000030142
ENSG00000186924,ENSMUSG00000015312
ENSG00000165891,ENSMUSG00000010136
ENSG00000132517,ENSMUSG00000049866
ENSG00000198944,ENSMUSG00000044328
ENSG00000157601,ENSMUSG00000019731
ENSG00000136010,ENSMUSG00000054994
ENSG00000108384,ENSMUSG00000061039
ENSG00000007306,ENSMUSG00000031627
ENSG00000136040,ENSMUSG00000015217
ENSG00000156427,ENSMUSG00000078261
ENSG00000205250,ENSMUSG00000041836
ENSG00000292366,ENSMUSG00000068617
ENSG00000163466,ENSMUSG00000037174
ENSG00000179097,ENSMUSG00000042286
ENSG00000134769,ENSMUSG00000047295
ENSG00000115866,ENSMUSG00000070504
ENSG00000138075,ENSMUSG00000015355
ENSG00000154856,ENSMUSG00000040183
ENSG00000112245,ENSMUSG00000090059
ENSG00000100911,ENSMUSG00000028232
ENSG00000178279,ENSMUSG00000008958
ENSG00000185674,ENSMUSG00000029433
ENSG00000214736,ENSMUSG00000027104
ENSG00000142606,ENSMUSG00000091055
ENSG00000033050,ENSMUSG00000037621
ENSG00000119938,ENSMUSG00000030101
ENSG00000269964,ENSMUSG00000032018
ENSG00000109775,ENSMUSG00000026389
ENSG00000225526,ENSMUSG00000058126
ENSG00000139154,ENSMUSG00000017715
ENSG00000139233,ENSMUSG00000091996
ENSG00000185122,ENSMUSG00000059343
ENSG00000256771,ENSMUSG00000020397
ENSG00000151812,ENSMUSG00000020455
ENSG00000137807,ENSMUSG00000029380
ENSG00000258890,ENSMUSG00000035296
ENSG00000167618,ENSMUSG00000022174
ENSG00000147164,ENSMUSG00000027663
ENSG00000076043,ENSMUSG00000050079
ENSG00000089169,ENSMUSG00000068008
ENSG00000133997,ENSMUSG00000013083
ENSG00000131808,ENSMUSG00000044092
ENSG00000005421,ENSMUSG00000041037
ENSG00000095951,ENSMUSG00000026563
ENSG00000078369,ENSMUSG00000022715
ENSG00000103932,ENSMUSG00000026177
ENSG00000186895,ENSMUSG00000001924
ENSG00000086288,ENSMUSG00000037860
ENSG00000142484,ENSMUSG00000020325
ENSG00000179172,ENSMUSG00000080891
ENSG00000186326,ENSMUSG00000057286
ENSG00000166886,ENSMUSG00000056569
ENSG00000140521,ENSMUSG00000028653
ENSG00000197381,ENSMUSG00000037346
ENSG00000185163,ENSMUSG00000067616
ENSG00000214511,ENSMUSG00000031835
ENSG00000213397,ENSMUSG00000020803
ENSG00000010610,ENSMUSG00000004934
ENSG00000159214,ENSMUSG00000038644
ENSG00000136051,ENSMUSG00000032570
ENSG00000226685,ENSMUSG00000052760
ENSG00000113231,ENSMUSG00000079156
ENSG00000162613,ENSMUSG00000090346
ENSG00000040933,ENSMUSG00000030417
ENSG00000162373,ENSMUSG00000073413
ENSG00000092036,ENSMUSG00000021609
ENSG00000160683,ENSMUSG00000024911
ENSG00000253117,ENSMUSG00000009376
ENSG00000102837,ENSMUSG00000052942
ENSG00000177054,ENSMUSG00000057240
ENSG00000108828,ENSMUSG00000023829
ENSG00000163793,ENSMUSG00000063176
ENSG00000186075,ENSMUSG00000038676
ENSG00000106785,ENSMUSG00000020583
ENSG00000140367,ENSMUSG00000067438
ENSG00000143322,ENSMUSG00000042063
ENSG00000197172,ENSMUSG00000051354
ENSG00000183580,ENSMUSG00000094757
ENSG00000112378,ENSMUSG00000025266
ENSG00000179168,ENSMUSG00000032116
ENSG00000205177,ENSMUSG00000023982
ENSG00000060688,ENSMUSG00000024837
ENSG00000106392,ENSMUSG00000067995
ENSG00000113504,ENSMUSG00000050854
ENSG00000072274,ENSMUSG00000058881
ENSG00000162621,ENSMUSG00000051497
ENSG00000258436,ENSMUSG00000023039
ENSG00000206077,ENSMUSG00000050368
ENSG00000068697,ENSMUSG00000095187
ENSG00000186562,ENSMUSG00000040424
ENSG00000064692,ENSMUSG00000058392
ENSG00000130940,ENSMUSG00000026643
ENSG00000240303,ENSMUSG00000075600
ENSG00000119596,ENSMUSG00000034120
ENSG00000182199,ENSMUSG00000064307
ENSG00000126464,ENSMUSG00000020326
ENSG00000184381,ENSMUSG00000053128
ENSG00000131126,ENSMUSG00000025255
ENSG00000185347,ENSMUSG00000034724
ENSG00000104320,ENSMUSG00000037111
ENSG00000104894,ENSMUSG00000089789
ENSG00000187079,ENSMUSG00000073997
ENSG00000213886,ENSMUSG00000021572
ENSG00000162923,ENSMUSG00000019978
ENSG00000136982,ENSMUSG00000040170
ENSG00000167792,ENSMUSG00000023995
ENSG00000161955,ENSMUSG00000054582
ENSG00000088727,ENSMUSG00000031226
ENSG00000104731,ENSMUSG00000006395
ENSG00000104714,ENSMUSG00000023882
ENSG00000227234,ENSMUSG00000021546
ENSG00000174574,ENSMUSG00000037824
ENSG00000120693,ENSMUSG00000040225
ENSG00000117601,ENSMUSG00000040972
ENSG00000158014,ENSMUSG00000027247
ENSG00000111802,ENSMUSG00000045896
ENSG00000234127,ENSMUSG00000070520
ENSG00000138131,ENSMUSG00000108695
ENSG00000141161,ENSMUSG00000011118
ENSG00000181704,ENSMUSG00000021139
ENSG00000170545,ENSMUSG00000094328
ENSG00000121310,ENSMUSG00000059981
ENSG00000102081,ENSMUSG00000053510
ENSG00000172236,ENSMUSG00000042292
ENSG00000181619,ENSMUSG00000070939
ENSG00000115839,ENSMUSG00000037190
ENSG00000284622,ENSMUSG00000093920
ENSG00000287363,ENSMUSG00000097993
ENSG00000134020,ENSMUSG00000032021
ENSG00000236699,ENSMUSG00000029007
ENSG00000104413,ENSMUSG00000058523
ENSG00000180596,ENSMUSG00000028217
ENSG00000095539,ENSMUSG00000007603
ENSG00000134242,ENSMUSG00000027489
ENSG00000129484,ENSMUSG00000002803
ENSG00000125703,ENSMUSG00000073944
ENSG00000156983,ENSMUSG00000056600
ENSG00000177868,ENSMUSG00000035215
ENSG00000178685,ENSMUSG00000004356
ENSG00000177954,ENSMUSG00000015441
ENSG00000236287,ENSMUSG00000063457
ENSG00000187848,ENSMUSG00000041488
ENSG00000165164,ENSMUSG00000026163
ENSG00000174957,ENSMUSG00000030170
ENSG00000187170,ENSMUSG00000046519
ENSG00000177613,ENSMUSG00000079116
ENSG00000204595,ENSMUSG00000027699
ENSG00000144043,ENSMUSG00000028266
ENSG00000178252,ENSMUSG00000050023
ENSG00000165185,ENSMUSG00000035021
ENSG00000226979,ENSMUSG00000109392
ENSG00000137860,ENSMUSG00000037275
ENSG00000254999,ENSMUSG00000037406
ENSG00000241598,ENSMUSG00000059588
ENSG00000100314,ENSMUSG00000036661
ENSG00000171864,ENSMUSG00000001558
ENSG00000122882,ENSMUSG00000032194
ENSG00000155792,ENSMUSG00000042800
ENSG00000186207,ENSMUSG00000047197
ENSG00000235780,ENSMUSG00000096468
ENSG00000167614,ENSMUSG00000097328
ENSG00000271425,ENSMUSG00000062014
ENSG00000146904,ENSMUSG00000036825
ENSG00000197437,ENSMUSG00000020010
ENSG00000138686,ENSMUSG00000041044
ENSG00000100362,ENSMUSG00000071637
ENSG00000141580,ENSMUSG00000102312
ENSG00000184451,ENSMUSG00000028789
ENSG00000213585,ENSMUSG00000010362
ENSG00000214642,ENSMUSG00000001054
ENSG00000111328,ENSMUSG00000097972
ENSG00000189409,ENSMUSG00000039205
ENSG00000139291,ENSMUSG00000006221
ENSG00000197849,ENSMUSG00000032087
ENSG00000085276,ENSMUSG00000013833
ENSG00000249115,ENSMUSG00000070527
ENSG00000135686,ENSMUSG00000029816
ENSG00000110060,ENSMUSG00000078626
ENSG00000221829,ENSMUSG00000051627
ENSG00000243910,ENSMUSG00000069816
ENSG00000141837,ENSMUSG00000024456
ENSG00000141200,ENSMUSG00000034913
ENSG00000101180,ENSMUSG00000024136
ENSG00000166448,ENSMUSG00000031372
ENSG00000126756,ENSMUSG00000032369
ENSG00000173786,ENSMUSG00000099782
ENSG00000076984,ENSMUSG00000073491
ENSG00000204482,ENSMUSG00000032436
ENSG00000100142,ENSMUSG00000036655
ENSG00000160294,ENSMUSG00000003235
ENSG00000197953,ENSMUSG00000071000
ENSG00000106128,ENSMUSG00000016256
ENSG00000179091,ENSMUSG00000020361
ENSG00000213190,ENSMUSG00000067860
ENSG00000137601,ENSMUSG00000033373
ENSG00000186788,ENSMUSG00000039097
ENSG00000197540,ENSMUSG00000069873
ENSG00000140297,ENSMUSG00000096283
ENSG00000119523,ENSMUSG00000095082
ENSG00000197646,ENSMUSG00000079426
ENSG00000171759,ENSMUSG00000075289
ENSG00000135736,ENSMUSG00000018599
ENSG00000186288,ENSMUSG00000103243
ENSG00000162521,ENSMUSG00000036958
ENSG00000119718,ENSMUSG00000041736
ENSG00000105499,ENSMUSG00000040025
ENSG00000135090,ENSMUSG00000019951
ENSG00000143842,ENSMUSG00000006369
ENSG00000114019,ENSMUSG00000022595
ENSG00000188171,ENSMUSG00000019876
ENSG00000133937,ENSMUSG00000079343
ENSG00000142910,ENSMUSG00000026566
ENSG00000090539,ENSMUSG00000020134
ENSG00000127249,ENSMUSG00000041354
ENSG00000181433,ENSMUSG00000042717
ENSG00000019186,ENSMUSG00000033278
ENSG00000111679,ENSMUSG00000057050
ENSG00000114405,ENSMUSG00000020451
ENSG00000143061,ENSMUSG00000038459
ENSG00000162368,ENSMUSG00000032033
ENSG00000070770,ENSMUSG00000072875
ENSG00000016490,ENSMUSG00000090710
ENSG00000251664,ENSMUSG00000032035
ENSG00000141556,ENSMUSG00000015342
ENSG00000219607,ENSMUSG00000079020
ENSG00000108055,ENSMUSG00000020419
ENSG00000162430,ENSMUSG00000032401
ENSG00000184983,ENSMUSG00000056763
ENSG00000184898,ENSMUSG00000032478
ENSG00000082516,ENSMUSG00000095241
ENSG00000135679,ENSMUSG00000025545
ENSG00000105699,ENSMUSG00000049648
ENSG00000144468,ENSMUSG00000026420
ENSG00000122034,ENSMUSG00000024182
ENSG00000204392,ENSMUSG00000059005
ENSG00000189134,ENSMUSG00000031595
ENSG00000131059,ENSMUSG00000032773
ENSG00000242220,ENSMUSG00000095363
ENSG00000189056,ENSMUSG00000061607
ENSG00000137463,ENSMUSG00000062713
ENSG00000162928,ENSMUSG00000034371
ENSG00000182477,ENSMUSG00000037820
ENSG00000072080,ENSMUSG00000001517
ENSG00000135974,ENSMUSG00000029126
ENSG00000170734,ENSMUSG00000026750
ENSG00000111215,ENSMUSG00000073155
ENSG00000196814,ENSMUSG00000091967
ENSG00000114473,ENSMUSG00000039934
ENSG00000075426,ENSMUSG00000030870
ENSG00000079308,ENSMUSG00000024501
ENSG00000059758,ENSMUSG00000094806
ENSG00000292363,ENSMUSG00000092470
ENSG00000122224,ENSMUSG00000021606
ENSG00000197170,ENSMUSG00000073876
ENSG00000189377,ENSMUSG00000041608
ENSG00000250571,ENSMUSG00000041578
ENSG00000006704,ENSMUSG00000054568
ENSG00000165496,ENSMUSG00000021209
ENSG00000143631,ENSMUSG00000057596
ENSG00000174989,ENSMUSG00000024513
ENSG00000125962,ENSMUSG00000043298
ENSG00000103175,ENSMUSG00000054889
ENSG00000204897,ENSMUSG00000038215
ENSG00000164054,ENSMUSG00000073975
ENSG00000131015,ENSMUSG00000057060
ENSG00000113494,ENSMUSG00000042557
ENSG00000156515,ENSMUSG00000022219
ENSG00000164434,ENSMUSG00000020899
ENSG00000198589,ENSMUSG00000003228
ENSG00000184117,ENSMUSG00000021322
ENSG00000293600,ENSMUSG00000030246
ENSG00000231887,ENSMUSG00000029713
ENSG00000114204,ENSMUSG00000054716
ENSG00000284701,ENSMUSG00000004661
ENSG00000160948,ENSMUSG00000027224
ENSG00000132182,ENSMUSG00000039683
ENSG00000087266,ENSMUSG00000033615
ENSG00000170166,ENSMUSG00000021998
ENSG00000075886,ENSMUSG00000054708
ENSG00000142528,ENSMUSG00000059602
ENSG00000185262,ENSMUSG00000039501
ENSG00000086475,ENSMUSG00000037503
ENSG00000139269,ENSMUSG00000094298
ENSG00000128944,ENSMUSG00000063275
ENSG00000185359,ENSMUSG00000030879
ENSG00000178363,ENSMUSG00000040841
ENSG00000196357,ENSMUSG00000027490
ENSG00000110768,ENSMUSG00000073131
ENSG00000105355,ENSMUSG00000032549
ENSG00000180934,ENSMUSG00000027810
ENSG00000011028,ENSMUSG00000032232
ENSG00000186943,ENSMUSG00000079386
ENSG00000148123,ENSMUSG00000021607
ENSG00000197617,ENSMUSG00000048310
ENSG00000101438,ENSMUSG00000028033
ENSG00000146678,ENSMUSG00000092008
ENSG00000166526,ENSMUSG00000028758
ENSG00000101323,ENSMUSG00000042414
ENSG00000169509,ENSMUSG00000073896
ENSG00000162236,ENSMUSG00000101389
ENSG00000167565,ENSMUSG00000078937
ENSG00000157870,ENSMUSG00000099900
ENSG00000164338,ENSMUSG00000063235
ENSG00000188783,ENSMUSG00000031438
ENSG00000110172,ENSMUSG00000029149
ENSG00000138642,ENSMUSG00000027327
ENSG00000149633,ENSMUSG00000031728
ENSG00000138738,ENSMUSG00000039106
ENSG00000174206,ENSMUSG00000072946
ENSG00000115159,ENSMUSG00000022951
ENSG00000099864,ENSMUSG00000074682
ENSG00000162572,ENSMUSG00000050232
ENSG00000163006,ENSMUSG00000029026
ENSG00000142632,ENSMUSG00000049804
ENSG00000073614,ENSMUSG00000047921
ENSG00000143199,ENSMUSG00000045092
ENSG00000100596,ENSMUSG00000090539
ENSG00000180257,ENSMUSG00000094985
ENSG00000119922,ENSMUSG00000091771
ENSG00000129744,ENSMUSG00000034773
ENSG00000177889,ENSMUSG00000039646
ENSG00000184056,ENSMUSG00000064370
ENSG00000180061,ENSMUSG00000075105
ENSG00000121446,ENSMUSG00000002100
ENSG00000188010,ENSMUSG00000054793
ENSG00000169900,ENSMUSG00000026958
ENSG00000184905,ENSMUSG00000034574
ENSG00000130787,ENSMUSG00000019834
ENSG00000278463,ENSMUSG00000040441
ENSG00000170820,ENSMUSG00000038705
ENSG00000163959,ENSMUSG00000079531
ENSG00000162641,ENSMUSG00000023015
ENSG00000172318,ENSMUSG00000030319
ENSG00000115884,ENSMUSG00000018727
ENSG00000006652,ENSMUSG00000052182
ENSG00000184659,ENSMUSG00000052821
ENSG00000143469,ENSMUSG00000108167
ENSG00000181104,ENSMUSG00000039000
ENSG00000132388,ENSMUSG00000048284
ENSG00000152475,ENSMUSG00000020720
ENSG00000276903,ENSMUSG00000012350
ENSG00000164978,ENSMUSG00000079388
ENSG00000111701,ENSMUSG00000039116
ENSG00000100399,ENSMUSG00000078998
ENSG00000152520,ENSMUSG00000046321
ENSG00000188771,ENSMUSG00000020386
ENSG00000153684,ENSMUSG00000081225
ENSG00000204356,ENSMUSG00000079794
ENSG00000189057,ENSMUSG00000009628
ENSG00000170891,ENSMUSG00000026983
ENSG00000188959,ENSMUSG00000039092
ENSG00000095981,ENSMUSG00000023988
ENSG00000205777,ENSMUSG00000066037
ENSG00000160741,ENSMUSG00000029838
ENSG00000112697,ENSMUSG00000095143
ENSG00000105717,ENSMUSG00000068506
ENSG00000123908,ENSMUSG00000021816
ENSG00000198873,ENSMUSG00000047146
ENSG00000079332,ENSMUSG00000087385
ENSG00000167105,ENSMUSG00000020823
ENSG00000144218,ENSMUSG00000046811
ENSG00000177023,ENSMUSG00000035697
ENSG00000044574,ENSMUSG00000021953
ENSG00000138835,ENSMUSG00000040865
ENSG00000147099,ENSMUSG00000024646
ENSG00000120498,ENSMUSG00000042869
ENSG00000082068,ENSMUSG00000033960
ENSG00000125731,ENSMUSG00000028707
ENSG00000178021,ENSMUSG00000025464
ENSG00000104835,ENSMUSG00000027843
ENSG00000067113,ENSMUSG00000019762
ENSG00000167526,ENSMUSG00000030188
ENSG00000169180,ENSMUSG00000004698
ENSG00000092421,ENSMUSG00000028028
ENSG00000172239,ENSMUSG00000048281
ENSG00000153560,ENSMUSG00000026645
ENSG00000110497,ENSMUSG00000039632
ENSG00000186143,ENSMUSG00000069825
ENSG00000105223,ENSMUSG00000073424
ENSG00000204918,ENSMUSG00000051375
ENSG00000168309,ENSMUSG00000048483
ENSG00000167910,ENSMUSG00000040434
ENSG00000110442,ENSMUSG00000015337
ENSG00000160310,ENSMUSG00000015090
ENSG00000164458,ENSMUSG00000062421
ENSG00000143222,ENSMUSG00000022391
ENSG00000168703,ENSMUSG00000039114
ENSG00000152154,ENSMUSG00000022151
ENSG00000012232,ENSMUSG00000031176
ENSG00000155090,ENSMUSG00000020718
ENSG00000184617,ENSMUSG00000105867
ENSG00000123610,ENSMUSG00000022668
ENSG00000183644,ENSMUSG00000046634
ENSG00000075292,ENSMUSG00000017667
ENSG00000204021,ENSMUSG00000047352
ENSG00000154822,ENSMUSG00000025870
ENSG00000107562,ENSMUSG00000003863
ENSG00000165028,ENSMUSG00000038039
ENSG00000108588,ENSMUSG00000025288
ENSG00000173198,ENSMUSG00000032783
ENSG00000112796,ENSMUSG00000034928
ENSG00000167139,ENSMUSG00000022912
ENSG00000174547,ENSMUSG00000078922
ENSG00000159882,ENSMUSG00000038025
ENSG00000268902,ENSMUSG00000039057
ENSG00000186007,ENSMUSG00000078506
ENSG00000162139,ENSMUSG00000001942
ENSG00000228623,ENSMUSG00000033014
ENSG00000115289,ENSMUSG00000072082
ENSG00000115590,ENSMUSG00000002948
ENSG00000180801,ENSMUSG00000074240
ENSG00000169288,ENSMUSG00000001334
ENSG00000189001,ENSMUSG00000095362
ENSG00000185480,ENSMUSG00000035273
ENSG00000277161,ENSMUSG00000011096
ENSG00000126790,ENSMUSG00000029551
ENSG00000005893,ENSMUSG00000063558
ENSG00000197063,ENSMUSG00000029860
ENSG00000131142,ENSMUSG00000030682
ENSG00000010292,ENSMUSG00000024528
ENSG00000181790,ENSMUSG00000068817
ENSG00000105205,ENSMUSG00000040455
ENSG00000105221,ENSMUSG00000032125
ENSG00000214940,ENSMUSG00000031710
ENSG00000221916,ENSMUSG00000060992
ENSG00000198182,ENSMUSG00000048197
ENSG00000205846,ENSMUSG00000025573
ENSG00000183153,ENSMUSG00000018844
ENSG00000022840,ENSMUSG00000074657
ENSG00000132170,ENSMUSG00000054150
ENSG00000134138,ENSMUSG00000027775
ENSG00000204956,ENSMUSG00000028527
ENSG00000144749,ENSMUSG00000038759
ENSG00000112742,ENSMUSG00000010142
ENSG00000130695,ENSMUSG00000031862
ENSG00000105676,ENSMUSG00000027744
ENSG00000002933,ENSMUSG00000058743
ENSG00000166342,ENSMUSG00000004263
ENSG00000274252,ENSMUSG00000026312
ENSG00000186815,ENSMUSG00000046223
ENSG00000115464,ENSMUSG00000075161
ENSG00000163702,ENSMUSG00000075046
ENSG00000154330,ENSMUSG00000029280
ENSG00000135953,ENSMUSG00000079594
ENSG00000103274,ENSMUSG00000086598
ENSG00000131910,ENSMUSG00000031608
ENSG00000181023,ENSMUSG00000019992
ENSG00000131771,ENSMUSG00000029851
ENSG00000154143,ENSMUSG00000018547
ENSG00000135446,ENSMUSG00000045551
ENSG00000131096,ENSMUSG00000032834
ENSG00000198440,ENSMUSG00000048752
ENSG00000126767,ENSMUSG00000048486
ENSG00000154719,ENSMUSG00000008813
ENSG00000159289,ENSMUSG00000024962
ENSG00000170345,ENSMUSG00000025935
ENSG00000102794,ENSMUSG00000028555
ENSG00000104643,ENSMUSG00000052040
ENSG00000180855,ENSMUSG00000056509
ENSG00000214029,ENSMUSG00000020496
ENSG00000142444,ENSMUSG00000055239
ENSG00000171204,ENSMUSG00000072763
ENSG00000126107,ENSMUSG00000026279
ENSG00000153956,ENSMUSG00000060303
ENSG00000184047,ENSMUSG00000038696
ENSG00000121060,ENSMUSG00000060183
ENSG00000176994,ENSMUSG00000094898
ENSG00000185158,ENSMUSG00000052423
ENSG00000215156,ENSMUSG00000021176
ENSG00000007541,ENSMUSG00000040738
ENSG00000269404,ENSMUSG00000091204
ENSG00000151208,ENSMUSG00000102543
ENSG00000204505,ENSMUSG00000047388
ENSG00000187147,ENSMUSG00000051118
ENSG00000170264,ENSMUSG00000070814
ENSG00000275722,ENSMUSG00000034278
ENSG00000144677,ENSMUSG00000005354
ENSG00000183283,ENSMUSG00000034041
ENSG00000141664,ENSMUSG00000045883
ENSG00000087903,ENSMUSG00000021007
ENSG00000164002,ENSMUSG00000023092
ENSG00000134717,ENSMUSG00000096846
ENSG00000164972,ENSMUSG00000074678
ENSG00000184178,ENSMUSG00000041058
ENSG00000109881,ENSMUSG00000022773
ENSG00000126460,ENSMUSG00000024589
ENSG00000173418,ENSMUSG00000020700
ENSG00000173597,ENSMUSG00000021819
ENSG00000205649,ENSMUSG00000012535
ENSG00000176658,ENSMUSG00000031328
ENSG00000118263,ENSMUSG00000000563
ENSG00000117322,ENSMUSG00000004473
ENSG00000175215,ENSMUSG00000009734
ENSG00000143952,ENSMUSG00000006764
ENSG00000242550,ENSMUSG00000031386
ENSG00000126215,ENSMUSG00000037747
ENSG00000146425,ENSMUSG00000032921
ENSG00000106078,ENSMUSG00000000346
ENSG00000197183,ENSMUSG00000069830
ENSG00000185634,ENSMUSG00000032311
ENSG00000197579,ENSMUSG00000038599
ENSG00000157916,ENSMUSG00000052565
ENSG00000146021,ENSMUSG00000030521
ENSG00000108961,ENSMUSG00000024556
ENSG00000213927,ENSMUSG00000002326
ENSG00000173588,ENSMUSG00000022020
ENSG00000182636,ENSMUSG00000074594
ENSG00000196591,ENSMUSG00000043073
ENSG00000187862,ENSMUSG00000063681
ENSG00000115112,ENSMUSG00000025754
ENSG00000180537,ENSMUSG00000020078
ENSG00000167632,ENSMUSG00000033016
ENSG00000264424,ENSMUSG00000057672
ENSG00000163541,ENSMUSG00000023953
ENSG00000117859,ENSMUSG00000095028
ENSG00000134262,ENSMUSG00000005370
ENSG00000140153,ENSMUSG00000107822
ENSG00000143793,ENSMUSG00000026817
ENSG00000188747,ENSMUSG00000063522
ENSG00000100739,ENSMUSG00000079523
ENSG00000180264,ENSMUSG00000075143
ENSG00000160445,ENSMUSG00000033021
ENSG00000256977,ENSMUSG00000043716
ENSG00000187186,ENSMUSG00000096228
ENSG00000112941,ENSMUSG00000034617
ENSG00000198542,ENSMUSG00000069307
ENSG00000143373,ENSMUSG00000042817
ENSG00000083290,ENSMUSG00000075330
ENSG00000174640,ENSMUSG00000087230
ENSG00000203852,ENSMUSG00000108981
ENSG00000173868,ENSMUSG00000095578
ENSG00000100196,ENSMUSG00000089943
ENSG00000071537,ENSMUSG00000039048
ENSG00000171989,ENSMUSG00000048516
ENSG00000178233,ENSMUSG00000030167
ENSG00000213316,ENSMUSG00000063659
ENSG00000169862,ENSMUSG00000079497
ENSG00000113749,ENSMUSG00000001583
ENSG00000204700,ENSMUSG00000030960
ENSG00000101216,ENSMUSG00000022463
ENSG00000198021,ENSMUSG00000059654
ENSG00000184811,ENSMUSG00000054452
ENSG00000161547,ENSMUSG00000001985
ENSG00000134802,ENSMUSG00000064023
ENSG00000146700,ENSMUSG00000096209
ENSG00000047578,ENSMUSG00000078518
ENSG00000123933,ENSMUSG00000020841
ENSG00000083838,ENSMUSG00000061296
ENSG00000274618,ENSMUSG00000094295
ENSG00000175329,ENSMUSG00000070305
ENSG00000145826,ENSMUSG00000075383
ENSG00000141965,ENSMUSG00000031553
ENSG00000095370,ENSMUSG00000022993
ENSG00000110080,ENSMUSG00000032333
ENSG00000166603,ENSMUSG00000048806
ENSG00000101445,ENSMUSG00000003420
ENSG00000162975,ENSMUSG00000024085
ENSG00000154736,ENSMUSG00000078656
ENSG00000063245,ENSMUSG00000030216
ENSG00000113905,ENSMUSG00000055602
ENSG00000146963,ENSMUSG00000063870
ENSG00000126524,ENSMUSG00000001687
ENSG00000120729,ENSMUSG00000042804
ENSG00000267680,ENSMUSG00000024810
ENSG00000054523,ENSMUSG00000066361
ENSG00000077935,ENSMUSG00000021149
ENSG00000185043,ENSMUSG00000021070
ENSG00000121797,ENSMUSG00000029752
ENSG00000116032,ENSMUSG00000061195
ENSG00000111676,ENSMUSG00000036887
ENSG00000243729,ENSMUSG00000029369
ENSG00000197006,ENSMUSG00000032621
ENSG00000166183,ENSMUSG00000049717
ENSG00000010327,ENSMUSG00000005320
ENSG00000090061,ENSMUSG00000042079
ENSG00000254866,ENSMUSG00000090688
ENSG00000185046,ENSMUSG00000028478
ENSG00000169375,ENSMUSG00000029828
ENSG00000171456,ENSMUSG00000010045
ENSG00000153885,ENSMUSG00000086596
ENSG00000149599,ENSMUSG00000095463
ENSG00000140254,ENSMUSG00000032867
ENSG00000143412,ENSMUSG00000022394
ENSG00000233381,ENSMUSG00000066108
ENSG00000167889,ENSMUSG00000044986
ENSG00000205929,ENSMUSG00000015790
ENSG00000136213,ENSMUSG00000020168
ENSG00000114988,ENSMUSG00000021773
ENSG00000168061,ENSMUSG00000048732
ENSG00000173269,ENSMUSG00000030353
ENSG00000101336,ENSMUSG00000028879
ENSG00000136908,ENSMUSG00000004446
ENSG00000162989,ENSMUSG00000020514
ENSG00000173208,ENSMUSG00000054717
ENSG00000100104,ENSMUSG00000014778
ENSG00000204702,ENSMUSG00000034463
ENSG00000241635,ENSMUSG00000031148
ENSG00000168884,ENSMUSG00000033210
ENSG00000108587,ENSMUSG00000025083
ENSG00000158042,ENSMUSG00000040287
ENSG00000198431,ENSMUSG00000055296
ENSG00000167619,ENSMUSG00000055555
ENSG00000143507,ENSMUSG00000066510
ENSG00000138185,ENSMUSG00000029526
ENSG00000100348,ENSMUSG00000027596
ENSG00000121716,ENSMUSG00000025521
ENSG00000171004,ENSMUSG00000040569
ENSG00000205795,ENSMUSG00000043090
ENSG00000196873,ENSMUSG00000054320
ENSG00000137497,ENSMUSG00000032593
ENSG00000118855,ENSMUSG00000030105
ENSG00000179934,ENSMUSG00000057147
ENSG00000104728,ENSMUSG00000041805
ENSG00000158604,ENSMUSG00000041548
ENSG00000188883,ENSMUSG00000040242
ENSG00000130559,ENSMUSG00000041538
ENSG00000143164,ENSMUSG00000040990
ENSG00000065357,ENSMUSG00000026589
ENSG00000171794,ENSMUSG00000023289
ENSG00000125851,ENSMUSG00000043312
ENSG00000095380,ENSMUSG00000022148
ENSG00000130024,ENSMUSG00000030154
ENSG00000167595,ENSMUSG00000015966
ENSG00000105711,ENSMUSG00000080115
ENSG00000173627,ENSMUSG00000064368
ENSG00000074621,ENSMUSG00000031197
ENSG00000168077,ENSMUSG00000074824
ENSG00000172738,ENSMUSG00000050270
ENSG00000170454,ENSMUSG00000052062
ENSG00000100266,ENSMUSG00000071076
ENSG00000196636,ENSMUSG00000039879
ENSG00000198863,ENSMUSG00000062151
ENSG00000167755,ENSMUSG00000000159
ENSG00000132963,ENSMUSG00000025766
ENSG00000082482,ENSMUSG00000078509
ENSG00000109265,ENSMUSG00000021373
ENSG00000145002,ENSMUSG00000010529
ENSG00000042813,ENSMUSG00000031988
ENSG00000187045,ENSMUSG00000048240
ENSG00000125779,ENSMUSG00000078616
ENSG00000149532,ENSMUSG00000079055
ENSG00000231637,ENSMUSG00000106445
ENSG00000136261,ENSMUSG00000020945
ENSG00000278570,ENSMUSG00000031207
ENSG00000173064,ENSMUSG00000054662
ENSG00000276747,ENSMUSG00000001844
ENSG00000172638,ENSMUSG00000071893
ENSG00000141098,ENSMUSG00000001829
ENSG00000159961,ENSMUSG00000024906
ENSG00000153767,ENSMUSG00000053368
ENSG00000162461,ENSMUSG00000031933
ENSG00000130822,ENSMUSG00000056978
ENSG00000180828,ENSMUSG00000035365
ENSG00000125246,ENSMUSG00000053166
ENSG00000124198,ENSMUSG00000001020
ENSG00000253626,ENSMUSG00000057349
ENSG00000147655,ENSMUSG00000027394
ENSG00000235118,ENSMUSG00000029148
ENSG00000179284,ENSMUSG00000078517
ENSG00000170324,ENSMUSG00000049670
ENSG00000184735,ENSMUSG00000020799
ENSG00000164366,ENSMUSG00000026142
ENSG00000150456,ENSMUSG00000043331
ENSG00000108878,ENSMUSG00000024120
ENSG00000269502,ENSMUSG00000054362
ENSG00000117450,ENSMUSG00000029909
ENSG00000152219,ENSMUSG00000099792
ENSG00000114648,ENSMUSG00000078252
ENSG00000155052,ENSMUSG00000031428
ENSG00000161265,ENSMUSG00000029755
ENSG00000137491,ENSMUSG00000063827
ENSG00000174307,ENSMUSG00000020607
ENSG00000150783,ENSMUSG00000030577
ENSG00000204147,ENSMUSG00000037196
ENSG00000157578,ENSMUSG00000063810
ENSG00000167447,ENSMUSG00000002881
ENSG00000011590,ENSMUSG00000022040
ENSG00000197324,ENSMUSG00000048076
ENSG00000171476,ENSMUSG00000006304
ENSG00000189114,ENSMUSG00000094378
ENSG00000147119,ENSMUSG00000068220
ENSG00000118733,ENSMUSG00000029179
ENSG00000101892,ENSMUSG00000096337
ENSG00000204701,ENSMUSG00000021594
ENSG00000129911,ENSMUSG00000018820
ENSG00000104756,ENSMUSG00000050428
ENSG00000070526,ENSMUSG00000030492
ENSG00000093144,ENSMUSG00000099398
ENSG00000020577,ENSMUSG00000035451
ENSG00000188917,ENSMUSG00000031779
ENSG00000179088,ENSMUSG00000042401
ENSG00000188234,ENSMUSG00000000253
ENSG00000187823,ENSMUSG00000028414
ENSG00000174501,ENSMUSG00000073062
ENSG00000152782,ENSMUSG00000054934
ENSG00000164893,ENSMUSG00000037470
ENSG00000072682,ENSMUSG00000068394
ENSG00000065268,ENSMUSG00000016757
ENSG00000104824,ENSMUSG00000020125
ENSG00000115507,ENSMUSG00000005481
ENSG00000075223,ENSMUSG00000032274
ENSG00000180929,ENSMUSG00000022425
ENSG00000205456,ENSMUSG00000049001
ENSG00000114805,ENSMUSG00000021416
ENSG00000063177,ENSMUSG00000036611
ENSG00000159792,ENSMUSG00000015542
ENSG00000139352,ENSMUSG00000070695
ENSG00000241399,ENSMUSG00000073722
ENSG00000198075,ENSMUSG00000038600
ENSG00000111057,ENSMUSG00000064254
ENSG00000138303,ENSMUSG00000032397
ENSG00000118961,ENSMUSG00000072188
ENSG00000221866,ENSMUSG00000004945
ENSG00000162999,ENSMUSG00000021224
ENSG00000114354,ENSMUSG00000042745
ENSG00000240038,ENSMUSG00000037152
ENSG00000106636,ENSMUSG00000043587
ENSG00000143816,ENSMUSG00000049410
ENSG00000144648,ENSMUSG00000005677
ENSG00000089902,ENSMUSG00000030074
ENSG00000167074,ENSMUSG00000049672
ENSG00000171243,ENSMUSG00000028675
ENSG00000179833,ENSMUSG00000036309
ENSG00000130311,ENSMUSG00000097550
ENSG00000162971,ENSMUSG00000048540
ENSG00000163961,ENSMUSG00000079105
ENSG00000135218,ENSMUSG00000026592
ENSG00000163607,ENSMUSG00000051950
ENSG00000131721,ENSMUSG00000059534
ENSG00000146285,ENSMUSG00000021900
ENSG00000243955,ENSMUSG00000006333
ENSG00000140548,ENSMUSG00000066568
ENSG00000181350,ENSMUSG00000035831
ENSG00000121764,ENSMUSG00000020128
ENSG00000165629,ENSMUSG00000053965
ENSG00000273514,ENSMUSG00000004127
ENSG00000184032,ENSMUSG00000028330
ENSG00000173801,ENSMUSG00000037172
ENSG00000067191,ENSMUSG00000020659
ENSG00000198858,ENSMUSG00000056313
ENSG00000176697,ENSMUSG00000023961
ENSG00000277556,ENSMUSG00000051965
ENSG00000111737,ENSMUSG00000019774
ENSG00000167522,ENSMUSG00000075179
ENSG00000141655,ENSMUSG00000020946
ENSG00000066735,ENSMUSG00000074766
ENSG00000136153,ENSMUSG00000075211
ENSG00000068438,ENSMUSG00000039801
ENSG00000136813,ENSMUSG00000024187
ENSG00000161533,ENSMUSG00000044854
ENSG00000213186,ENSMUSG00000014763
ENSG00000213759,ENSMUSG00000038781
ENSG00000198691,ENSMUSG00000060288
ENSG00000004866,ENSMUSG00000075210
ENSG00000143149,ENSMUSG00000030555
ENSG00000285765,ENSMUSG00000090509
ENSG00000197177,ENSMUSG00000046613
ENSG00000120440,ENSMUSG00000026107
ENSG00000162961,ENSMUSG00000075169
ENSG00000184635,ENSMUSG00000033948
ENSG00000167183,ENSMUSG00000064325
ENSG00000149380,ENSMUSG00000034918
ENSG00000144048,ENSMUSG00000074345
ENSG00000189180,ENSMUSG00000026628
ENSG00000038427,ENSMUSG00000062687
ENSG00000119673,ENSMUSG00000025091
ENSG00000162227,ENSMUSG00000021749
ENSG00000101049,ENSMUSG00000067615
ENSG00000179165,ENSMUSG00000020741
ENSG00000149480,ENSMUSG00000024548
ENSG00000143545,ENSMUSG00000047330
ENSG00000148719,ENSMUSG00000025262
ENSG00000198707,ENSMUSG00000078193
ENSG00000188690,ENSMUSG00000038148
ENSG00000053524,ENSMUSG00000000730
ENSG00000196859,ENSMUSG00000058119
ENSG00000005513,ENSMUSG00000061981
ENSG00000092199,ENSMUSG00000024887
ENSG00000156603,ENSMUSG00000045917
ENSG00000053254,ENSMUSG00000003435
ENSG00000139112,ENSMUSG00000001524
ENSG00000125816,ENSMUSG00000091530
ENSG00000155252,ENSMUSG00000034059
ENSG00000163002,ENSMUSG00000074952
ENSG00000171388,ENSMUSG00000043940
ENSG00000151376,ENSMUSG00000073481
ENSG00000163515,ENSMUSG00000027661
ENSG00000067365,ENSMUSG00000038092
ENSG00000168092,ENSMUSG00000043681
ENSG00000103152,ENSMUSG00000071551
ENSG00000102125,ENSMUSG00000095928
ENSG00000126550,ENSMUSG00000032883
ENSG00000133424,ENSMUSG00000071379
ENSG00000148826,ENSMUSG00000060701
ENSG00000107338,ENSMUSG00000094208
ENSG00000017427,ENSMUSG00000006235
ENSG00000147896,ENSMUSG00000031424
ENSG00000110723,ENSMUSG00000037661
ENSG00000181017,ENSMUSG00000074211
ENSG00000145882,ENSMUSG00000013367
ENSG00000197893,ENSMUSG00000034210
ENSG00000112715,ENSMUSG00000010453
ENSG00000181744,ENSMUSG00000032413
ENSG00000047410,ENSMUSG00000048528
ENSG00000159871,ENSMUSG00000087370
ENSG00000185888,ENSMUSG00000078537
ENSG00000100867,ENSMUSG00000014198
ENSG00000160188,ENSMUSG00000032560
ENSG00000167333,ENSMUSG00000002578
ENSG00000128564,ENSMUSG00000040430
ENSG00000100221,ENSMUSG00000022026
ENSG00000112640,ENSMUSG00000083649
ENSG00000167720,ENSMUSG00000030873
ENSG00000108510,ENSMUSG00000078365
ENSG00000165861,ENSMUSG00000100240
ENSG00000139914,ENSMUSG00000002458
ENSG00000115365,ENSMUSG00000034701
ENSG00000040633,ENSMUSG00000020783
ENSG00000204577,ENSMUSG00000092518
ENSG00000163584,ENSMUSG00000024401
ENSG00000110031,ENSMUSG00000036949
ENSG00000160932,ENSMUSG00000056910
ENSG00000184702,ENSMUSG00000073965
ENSG00000099139,ENSMUSG00000060245
ENSG00000104325,ENSMUSG00000026021
ENSG00000141034,ENSMUSG00000020381
ENSG00000086619,ENSMUSG00000032399
ENSG00000103415,ENSMUSG00000055368
ENSG00000142556,ENSMUSG00000036023
ENSG00000272398,ENSMUSG00000029407
ENSG00000220948,ENSMUSG00000040249
ENSG00000143569,ENSMUSG00000050373
ENSG00000172115,ENSMUSG00000055782
ENSG00000172765,ENSMUSG00000071788
ENSG00000215252,ENSMUSG00000025133
ENSG00000145476,ENSMUSG00000030431
ENSG00000243978,ENSMUSG00000100549
ENSG00000129255,ENSMUSG00000029471
ENSG00000134690,ENSMUSG00000074946
ENSG00000138246,ENSMUSG00000027793
ENSG00000187024,ENSMUSG00000031981
ENSG00000263761,ENSMUSG00000100045
ENSG00000175311,ENSMUSG00000070531
ENSG00000188820,ENSMUSG00000020256
ENSG00000213977,ENSMUSG00000024563
ENSG00000114268,ENSMUSG00000096949
ENSG00000063438,ENSMUSG00000075316
ENSG00000142168,ENSMUSG00000031808
ENSG00000122861,ENSMUSG00000051169
ENSG00000254858,ENSMUSG00000090364
ENSG00000153982,ENSMUSG00000057000
ENSG00000100364,ENSMUSG00000075107
ENSG00000167615,ENSMUSG00000029563
ENSG00000106803,ENSMUSG00000037761
ENSG00000165805,ENSMUSG00000049858
ENSG00000214595,ENSMUSG00000054863
ENSG00000277481,ENSMUSG00000031360
ENSG00000272031,ENSMUSG00000025157
ENSG00000203661,ENSMUSG00000020573
ENSG00000278057,ENSMUSG00000062382
ENSG00000164818,ENSMUSG00000038624
ENSG00000172150,ENSMUSG00000024260
ENSG00000204604,ENSMUSG00000038646
ENSG00000136928,ENSMUSG00000018654
ENSG00000139880,ENSMUSG00000044026
ENSG00000158714,ENSMUSG00000071113
ENSG00000168993,ENSMUSG00000027551
ENSG00000149534,ENSMUSG00000038085
ENSG00000166025,ENSMUSG00000060098
ENSG00000043143,ENSMUSG00000046157
ENSG00000125945,ENSMUSG00000001143
ENSG00000141759,ENSMUSG00000079699
ENSG00000185090,ENSMUSG00000044624
ENSG00000105954,ENSMUSG00000027419
ENSG00000116991,ENSMUSG00000050808
ENSG00000112837,ENSMUSG00000028969
ENSG00000065518,ENSMUSG00000024773
ENSG00000107186,ENSMUSG00000073945
ENSG00000144445,ENSMUSG00000022464
ENSG00000224389,ENSMUSG00000030534
ENSG00000173585,ENSMUSG00000026275
ENSG00000206561,ENSMUSG00000024552
ENSG00000172985,ENSMUSG00000017167
ENSG00000083067,ENSMUSG00000047635
ENSG00000197838,ENSMUSG00000025082
ENSG00000168792,ENSMUSG00000019359
ENSG00000213066,ENSMUSG00000032177
ENSG00000158486,ENSMUSG00000035248
ENSG00000157766,ENSMUSG00000040659
ENSG00000122550,ENSMUSG00000028069
ENSG00000117602,ENSMUSG00000003458
ENSG00000101350,ENSMUSG00000007653
ENSG00000171148,ENSMUSG00000000094
ENSG00000104774,ENSMUSG00000021226
ENSG00000113971,ENSMUSG00000056612
ENSG00000078403,ENSMUSG00000025128
ENSG00000171126,ENSMUSG00000020962
ENSG00000117118,ENSMUSG00000038503
ENSG00000221954,ENSMUSG00000042200
ENSG00000189181,ENSMUSG00000028111
ENSG00000116218,ENSMUSG00000053754
ENSG00000109458,ENSMUSG00000035278
ENSG00000196415,ENSMUSG00000100621
ENSG00000160703,ENSMUSG00000081362
ENSG00000164031,ENSMUSG00000059768
ENSG00000160953,ENSMUSG00000021852
ENSG00000147432,ENSMUSG00000020921
ENSG00000159388,ENSMUSG00000093927
ENSG00000276581,ENSMUSG00000034107
ENSG00000099958,ENSMUSG00000052099
ENSG00000107954,ENSMUSG00000020807
ENSG00000122674,ENSMUSG00000056492
ENSG00000078246,ENSMUSG00000024487
ENSG00000198393,ENSMUSG00000031886
ENSG00000134882,ENSMUSG00000038374
ENSG00000285950,ENSMUSG00000035314
ENSG00000136542,ENSMUSG00000071037
ENSG00000186049,ENSMUSG00000021363
ENSG00000151418,ENSMUSG00000033276
ENSG00000197622,ENSMUSG00000044813
ENSG00000068028,ENSMUSG00000031603
ENSG00000186838,ENSMUSG00000033632
ENSG00000100023,ENSMUSG00000038567
ENSG00000156299,ENSMUSG00000090946
ENSG00000182004,ENSMUSG00000079186
ENSG00000168765,ENSMUSG00000013483
ENSG00000156162,ENSMUSG00000079484
ENSG00000144152,ENSMUSG00000030243
ENSG00000163359,ENSMUSG00000096666
ENSG00000121741,ENSMUSG00000059845
ENSG00000167995,ENSMUSG00000014859
ENSG00000162378,ENSMUSG00000037972
ENSG00000123374,ENSMUSG00000055652
ENSG00000160194,ENSMUSG00000048830
ENSG00000205643,ENSMUSG00000033192
ENSG00000176058,ENSMUSG00000014599
ENSG00000106355,ENSMUSG00000022076
ENSG00000120280,ENSMUSG00000058046
ENSG00000100593,ENSMUSG00000043843
ENSG00000166801,ENSMUSG00000043252
ENSG00000152234,ENSMUSG00000024044
ENSG00000255423,ENSMUSG00000027718
ENSG00000178917,ENSMUSG00000046846
ENSG00000188375,ENSMUSG00000051156
ENSG00000144366,ENSMUSG00000104148
ENSG00000091640,ENSMUSG00000090919
ENSG00000261456,ENSMUSG00000094778
ENSG00000165650,ENSMUSG00000094488
ENSG00000088833,ENSMUSG00000017310
ENSG00000101199,ENSMUSG00000026860
ENSG00000029534,ENSMUSG00000028381
ENSG00000118804,ENSMUSG00000063903
ENSG00000106302,ENSMUSG00000028159
ENSG00000149577,ENSMUSG00000079681
ENSG00000188909,ENSMUSG00000040113
ENSG00000034693,ENSMUSG00000026149
ENSG00000183978,ENSMUSG00000022241
ENSG00000149742,ENSMUSG00000045005
ENSG00000166323,ENSMUSG00000035356
ENSG00000204632,ENSMUSG00000078157
ENSG00000152894,ENSMUSG00000019773
ENSG00000105373,ENSMUSG00000032446
ENSG00000152939,ENSMUSG00000022204
ENSG00000179588,ENSMUSG00000022701
ENSG00000100263,ENSMUSG00000073643
ENSG00000172967,ENSMUSG00000031142
ENSG00000131725,ENSMUSG00000038550
ENSG00000141380,ENSMUSG00000021704
ENSG00000156599,ENSMUSG00000026554
ENSG00000175305,ENSMUSG00000006526
ENSG00000107745,ENSMUSG00000018347
ENSG00000181038,ENSMUSG00000021583
ENSG00000170315,ENSMUSG00000103310
ENSG00000135597,ENSMUSG00000020532
ENSG00000102710,ENSMUSG00000075229
ENSG00000146090,ENSMUSG00000034610
ENSG00000078142,ENSMUSG00000036136
ENSG00000254685,ENSMUSG00000040365
ENSG00000196214,ENSMUSG00000044835
ENSG00000178381,ENSMUSG00000059493
ENSG00000160325,ENSMUSG00000026882
ENSG00000141977,ENSMUSG00000044676
ENSG00000187566,ENSMUSG00000075200
ENSG00000075388,ENSMUSG00000039016
ENSG00000141452,ENSMUSG00000040463
ENSG00000084734,ENSMUSG00000033036
ENSG00000134574,ENSMUSG00000046352
ENSG00000140519,ENSMUSG00000071165
ENSG00000206172,ENSMUSG00000038738
ENSG00000188523,ENSMUSG00000034109
ENSG00000147614,ENSMUSG00000094810
ENSG00000100350,ENSMUSG00000042508
ENSG00000116852,ENSMUSG00000003273
ENSG00000176732,ENSMUSG00000032374
ENSG00000113312,ENSMUSG00000026576
ENSG00000185000,ENSMUSG00000096566
ENSG00000176454,ENSMUSG00000021051
ENSG00000197385,ENSMUSG00000028134
ENSG00000233608,ENSMUSG00000035045
ENSG00000166855,ENSMUSG00000022604
ENSG00000134809,ENSMUSG00000034175
ENSG00000110711,ENSMUSG00000039774
ENSG00000185385,ENSMUSG00000031107
ENSG00000099624,ENSMUSG00000017000
ENSG00000040531,ENSMUSG00000022386
ENSG00000182481,ENSMUSG00000027425
ENSG00000089723,ENSMUSG00000095301
ENSG00000178338,ENSMUSG00000027698
ENSG00000284629,ENSMUSG00000036273
ENSG00000132842,ENSMUSG00000024340
ENSG00000285231,ENSMUSG00000064044
ENSG00000145916,ENSMUSG00000038070
ENSG00000164086,ENSMUSG00000026765
ENSG00000174343,ENSMUSG00000022589
ENSG00000100335,ENSMUSG00000075023
ENSG00000196935,ENSMUSG00000027075
ENSG00000179580,ENSMUSG00000020838
ENSG00000196437,ENSMUSG00000043859
ENSG00000121680,ENSMUSG00000047642
ENSG00000177398,ENSMUSG00000065987
ENSG00000169989,ENSMUSG00000073400
ENSG00000079557,ENSMUSG00000022484
ENSG00000073584,ENSMUSG00000107011
ENSG00000166509,ENSMUSG00000090115
ENSG00000284704,ENSMUSG00000025782
ENSG00000160131,ENSMUSG00000096409
ENSG00000205838,ENSMUSG00000052763
ENSG00000146856,ENSMUSG00000043119
ENSG00000184361,ENSMUSG00000103081
ENSG00000221826,ENSMUSG00000027079
ENSG00000136628,ENSMUSG00000090864
ENSG00000135341,ENSMUSG00000054310
ENSG00000170906,ENSMUSG00000023185
ENSG00000110446,ENSMUSG00000039313
ENSG00000128602,ENSMUSG00000041907
ENSG00000117407,ENSMUSG00000046056
ENSG00000111224,ENSMUSG00000071337
ENSG00000163833,ENSMUSG00000063550
ENSG00000163516,ENSMUSG00000027828
ENSG00000167861,ENSMUSG00000049588
ENSG00000223953,ENSMUSG00000087075
ENSG00000171160,ENSMUSG00000029176
ENSG00000275969,ENSMUSG00000000290
ENSG00000163832,ENSMUSG00000038286
ENSG00000079432,ENSMUSG00000030447
ENSG00000198848,ENSMUSG00000006241
ENSG00000127663,ENSMUSG00000023159
ENSG00000170396,ENSMUSG00000018776
ENSG00000175946,ENSMUSG00000037025
ENSG00000135372,ENSMUSG00000005958
ENSG00000266028,ENSMUSG00000035455
ENSG00000170581,ENSMUSG00000045797
ENSG00000149925,ENSMUSG00000109212
ENSG00000133121,ENSMUSG00000004933
ENSG00000185436,ENSMUSG00000038886
ENSG00000186417,ENSMUSG00000048398
ENSG00000103507,ENSMUSG00000031352
ENSG00000108932,ENSMUSG00000036800
ENSG00000138399,ENSMUSG00000024420
ENSG00000176204,ENSMUSG00000108605
ENSG00000148308,ENSMUSG00000091350
ENSG00000179902,ENSMUSG00000040952
ENSG00000187144,ENSMUSG00000041592
ENSG00000116819,ENSMUSG00000028224
ENSG00000103257,ENSMUSG00000025401
ENSG00000162813,ENSMUSG00000026934
ENSG00000164743,ENSMUSG00000022790
ENSG00000173638,ENSMUSG00000020090
ENSG00000240065,ENSMUSG00000060441
ENSG00000100201,ENSMUSG00000026238
ENSG00000196990,ENSMUSG00000036442
ENSG00000188467,ENSMUSG00000048312
ENSG00000159176,ENSMUSG00000067698
ENSG00000154099,ENSMUSG00000024446
ENSG00000198478,ENSMUSG00000036875
ENSG00000091542,ENSMUSG00000031400
ENSG00000100504,ENSMUSG00000041754
ENSG00000168546,ENSMUSG00000009580
ENSG00000104804,ENSMUSG00000048200
ENSG00000130558,ENSMUSG00000041886
ENSG00000160963,ENSMUSG00000049502
ENSG00000107566,ENSMUSG00000037490
ENSG00000184459,ENSMUSG00000020315
ENSG00000177688,ENSMUSG00000020101
ENSG00000107551,ENSMUSG00000048763
ENSG00000120370,ENSMUSG00000039989
ENSG00000153060,ENSMUSG00000054364
ENSG00000143178,ENSMUSG00000027650
ENSG00000176884,ENSMUSG00000041068
ENSG00000108960,ENSMUSG00000017588
ENSG00000100156,ENSMUSG00000079093
ENSG00000141293,ENSMUSG00000022545
ENSG00000154813,ENSMUSG00000000303
ENSG00000143437,ENSMUSG00000006345
ENSG00000137648,ENSMUSG00000022510
ENSG00000166049,ENSMUSG00000032352
ENSG00000125651,ENSMUSG00000071180
ENSG00000273213,ENSMUSG00000046207
ENSG00000181026,ENSMUSG00000045009
ENSG00000065882,ENSMUSG00000051276
ENSG00000169994,ENSMUSG00000036957
ENSG00000130733,ENSMUSG00000045341
ENSG00000167103,ENSMUSG00000036083
ENSG00000170275,ENSMUSG00000037251
ENSG00000163703,ENSMUSG00000025161
ENSG00000076382,ENSMUSG00000043911
ENSG00000188293,ENSMUSG00000067594
ENSG00000112246,ENSMUSG00000051793
ENSG00000130513,ENSMUSG00000041921
ENSG00000138035,ENSMUSG00000047221
ENSG00000152749,ENSMUSG00000039883
ENSG00000151414,ENSMUSG00000028975
ENSG00000101276,ENSMUSG00000040446
ENSG00000204033,ENSMUSG00000052488
ENSG00000106526,ENSMUSG00000032300
ENSG00000160712,ENSMUSG00000028538
ENSG00000186468,ENSMUSG00000018340
ENSG00000064042,ENSMUSG00000095990
ENSG00000196821,ENSMUSG00000050075
ENSG00000187140,ENSMUSG00000061731
ENSG00000175073,ENSMUSG00000029388
ENSG00000125798,ENSMUSG00000019971
ENSG00000039560,ENSMUSG00000001865
ENSG00000214357,ENSMUSG00000006005
ENSG00000110851,ENSMUSG00000029608
ENSG00000100139,ENSMUSG00000044337
ENSG00000197977,ENSMUSG00000006445
ENSG00000133106,ENSMUSG00000024516
ENSG00000196151,ENSMUSG00000028109
ENSG00000172340,ENSMUSG00000062629
ENSG00000169122,ENSMUSG00000020376
ENSG00000107968,ENSMUSG00000021298
ENSG00000171806,ENSMUSG00000028415
ENSG00000123999,ENSMUSG00000074342
ENSG00000066405,ENSMUSG00000038540
ENSG00000196453,ENSMUSG00000000385
ENSG00000144895,ENSMUSG00000032936
ENSG00000082153,ENSMUSG00000030878
ENSG00000076641,ENSMUSG00000026626
ENSG00000004897,ENSMUSG00000029784
ENSG00000116863,ENSMUSG00000031633
ENSG00000123143,ENSMUSG00000022247
ENSG00000149591,ENSMUSG00000031765
ENSG00000128536,ENSMUSG00000090897
ENSG00000166391,ENSMUSG00000037469
ENSG00000130741,ENSMUSG00000048277
ENSG00000286014,ENSMUSG00000074715
ENSG00000147724,ENSMUSG00000050640
ENSG00000076554,ENSMUSG00000030494
ENSG00000249961,ENSMUSG00000048490
ENSG00000189159,ENSMUSG00000022972
ENSG00000183248,ENSMUSG00000094151
ENSG00000112706,ENSMUSG00000037148
ENSG00000106089,ENSMUSG00000029503
ENSG00000141946,ENSMUSG00000038213
ENSG00000048828,ENSMUSG00000027434
ENSG00000205457,ENSMUSG00000035799
ENSG00000171159,ENSMUSG00000042031
ENSG00000204086,ENSMUSG00000108763
ENSG00000135776,ENSMUSG00000061210
ENSG00000120054,ENSMUSG00000039840
ENSG00000185873,ENSMUSG00000095011
ENSG00000196417,ENSMUSG00000034755
ENSG00000130522,ENSMUSG00000059382
ENSG00000185294,ENSMUSG00000089694
ENSG00000182325,ENSMUSG00000036555
ENSG00000172243,ENSMUSG00000033508
ENSG00000134874,ENSMUSG00000055610
ENSG00000179674,ENSMUSG00000023030
ENSG00000154889,ENSMUSG00000060254
ENSG00000088930,ENSMUSG00000092232
ENSG00000258873,ENSMUSG00000034730
ENSG00000277758,ENSMUSG00000022890
ENSG00000185247,ENSMUSG00000092032
ENSG00000174684,ENSMUSG00000034152
ENSG00000173612,ENSMUSG00000017165
ENSG00000135914,ENSMUSG00000030858
ENSG00000171560,ENSMUSG00000060093
ENSG00000128609,ENSMUSG00000009588
ENSG00000196549,ENSMUSG00000027422
ENSG00000177853,ENSMUSG00000033006
ENSG00000161960,ENSMUSG00000027012
ENSG00000164556,ENSMUSG00000028822
ENSG00000169245,ENSMUSG00000039375
ENSG00000105619,ENSMUSG00000014351
ENSG00000174928,ENSMUSG00000073639
ENSG00000117748,ENSMUSG00000008307
ENSG00000196712,ENSMUSG00000046804
ENSG00000104375,ENSMUSG00000095503
ENSG00000144596,ENSMUSG00000022122
ENSG00000205323,ENSMUSG00000102440
ENSG00000159339,ENSMUSG00000060974
ENSG00000186965,ENSMUSG00000027316
ENSG00000064309,ENSMUSG00000027380
ENSG00000198791,ENSMUSG00000031026
ENSG00000239642,ENSMUSG00000019139
ENSG00000178409,ENSMUSG00000034663
ENSG00000153827,ENSMUSG00000036435
ENSG00000167080,ENSMUSG00000074238
ENSG00000143537,ENSMUSG00000091568
ENSG00000169946,ENSMUSG00000061626
ENSG00000112144,ENSMUSG00000006469
ENSG00000042088,ENSMUSG00000044950
ENSG00000276966,ENSMUSG00000028436
ENSG00000168646,ENSMUSG00000057615
ENSG00000178385,ENSMUSG00000091692
ENSG00000178573,ENSMUSG00000009090
ENSG00000204571,ENSMUSG00000025439
ENSG00000085224,ENSMUSG00000024076
ENSG00000117122,ENSMUSG00000073769
ENSG00000203727,ENSMUSG00000036980
ENSG00000068912,ENSMUSG00000035376
ENSG00000023734,ENSMUSG00000032056
ENSG00000118579,ENSMUSG00000036466
ENSG00000167468,ENSMUSG00000075149
ENSG00000188315,ENSMUSG00000039304
ENSG00000109193,ENSMUSG00000046985
ENSG00000115616,ENSMUSG00000070870
ENSG00000215343,ENSMUSG00000060002
ENSG00000137561,ENSMUSG00000033350
ENSG00000095627,ENSMUSG00000024678
ENSG00000184672,ENSMUSG00000094793
ENSG00000179919,ENSMUSG00000026956
ENSG00000197816,ENSMUSG00000033255
ENSG00000188580,ENSMUSG00000024948
ENSG00000012048,ENSMUSG00000062433
ENSG00000197532,ENSMUSG00000063900
ENSG00000116120,ENSMUSG00000067242
ENSG00000111262,ENSMUSG00000063568
ENSG00000135111,ENSMUSG00000019461
ENSG00000026297,ENSMUSG00000095858
ENSG00000215305,ENSMUSG00000030048
ENSG00000156017,ENSMUSG00000055633
ENSG00000106351,ENSMUSG00000037020
ENSG00000175262,ENSMUSG00000034312
ENSG00000172159,ENSMUSG00000098374
ENSG00000152457,ENSMUSG00000003660
ENSG00000138615,ENSMUSG00000079271
ENSG00000136059,ENSMUSG00000051397
ENSG00000198342,ENSMUSG00000035829
ENSG00000108405,ENSMUSG00000031513
ENSG00000065609,ENSMUSG00000033147
ENSG00000198814,ENSMUSG00000036333
ENSG00000144410,ENSMUSG00000009995
ENSG00000197978,ENSMUSG00000028016
ENSG00000276380,ENSMUSG00000094353
ENSG00000175826,ENSMUSG00000028391
ENSG00000163216,ENSMUSG00000050281
ENSG00000149262,ENSMUSG00000047037
ENSG00000128833,ENSMUSG00000051390
ENSG00000136942,ENSMUSG00000031070
ENSG00000125522,ENSMUSG00000027199
ENSG00000115539,ENSMUSG00000039648
ENSG00000162620,ENSMUSG00000069706
ENSG00000072182,ENSMUSG00000068245
ENSG00000107281,ENSMUSG00000095789
ENSG00000205133,ENSMUSG00000041774
ENSG00000163464,ENSMUSG00000006024
ENSG00000100097,ENSMUSG00000033792
ENSG00000183741,ENSMUSG00000040340
ENSG00000176219,ENSMUSG00000024892
ENSG00000148660,ENSMUSG00000001435
ENSG00000188676,ENSMUSG00000100704
ENSG00000094804,ENSMUSG00000066551
ENSG00000164828,ENSMUSG00000094116
ENSG00000144230,ENSMUSG00000028293
ENSG00000240720,ENSMUSG00000036792
ENSG00000167741,ENSMUSG00000043183
ENSG00000152455,ENSMUSG00000096069
ENSG00000131634,ENSMUSG00000052595
ENSG00000138172,ENSMUSG00000029642
ENSG00000104324,ENSMUSG00000030301
ENSG00000155506,ENSMUSG00000095557
ENSG00000106701,ENSMUSG00000000305
ENSG00000135046,ENSMUSG00000055933
ENSG00000139438,ENSMUSG00000035651
ENSG00000121104,ENSMUSG00000050425
ENSG00000085365,ENSMUSG00000096872
ENSG00000176946,ENSMUSG00000062991
ENSG00000146243,ENSMUSG00000039215
ENSG00000188761,ENSMUSG00000028176
ENSG00000129292,ENSMUSG00000029097
ENSG00000204644,ENSMUSG00000042678
ENSG00000188408,ENSMUSG00000032303
ENSG00000066230,ENSMUSG00000038777
ENSG00000163331,ENSMUSG00000082574
ENSG00000155428,ENSMUSG00000035594
ENSG00000163449,ENSMUSG00000073433
ENSG00000162636,ENSMUSG00000073602
ENSG00000169951,ENSMUSG00000051184
ENSG00000273542,ENSMUSG00000023968
ENSG00000183530,ENSMUSG00000032566
ENSG00000197586,ENSMUSG00000031551
ENSG00000197785,ENSMUSG00000009418
ENSG00000116984,ENSMUSG00000073402
ENSG00000117054,ENSMUSG00000033386
ENSG00000173253,ENSMUSG00000043556
ENSG00000099901,ENSMUSG00000069515
ENSG00000109270,ENSMUSG00000033964
ENSG00000124207,ENSMUSG00000019647
ENSG00000005486,ENSMUSG00000044177
ENSG00000042493,ENSMUSG00000096788
ENSG00000111231,ENSMUSG00000047085
ENSG00000165309,ENSMUSG00000037005
ENSG00000276085,ENSMUSG00000072582
ENSG00000124107,ENSMUSG00000042680
ENSG00000183763,ENSMUSG00000050751
ENSG00000147488,ENSMUSG00000095232
ENSG00000167491,ENSMUSG00000024472
ENSG00000153066,ENSMUSG00000092043
ENSG00000161267,ENSMUSG00000056718
ENSG00000162733,ENSMUSG00000024130
ENSG00000156508,ENSMUSG00000024991
ENSG00000140612,ENSMUSG00000073786
ENSG00000066455,ENSMUSG00000055114
ENSG00000165416,ENSMUSG00000020329
ENSG00000197969,ENSMUSG00000032872
ENSG00000125430,ENSMUSG00000033906
ENSG00000155760,ENSMUSG00000055960
ENSG00000145388,ENSMUSG00000039661
ENSG00000102181,ENSMUSG00000066878
ENSG00000112333,ENSMUSG00000025784
ENSG00000175197,ENSMUSG00000001847
ENSG00000173898,ENSMUSG00000035133
ENSG00000119333,ENSMUSG00000032342
ENSG00000230399,ENSMUSG00000074003
ENSG00000146833,ENSMUSG00000046312
ENSG00000259803,ENSMUSG00000036568
ENSG00000128656,ENSMUSG00000061474
ENSG00000136002,ENSMUSG00000015943
ENSG00000293570,ENSMUSG00000039682
ENSG00000131469,ENSMUSG00000032911
ENSG00000169826,ENSMUSG00000038224
ENSG00000175893,ENSMUSG00000096442
ENSG00000137707,ENSMUSG00000013858
ENSG00000161807,ENSMUSG00000071256
ENSG00000134030,ENSMUSG00000030323
ENSG00000164796,ENSMUSG00000037805
ENSG00000171863,ENSMUSG00000007039
ENSG00000203870,ENSMUSG00000043529
ENSG00000104299,ENSMUSG00000020617
ENSG00000124772,ENSMUSG00000029447
ENSG00000203784,ENSMUSG00000038135
ENSG00000091947,ENSMUSG00000055761
ENSG00000140553,ENSMUSG00000007721
ENSG00000127564,ENSMUSG00000014329
ENSG00000277745,ENSMUSG00000039199
ENSG00000115137,ENSMUSG00000102758
ENSG00000186714,ENSMUSG00000041263
ENSG00000152672,ENSMUSG00000058318
ENSG00000123575,ENSMUSG00000052301
ENSG00000145888,ENSMUSG00000025362
ENSG00000125356,ENSMUSG00000059326
ENSG00000101347,ENSMUSG00000028035
ENSG00000198924,ENSMUSG00000062866
ENSG00000125458,ENSMUSG00000029054
ENSG00000135905,ENSMUSG00000024091
ENSG00000160299,ENSMUSG00000075100
ENSG00000126814,ENSMUSG00000051435
ENSG00000148200,ENSMUSG00000023247
ENSG00000189362,ENSMUSG00000020650
ENSG00000146648,ENSMUSG00000021286
ENSG00000106436,ENSMUSG00000096601
ENSG00000164924,ENSMUSG00000024754
ENSG00000110200,ENSMUSG00000095522
ENSG00000069329,ENSMUSG00000026942
ENSG00000101849,ENSMUSG00000027115
ENSG00000171222,ENSMUSG00000074476
ENSG00000274349,ENSMUSG00000064310
ENSG00000275342,ENSMUSG00000038155
ENSG00000184009,ENSMUSG00000014361
ENSG00000133958,ENSMUSG00000030825
ENSG00000001561,ENSMUSG00000021301
ENSG00000078668,ENSMUSG00000028152
ENSG00000135917,ENSMUSG00000037499
ENSG00000120334,ENSMUSG00000028042
ENSG00000182541,ENSMUSG00000079597
ENSG00000135333,ENSMUSG00000045193
ENSG00000240344,ENSMUSG00000026816
ENSG00000149948,ENSMUSG00000031230
ENSG00000099977,ENSMUSG00000051599
ENSG00000081148,ENSMUSG00000096861
ENSG00000120669,ENSMUSG00000024410
ENSG00000119522,ENSMUSG00000021553
ENSG00000197483,ENSMUSG00000062376
ENSG00000203737,ENSMUSG00000021910
ENSG00000204120,ENSMUSG00000027882
ENSG00000100749,ENSMUSG00000027800
ENSG00000076258,ENSMUSG00000003865
ENSG00000124827,ENSMUSG00000052562
ENSG00000184838,ENSMUSG00000017686
ENSG00000174282,ENSMUSG00000026991
ENSG00000167645,ENSMUSG00000093755
ENSG00000136574,ENSMUSG00000005102
ENSG00000132716,ENSMUSG00000040706
ENSG00000115592,ENSMUSG00000038518
ENSG00000187775,ENSMUSG00000050089
ENSG00000175324,ENSMUSG00000078184
ENSG00000183067,ENSMUSG00000090175
ENSG00000152192,ENSMUSG00000034336
ENSG00000174937,ENSMUSG00000086147
ENSG00000161958,ENSMUSG00000034173
ENSG00000134215,ENSMUSG00000038485
ENSG00000148735,ENSMUSG00000047728
ENSG00000166352,ENSMUSG00000038055
ENSG00000221978,ENSMUSG00000022571
ENSG00000107984,ENSMUSG00000045838
ENSG00000100249,ENSMUSG00000015970
ENSG00000064886,ENSMUSG00000078139
ENSG00000139641,ENSMUSG00000028255
ENSG00000108773,ENSMUSG00000000617
ENSG00000256870,ENSMUSG00000028251
ENSG00000161980,ENSMUSG00000073079
ENSG00000112559,ENSMUSG00000005161
ENSG00000180611,ENSMUSG00000026873
ENSG00000137269,ENSMUSG00000040669
ENSG00000183307,ENSMUSG00000094622
ENSG00000119760,ENSMUSG00000068923
ENSG00000118200,ENSMUSG00000019796
ENSG00000244020,ENSMUSG00000096705
ENSG00000130598,ENSMUSG00000074811
ENSG00000103550,ENSMUSG00000063439
ENSG00000289715,ENSMUSG00000069814
ENSG00000184786,ENSMUSG00000036091
ENSG00000205301,ENSMUSG00000056987
ENSG00000079246,ENSMUSG00000109228
ENSG00000134013,ENSMUSG00000020022
ENSG00000136630,ENSMUSG00000024079
ENSG00000142621,ENSMUSG00000010476
ENSG00000152558,ENSMUSG00000066803
ENSG00000135312,ENSMUSG00000020982
ENSG00000196620,ENSMUSG00000020017
ENSG00000124657,ENSMUSG00000032601
ENSG00000154529,ENSMUSG00000020926
ENSG00000260734,ENSMUSG00000064213
ENSG00000162510,ENSMUSG00000055254
ENSG00000253767,ENSMUSG00000031644
ENSG00000119729,ENSMUSG00000040687
ENSG00000256394,ENSMUSG00000028953
ENSG00000198929,ENSMUSG00000039254
ENSG00000103034,ENSMUSG00000027091
ENSG00000156096,ENSMUSG00000062944
ENSG00000137575,ENSMUSG00000094596
ENSG00000124256,ENSMUSG00000079871
ENSG00000099622,ENSMUSG00000024065
ENSG00000176731,ENSMUSG00000059436
ENSG00000138653,ENSMUSG00000047963
ENSG00000071242,ENSMUSG00000066952
ENSG00000073331,ENSMUSG00000020485
ENSG00000140382,ENSMUSG00000041014
ENSG00000237412,ENSMUSG00000025245
ENSG00000157881,ENSMUSG00000047545
ENSG00000170677,ENSMUSG00000033207
ENSG00000170950,ENSMUSG00000028437
ENSG00000123901,ENSMUSG00000062209
ENSG00000121351,ENSMUSG00000042535
ENSG00000186090,ENSMUSG00000020717
ENSG00000282815,ENSMUSG00000025395
ENSG00000136295,ENSMUSG00000070291
ENSG00000145192,ENSMUSG00000013878
ENSG00000244687,ENSMUSG00000024583
ENSG00000128607,ENSMUSG00000031292
ENSG00000113205,ENSMUSG00000020745
ENSG00000125848,ENSMUSG00000061780
ENSG00000142733,ENSMUSG00000043631
ENSG00000007908,ENSMUSG00000064289
ENSG00000103549,ENSMUSG00000047228
ENSG00000177646,ENSMUSG00000030347
ENSG00000213648,ENSMUSG00000031896
ENSG00000106031,ENSMUSG00000032497
ENSG00000184022,ENSMUSG00000075099
ENSG00000181778,ENSMUSG00000027400
ENSG00000185681,ENSMUSG00000095655
ENSG00000029559,ENSMUSG00000045655
ENSG00000173011,ENSMUSG00000020328
ENSG00000113889,ENSMUSG00000044205
ENSG00000135916,ENSMUSG00000062078
ENSG00000188542,ENSMUSG00000048070
ENSG00000159164,ENSMUSG00000044502
ENSG00000145919,ENSMUSG00000084957
ENSG00000234745,ENSMUSG00000027840
ENSG00000130477,ENSMUSG00000074433
ENSG00000167578,ENSMUSG00000039634
ENSG00000170893,ENSMUSG00000025409
ENSG00000164118,ENSMUSG00000009185
ENSG00000006576,ENSMUSG00000031799
ENSG00000100650,ENSMUSG00000031465
ENSG00000149054,ENSMUSG00000030213
ENSG00000069509,ENSMUSG00000004630
ENSG00000197442,ENSMUSG00000049115
ENSG00000150967,ENSMUSG00000026426
ENSG00000172409,ENSMUSG00000079444
ENSG00000064545,ENSMUSG00000073963
ENSG00000138735,ENSMUSG00000037993
ENSG00000003096,ENSMUSG00000050052
ENSG00000008869,ENSMUSG00000026779
ENSG00000177150,ENSMUSG00000095063
ENSG00000189369,ENSMUSG00000025557
ENSG00000175294,ENSMUSG00000032231
ENSG00000112319,ENSMUSG00000027210
ENSG00000160113,ENSMUSG00000042529
ENSG00000189430,ENSMUSG00000003033
ENSG00000151458,ENSMUSG00000028460
ENSG00000004487,ENSMUSG00000022390
ENSG00000100503,ENSMUSG00000044681
ENSG00000173908,ENSMUSG00000069818
ENSG00000167065,ENSMUSG00000021318
ENSG00000166348,ENSMUSG00000046070
ENSG00000147684,ENSMUSG00000029268
ENSG00000140525,ENSMUSG00000018634
ENSG00000196335,ENSMUSG00000101528
ENSG00000175634,ENSMUSG00000024081
ENSG00000166589,ENSMUSG00000071748
ENSG00000150244,ENSMUSG00000002846
ENSG00000163467,ENSMUSG00000042659
ENSG00000134765,ENSMUSG00000078776
ENSG00000114541,ENSMUSG00000020598
ENSG00000131127,ENSMUSG00000054459
ENSG00000143494,ENSMUSG00000093941
ENSG00000170703,ENSMUSG00000064125
ENSG00000184945,ENSMUSG00000047654
ENSG00000160838,ENSMUSG00000026150
ENSG00000083123,ENSMUSG00000109061
ENSG00000109927,ENSMUSG00000099655
ENSG00000132953,ENSMUSG00000035031
ENSG00000130287,ENSMUSG00000022861
ENSG00000092964,ENSMUSG00000058997
ENSG00000204099,ENSMUSG00000093890
ENSG00000154263,ENSMUSG00000019312
ENSG00000134909,ENSMUSG00000095294
ENSG00000108389,ENSMUSG00000005503
ENSG00000170128,ENSMUSG00000029777
ENSG00000186222,ENSMUSG00000069899
ENSG00000133641,ENSMUSG00000051359
ENSG00000169427,ENSMUSG00000094802
ENSG00000058600,ENSMUSG00000037259
ENSG00000153207,ENSMUSG00000067365
ENSG00000099999,ENSMUSG00000031149
ENSG00000158711,ENSMUSG00000026096
ENSG00000002834,ENSMUSG00000005986
ENSG00000124214,ENSMUSG00000068748
ENSG00000124783,ENSMUSG00000025817
ENSG00000188739,ENSMUSG00000031538
ENSG00000100526,ENSMUSG00000056812
ENSG00000113575,ENSMUSG00000056919
ENSG00000157224,ENSMUSG00000031792
ENSG00000171116,ENSMUSG00000066804
ENSG00000198843,ENSMUSG00000052363
ENSG00000261236,ENSMUSG00000042293
ENSG00000142166,ENSMUSG00000023868
ENSG00000130699,ENSMUSG00000060036
ENSG00000169020,ENSMUSG00000032604
ENSG00000136940,ENSMUSG00000047594
ENSG00000163661,ENSMUSG00000034744
ENSG00000198788,ENSMUSG00000062373
ENSG00000169710,ENSMUSG00000017764
ENSG00000136715,ENSMUSG00000024176
ENSG00000283758,ENSMUSG00000050064
ENSG00000083099,ENSMUSG00000021728
ENSG00000283227,ENSMUSG00000047415
ENSG00000197134,ENSMUSG00000033502
ENSG00000172137,ENSMUSG00000021125
ENSG00000198824,ENSMUSG00000021270
ENSG00000165632,ENSMUSG00000050100
ENSG00000177938,ENSMUSG00000024131
ENSG00000150782,ENSMUSG00000020744
ENSG00000243414,ENSMUSG00000078869
ENSG00000228594,ENSMUSG00000023020
ENSG00000174914,ENSMUSG00000095527
ENSG00000140400,ENSMUSG00000066030
ENSG00000197696,ENSMUSG00000035769
ENSG00000134014,ENSMUSG00000098530
ENSG00000215595,ENSMUSG00000030214
ENSG00000196468,ENSMUSG00000026799
ENSG00000062096,ENSMUSG00000039488
ENSG00000106443,ENSMUSG00000005994
ENSG00000171517,ENSMUSG00000012211
ENSG00000183671,ENSMUSG00000063728
ENSG00000137404,ENSMUSG00000026170
ENSG00000111981,ENSMUSG00000055401
ENSG00000120306,ENSMUSG00000056268
ENSG00000184182,ENSMUSG00000029993
ENSG00000164122,ENSMUSG00000036138
ENSG00000186474,ENSMUSG00000037921
ENSG00000054690,ENSMUSG00000035226
ENSG00000124201,ENSMUSG00000091896
ENSG00000075089,ENSMUSG00000073002
ENSG00000004660,ENSMUSG00000029655
ENSG00000099326,ENSMUSG00000057068
ENSG00000147457,ENSMUSG00000022359
ENSG00000136531,ENSMUSG00000040651
ENSG00000223547,ENSMUSG00000041734
ENSG00000196422,ENSMUSG00000023031
ENSG00000173041,ENSMUSG00000039775
ENSG00000168216,ENSMUSG00000051483
ENSG00000147526,ENSMUSG00000046364
ENSG00000163751,ENSMUSG00000027287
ENSG00000100258,ENSMUSG00000061244
ENSG00000172057,ENSMUSG00000041012
ENSG00000264717,ENSMUSG00000089809
ENSG00000164506,ENSMUSG00000058398
ENSG00000213918,ENSMUSG00000023070
ENSG00000170122,ENSMUSG00000086213
ENSG00000300510,ENSMUSG00000024211
ENSG00000135625,ENSMUSG00000046761
ENSG00000157303,ENSMUSG00000041313
ENSG00000006555,ENSMUSG00000044033
ENSG00000177045,ENSMUSG00000002102
ENSG00000099385,ENSMUSG00000053720
ENSG00000197363,ENSMUSG00000083616
ENSG00000173699,ENSMUSG00000021892
ENSG00000148339,ENSMUSG00000061462
ENSG00000175664,ENSMUSG00000062300
ENSG00000170782,ENSMUSG00000034022
ENSG00000175646,ENSMUSG00000053819
ENSG00000100934,ENSMUSG00000024608
ENSG00000164120,ENSMUSG00000032763
ENSG00000179921,ENSMUSG00000029326
ENSG00000256683,ENSMUSG00000036596
ENSG00000254834,ENSMUSG00000091863
ENSG00000078674,ENSMUSG00000099863
ENSG00000159111,ENSMUSG00000054169
ENSG00000123427,ENSMUSG00000031290
ENSG00000131370,ENSMUSG00000060480
ENSG00000148926,ENSMUSG00000029560
ENSG00000170627,ENSMUSG00000035295
ENSG00000213928,ENSMUSG00000007805
ENSG00000131724,ENSMUSG00000063626
ENSG00000120159,ENSMUSG00000043313
ENSG00000185966,ENSMUSG00000049571
ENSG00000080572,ENSMUSG00000046282
ENSG00000119772,ENSMUSG00000025894
ENSG00000205238,ENSMUSG00000039033
ENSG00000111245,ENSMUSG00000045532
ENSG00000025772,ENSMUSG00000034063
ENSG00000124596,ENSMUSG00000032547
ENSG00000230657,ENSMUSG00000062793
ENSG00000205765,ENSMUSG00000051732
ENSG00000273136,ENSMUSG00000027433
ENSG00000179295,ENSMUSG00000004610
ENSG00000112337,ENSMUSG00000073012
ENSG00000214367,ENSMUSG00000059741
ENSG00000107874,ENSMUSG00000021196
ENSG00000239704,ENSMUSG00000042524
ENSG00000253649,ENSMUSG00000024610
ENSG00000163625,ENSMUSG00000020402
ENSG00000162601,ENSMUSG00000042228
ENSG00000172780,ENSMUSG00000015812
ENSG00000085274,ENSMUSG00000058207
ENSG00000135636,ENSMUSG00000050668
ENSG00000121964,ENSMUSG00000029088
ENSG00000310517,ENSMUSG00000034412
ENSG00000171944,ENSMUSG00000067591
ENSG00000144010,ENSMUSG00000045306
ENSG00000233136,ENSMUSG00000040653
ENSG00000012983,ENSMUSG00000048686
ENSG00000136698,ENSMUSG00000037353
ENSG00000233232,ENSMUSG00000034509
ENSG00000184990,ENSMUSG00000023000
ENSG00000284667,ENSMUSG00000096750
ENSG00000111801,ENSMUSG00000043079
ENSG00000144214,ENSMUSG00000038900
ENSG00000111341,ENSMUSG00000096966
ENSG00000106628,ENSMUSG00000094266
ENSG00000177051,ENSMUSG00000054453
ENSG00000184005,ENSMUSG00000050967
ENSG00000185803,ENSMUSG00000049420
ENSG00000107929,ENSMUSG00000048583
ENSG00000184014,ENSMUSG00000015787
ENSG00000176142,ENSMUSG00000044447
ENSG00000136717,ENSMUSG00000037852
ENSG00000186197,ENSMUSG00000095523
ENSG00000135945,ENSMUSG00000024966
ENSG00000084623,ENSMUSG00000073085
ENSG00000151715,ENSMUSG00000030469
ENSG00000154309,ENSMUSG00000099541
ENSG00000147144,ENSMUSG00000031622
ENSG00000161055,ENSMUSG00000026806
ENSG00000138074,ENSMUSG00000034000
ENSG00000077380,ENSMUSG00000073747
ENSG00000175938,ENSMUSG00000018974
ENSG00000116062,ENSMUSG00000030981
ENSG00000119630,ENSMUSG00000055319
ENSG00000147274,ENSMUSG00000095525
ENSG00000075975,ENSMUSG00000053004
ENSG00000132744,ENSMUSG00000034121
ENSG00000108039,ENSMUSG00000078577
ENSG00000139160,ENSMUSG00000078866
ENSG00000118407,ENSMUSG00000064057
ENSG00000240386,ENSMUSG00000045071
ENSG00000123360,ENSMUSG00000090553
ENSG00000147799,ENSMUSG00000033453
ENSG00000111445,ENSMUSG00000047686
ENSG00000196289,ENSMUSG00000009585
ENSG00000173915,ENSMUSG00000034112
ENSG00000131115,ENSMUSG00000096259
ENSG00000181408,ENSMUSG00000070495
ENSG00000171446,ENSMUSG00000014504
ENSG00000221852,ENSMUSG00000027288
ENSG00000142657,ENSMUSG00000067513
ENSG00000126500,ENSMUSG00000021207
ENSG00000130508,ENSMUSG00000053815
ENSG00000161653,ENSMUSG00000039193
ENSG00000095303,ENSMUSG00000019917
ENSG00000119707,ENSMUSG00000079606
ENSG00000092439,ENSMUSG00000042104
ENSG00000124721,ENSMUSG00000092021
ENSG00000172935,ENSMUSG00000029334
ENSG00000229474,ENSMUSG00000063954
ENSG00000145103,ENSMUSG00000070380
ENSG00000176381,ENSMUSG00000084387
ENSG00000107263,ENSMUSG00000056888
ENSG00000182631,ENSMUSG00000072709
ENSG00000112212,ENSMUSG00000060317
ENSG00000112081,ENSMUSG00000061859
ENSG00000147256,ENSMUSG00000090206
ENSG00000109920,ENSMUSG00000023411
ENSG00000137947,ENSMUSG00000023286
ENSG00000126233,ENSMUSG00000021022
ENSG00000171747,ENSMUSG00000020481
ENSG00000106819,ENSMUSG00000030062
ENSG00000129749,ENSMUSG00000089872
ENSG00000070087,ENSMUSG00000026012
ENSG00000148019,ENSMUSG00000050558
ENSG00000186806,ENSMUSG00000018774
ENSG00000261794,ENSMUSG00000034959
ENSG00000214655,ENSMUSG00000036192
ENSG00000150459,ENSMUSG00000026523
ENSG00000050130,ENSMUSG00000078673
ENSG00000117519,ENSMUSG00000022296
ENSG00000127481,ENSMUSG00000069117
ENSG00000108551,ENSMUSG00000005220
ENSG00000124383,ENSMUSG00000074754
ENSG00000204703,ENSMUSG00000026357
ENSG00000153922,ENSMUSG00000075190
ENSG00000162927,ENSMUSG00000050058
ENSG00000196406,ENSMUSG00000034161
ENSG00000176402,ENSMUSG00000036357
ENSG00000212935,ENSMUSG00000071317
ENSG00000135406,ENSMUSG00000024479
ENSG00000148344,ENSMUSG00000033316
ENSG00000162745,ENSMUSG00000025075
ENSG00000232399,ENSMUSG00000080781
ENSG00000170266,ENSMUSG00000059857
ENSG00000240972,ENSMUSG00000025764
ENSG00000148358,ENSMUSG00000028392
ENSG00000188175,ENSMUSG00000034739
ENSG00000135269,ENSMUSG00000026727
ENSG00000138641,ENSMUSG00000031872
ENSG00000080031,ENSMUSG00000018822
ENSG00000159921,ENSMUSG00000048120
ENSG00000126231,ENSMUSG00000031520
ENSG00000128513,ENSMUSG00000021189
ENSG00000266074,ENSMUSG00000039385
ENSG00000146374,ENSMUSG00000052962
ENSG00000051620,ENSMUSG00000040280
ENSG00000185372,ENSMUSG00000051153
ENSG00000145949,ENSMUSG00000056770
ENSG00000167800,ENSMUSG00000079659
ENSG00000125637,ENSMUSG00000028692
ENSG00000134532,ENSMUSG00000028407
ENSG00000205560,ENSMUSG00000093877
ENSG00000151079,ENSMUSG00000034620
ENSG00000141425,ENSMUSG00000029032
ENSG00000185024,ENSMUSG00000031349
ENSG00000188818,ENSMUSG00000029607
ENSG00000139168,ENSMUSG00000064360
ENSG00000277775,ENSMUSG00000041482
ENSG00000059378,ENSMUSG00000090698
ENSG00000166272,ENSMUSG00000001473
ENSG00000258429,ENSMUSG00000075095
ENSG00000059769,ENSMUSG00000028883
ENSG00000155111,ENSMUSG00000091879
ENSG00000115170,ENSMUSG00000025789
ENSG00000148516,ENSMUSG00000052837
ENSG00000154760,ENSMUSG00000024510
ENSG00000157429,ENSMUSG00000036167
ENSG00000198860,ENSMUSG00000029522
ENSG00000035862,ENSMUSG00000041130
ENSG00000155254,ENSMUSG00000096099
ENSG00000111254,ENSMUSG00000078511
ENSG00000067533,ENSMUSG00000040229
ENSG00000167969,ENSMUSG00000071001
ENSG00000100647,ENSMUSG00000071646
ENSG00000197993,ENSMUSG00000089678
ENSG00000177465,ENSMUSG00000024622
ENSG00000187773,ENSMUSG00000010751
ENSG00000140526,ENSMUSG00000032633
ENSG00000183742,ENSMUSG00000055609
ENSG00000156026,ENSMUSG00000022184
ENSG00000171509,ENSMUSG00000031227
ENSG00000181467,ENSMUSG00000095758
ENSG00000185818,ENSMUSG00000081649
ENSG00000167355,ENSMUSG00000071340
ENSG00000124380,ENSMUSG00000040532
ENSG00000284753,ENSMUSG00000064179
ENSG00000196465,ENSMUSG00000058491
ENSG00000130589,ENSMUSG00000028398
ENSG00000173762,ENSMUSG00000021660
ENSG00000137726,ENSMUSG00000034783
ENSG00000112851,ENSMUSG00000079435
ENSG00000250782,ENSMUSG00000016181
ENSG00000198841,ENSMUSG00000008999
ENSG00000102763,ENSMUSG00000031984
ENSG00000113108,ENSMUSG00000050846
ENSG00000196196,ENSMUSG00000028104
ENSG00000144635,ENSMUSG00000055560
ENSG00000133935,ENSMUSG00000050788
ENSG00000095970,ENSMUSG00000035735
ENSG00000155849,ENSMUSG00000055541
ENSG00000284042,ENSMUSG00000029596
ENSG00000135913,ENSMUSG00000015665
ENSG00000167780,ENSMUSG00000033405
ENSG00000167994,ENSMUSG00000066755
ENSG00000105245,ENSMUSG00000059708
ENSG00000162981,ENSMUSG00000075146
ENSG00000106123,ENSMUSG00000020021
ENSG00000102445,ENSMUSG00000021187
ENSG00000060558,ENSMUSG00000052516
ENSG00000166250,ENSMUSG00000021696
ENSG00000105556,ENSMUSG00000021260
ENSG00000163637,ENSMUSG00000066861
ENSG00000122678,ENSMUSG00000091563
ENSG00000184575,ENSMUSG00000032932
ENSG00000174453,ENSMUSG00000047155
ENSG00000144036,ENSMUSG00000053801
ENSG00000123171,ENSMUSG00000075166
ENSG00000089505,ENSMUSG00000029247
ENSG00000025770,ENSMUSG00000022179
ENSG00000107187,ENSMUSG00000031099
ENSG00000092529,ENSMUSG00000022763
ENSG00000068120,ENSMUSG00000074502
ENSG00000105127,ENSMUSG00000028572
ENSG00000185115,ENSMUSG00000030208
ENSG00000118960,ENSMUSG00000019082
ENSG00000034677,ENSMUSG00000032251
ENSG00000139620,ENSMUSG00000096856
ENSG00000114383,ENSMUSG00000038902
ENSG00000089289,ENSMUSG00000055978
ENSG00000166046,ENSMUSG00000073396
ENSG00000132141,ENSMUSG00000096682
ENSG00000177303,ENSMUSG00000003549
ENSG00000091010,ENSMUSG00000035109
ENSG00000185149,ENSMUSG00000062203
ENSG00000229833,ENSMUSG00000004070
ENSG00000135100,ENSMUSG00000064326
ENSG00000178567,ENSMUSG00000030108
ENSG00000139266,ENSMUSG00000042262
ENSG00000102981,ENSMUSG00000021676
ENSG00000213341,ENSMUSG00000047910
ENSG00000107902,ENSMUSG00000051340
ENSG00000187017,ENSMUSG00000002365
ENSG00000196782,ENSMUSG00000042410
ENSG00000079102,ENSMUSG00000091650
ENSG00000186009,ENSMUSG00000038299
ENSG00000092847,ENSMUSG00000030846
ENSG00000139323,ENSMUSG00000070334
ENSG00000105926,ENSMUSG00000027763
ENSG00000087237,ENSMUSG00000047767
ENSG00000197296,ENSMUSG00000036368
ENSG00000163975,ENSMUSG00000094065
ENSG00000180071,ENSMUSG00000030313
ENSG00000182557,ENSMUSG00000024193
ENSG00000100490,ENSMUSG00000040459
ENSG00000163577,ENSMUSG00000004535
ENSG00000079387,ENSMUSG00000026917
ENSG00000188672,ENSMUSG00000056901
ENSG00000186092,ENSMUSG00000026483
ENSG00000136280,ENSMUSG00000039081
ENSG00000243943,ENSMUSG00000030282
ENSG00000178607,ENSMUSG00000036620
ENSG00000117475,ENSMUSG00000060803
ENSG00000197745,ENSMUSG00000031362
ENSG00000161999,ENSMUSG00000044055
ENSG00000159228,ENSMUSG00000054087
ENSG00000113722,ENSMUSG00000030718
ENSG00000137872,ENSMUSG00000047508
ENSG00000103342,ENSMUSG00000018999
ENSG00000181938,ENSMUSG00000075318
ENSG00000180098,ENSMUSG00000037335
ENSG00000204439,ENSMUSG00000016386
ENSG00000092096,ENSMUSG00000006288
ENSG00000164244,ENSMUSG00000027876
ENSG00000122643,ENSMUSG00000029377
ENSG00000221858,ENSMUSG00000027339
ENSG00000170584,ENSMUSG00000025094
ENSG00000204410,ENSMUSG00000006335
ENSG00000249715,ENSMUSG00000041215
ENSG00000173226,ENSMUSG00000020444
ENSG00000213920,ENSMUSG00000031628
ENSG00000183347,ENSMUSG00000047648
ENSG00000151465,ENSMUSG00000032580
ENSG00000204839,ENSMUSG00000022215
ENSG00000243284,ENSMUSG00000034528
ENSG00000181109,ENSMUSG00000027555
ENSG00000146378,ENSMUSG00000042476
ENSG00000141424,ENSMUSG00000022516
ENSG00000104974,ENSMUSG00000009210
ENSG00000059145,ENSMUSG00000024388
ENSG00000171396,ENSMUSG00000029086
ENSG00000151332,ENSMUSG00000078899
ENSG00000115486,ENSMUSG00000090981
ENSG00000171209,ENSMUSG00000043415
ENSG00000171790,ENSMUSG00000067071
ENSG00000102524,ENSMUSG00000026937
ENSG00000158715,ENSMUSG00000031383
ENSG00000144559,ENSMUSG00000026574
ENSG00000164849,ENSMUSG00000049894
ENSG00000204438,ENSMUSG00000055371
ENSG00000146469,ENSMUSG00000028172
ENSG00000196911,ENSMUSG00000101315
ENSG00000121058,ENSMUSG00000045128
ENSG00000162624,ENSMUSG00000049152
ENSG00000149639,ENSMUSG00000058966
ENSG00000149761,ENSMUSG00000038126
ENSG00000178951,ENSMUSG00000004415
ENSG00000232948,ENSMUSG00000052303
ENSG00000239305,ENSMUSG00000053469
ENSG00000188428,ENSMUSG00000028451
ENSG00000198612,ENSMUSG00000041319
ENSG00000169221,ENSMUSG00000095368
ENSG00000160505,ENSMUSG00000043541
ENSG00000106799,ENSMUSG00000026468
ENSG00000145428,ENSMUSG00000030361
ENSG00000185155,ENSMUSG00000068290
ENSG00000187699,ENSMUSG00000044258
ENSG00000274523,ENSMUSG00000102018
ENSG00000285437,ENSMUSG00000033377
ENSG00000126218,ENSMUSG00000024132
ENSG00000125841,ENSMUSG00000042514
ENSG00000120158,ENSMUSG00000032757
ENSG00000186998,ENSMUSG00000029171
ENSG00000188107,ENSMUSG00000056629
ENSG00000006453,ENSMUSG00000045657
ENSG00000171853,ENSMUSG00000074939
ENSG00000113263,ENSMUSG00000027967
ENSG00000033170,ENSMUSG00000041881
ENSG00000102996,ENSMUSG00000044378
ENSG00000112818,ENSMUSG00000033389
ENSG00000131503,ENSMUSG00000096146
ENSG00000033327,ENSMUSG00000064252
ENSG00000085733,ENSMUSG00000024395
ENSG00000213465,ENSMUSG00000100241
ENSG00000119915,ENSMUSG00000041231
ENSG00000198363,ENSMUSG00000033769
ENSG00000186501,ENSMUSG00000035764
ENSG00000183718,ENSMUSG00000001166
ENSG00000205439,ENSMUSG00000038891
ENSG00000160813,ENSMUSG00000022488
ENSG00000165501,ENSMUSG00000024873
ENSG00000196072,ENSMUSG00000038780
ENSG00000115947,ENSMUSG00000046173
ENSG00000105767,ENSMUSG00000026637
ENSG00000105467,ENSMUSG00000058017
ENSG00000171227,ENSMUSG00000022991
ENSG00000204574,ENSMUSG00000027298
ENSG00000104472,ENSMUSG00000017057
ENSG00000231738,ENSMUSG00000028860
ENSG00000185344,ENSMUSG00000016534
ENSG00000154134,ENSMUSG00000061702
ENSG00000156795,ENSMUSG00000018168
ENSG00000141668,ENSMUSG00000029474
ENSG00000173744,ENSMUSG00000000204
ENSG00000156509,ENSMUSG00000028107
ENSG00000241468,ENSMUSG00000024997
ENSG00000140443,ENSMUSG00000042303
ENSG00000148482,ENSMUSG00000034957
ENSG00000102984,ENSMUSG00000022014
ENSG00000163807,ENSMUSG00000031937
ENSG00000188199,ENSMUSG00000029371
ENSG00000160007,ENSMUSG00000046743
ENSG00000106304,ENSMUSG00000004100
ENSG00000203907,ENSMUSG00000029364
ENSG00000153914,ENSMUSG00000024301
ENSG00000205328,ENSMUSG00000041550
ENSG00000070882,ENSMUSG00000038242
ENSG00000105429,ENSMUSG00000052033
ENSG00000187612,ENSMUSG00000019843
ENSG00000158077,ENSMUSG00000028730
ENSG00000107862,ENSMUSG00000025407
ENSG00000142892,ENSMUSG00000021236
ENSG00000283439,ENSMUSG00000024066
ENSG00000227868,ENSMUSG00000073838
ENSG00000117000,ENSMUSG00000020914
ENSG00000130762,ENSMUSG00000023175
ENSG00000153714,ENSMUSG00000026890
ENSG00000154645,ENSMUSG00000025780
ENSG00000128159,ENSMUSG00000025473
ENSG00000276644,ENSMUSG00000039108
ENSG00000148090,ENSMUSG00000039529
ENSG00000185792,ENSMUSG00000030772
ENSG00000151233,ENSMUSG00000034432
ENSG00000151117,ENSMUSG00000021565
ENSG00000129354,ENSMUSG00000027887
ENSG00000113658,ENSMUSG00000031093
ENSG00000149823,ENSMUSG00000021702
ENSG00000278685,ENSMUSG00000038319
ENSG00000104341,ENSMUSG00000018143
ENSG00000172769,ENSMUSG00000034105
ENSG00000169991,ENSMUSG00000025792
ENSG00000164736,ENSMUSG00000074449
ENSG00000215547,ENSMUSG00000001918
ENSG00000119608,ENSMUSG00000046782
ENSG00000243660,ENSMUSG00000018819
ENSG00000284546,ENSMUSG00000049515
ENSG00000118600,ENSMUSG00000041341
ENSG00000170515,ENSMUSG00000085484
ENSG00000179630,ENSMUSG00000046032
ENSG00000119574,ENSMUSG00000028926
ENSG00000148450,ENSMUSG00000083307
ENSG00000177082,ENSMUSG00000022064
ENSG00000118816,ENSMUSG00000075225
ENSG00000166896,ENSMUSG00000030047
ENSG00000099797,ENSMUSG00000049411
ENSG00000268235,ENSMUSG00000033634
ENSG00000129951,ENSMUSG00000079476
ENSG00000130939,ENSMUSG00000038216
ENSG00000169575,ENSMUSG00000001768
ENSG00000114735,ENSMUSG00000059409
ENSG00000110852,ENSMUSG00000025983
ENSG00000100416,ENSMUSG00000037525
ENSG00000196136,ENSMUSG00000020075
ENSG00000171951,ENSMUSG00000040505
ENSG00000104967,ENSMUSG00000049548
ENSG00000182450,ENSMUSG00000035237
ENSG00000061455,ENSMUSG00000038871
ENSG00000188559,ENSMUSG00000042757
ENSG00000157111,ENSMUSG00000022829
ENSG00000185482,ENSMUSG00000071490
ENSG00000100628,ENSMUSG00000079550
ENSG00000090674,ENSMUSG00000036390
ENSG00000150893,ENSMUSG00000055789
ENSG00000158887,ENSMUSG00000096803
ENSG00000189431,ENSMUSG00000022370
ENSG00000148303,ENSMUSG00000067925
ENSG00000146857,ENSMUSG00000037795
ENSG00000180219,ENSMUSG00000041923
ENSG00000226479,ENSMUSG00000039372
ENSG00000101346,ENSMUSG00000020111
ENSG00000137877,ENSMUSG00000073468
ENSG00000124523,ENSMUSG00000043241
ENSG00000198276,ENSMUSG00000050304
ENSG00000119900,ENSMUSG00000041453
ENSG00000206043,ENSMUSG00000035283
ENSG00000230358,ENSMUSG00000070332
ENSG00000109332,ENSMUSG00000067144
ENSG00000184557,ENSMUSG00000021257
ENSG00000099260,ENSMUSG00000020538
ENSG00000187492,ENSMUSG00000001150
ENSG00000176101,ENSMUSG00000049232
ENSG00000154556,ENSMUSG00000023943
ENSG00000006007,ENSMUSG00000019320
ENSG00000105971,ENSMUSG00000094786
ENSG00000148136,ENSMUSG00000071064
ENSG00000112782,ENSMUSG00000015365
ENSG00000175906,ENSMUSG00000039508
ENSG00000186827,ENSMUSG00000079852
ENSG00000138347,ENSMUSG00000028385
ENSG00000136160,ENSMUSG00000019892
ENSG00000107758,ENSMUSG00000041629
ENSG00000008283,ENSMUSG00000026234
ENSG00000126467,ENSMUSG00000039556
ENSG00000189182,ENSMUSG00000028811
ENSG00000039319,ENSMUSG00000028976
ENSG00000174123,ENSMUSG00000015474
ENSG00000118017,ENSMUSG00000040498
ENSG00000178235,ENSMUSG00000006281
ENSG00000120526,ENSMUSG00000094855
ENSG00000105486,ENSMUSG00000022656
ENSG00000139624,ENSMUSG00000051209
ENSG00000156170,ENSMUSG00000029708
ENSG00000152700,ENSMUSG00000037266
ENSG00000160801,ENSMUSG00000030228
ENSG00000101447,ENSMUSG00000002233
ENSG00000185453,ENSMUSG00000032458
ENSG00000143815,ENSMUSG00000074677
ENSG00000171877,ENSMUSG00000032062
ENSG00000186453,ENSMUSG00000033352
ENSG00000197958,ENSMUSG00000056234
ENSG00000155906,ENSMUSG00000062464
ENSG00000162383,ENSMUSG00000021276
ENSG00000244588,ENSMUSG00000038526
ENSG00000188372,ENSMUSG00000028943
ENSG00000181562,ENSMUSG00000007812
ENSG00000121314,ENSMUSG00000050043
ENSG00000140749,ENSMUSG00000036353
ENSG00000164989,ENSMUSG00000020131
ENSG00000165949,ENSMUSG00000038750
ENSG00000048052,ENSMUSG00000063236
ENSG00000034533,ENSMUSG00000024425
ENSG00000105141,ENSMUSG00000040040
ENSG00000141542,ENSMUSG00000020790
ENSG00000154511,ENSMUSG00000091670
ENSG00000182504,ENSMUSG00000078800
ENSG00000158516,ENSMUSG00000007041
ENSG00000005882,ENSMUSG00000103144
ENSG00000161395,ENSMUSG00000075704
ENSG00000204624,ENSMUSG00000016150
ENSG00000198216,ENSMUSG00000074890
ENSG00000140259,ENSMUSG00000060862
ENSG00000181499,ENSMUSG00000067818
ENSG00000179344,ENSMUSG00000027854
ENSG00000175110,ENSMUSG00000048647
ENSG00000144834,ENSMUSG00000045867
ENSG00000101400,ENSMUSG00000055723
ENSG00000180628,ENSMUSG00000024352
ENSG00000171502,ENSMUSG00000063364
ENSG00000168300,ENSMUSG00000053730
ENSG00000105810,ENSMUSG00000025209
ENSG00000171067,ENSMUSG00000025348
ENSG00000180155,ENSMUSG00000071471
ENSG00000275023,ENSMUSG00000048411
ENSG00000175536,ENSMUSG00000029438
ENSG00000025156,ENSMUSG00000049488
ENSG00000162522,ENSMUSG00000046556
ENSG00000272602,ENSMUSG00000035126
ENSG00000153443,ENSMUSG00000095296
ENSG00000183762,ENSMUSG00000021539
ENSG00000187840,ENSMUSG00000028920
ENSG00000132386,ENSMUSG00000051582
ENSG00000109576,ENSMUSG00000062604
ENSG00000102048,ENSMUSG00000004056
ENSG00000184785,ENSMUSG00000024238
ENSG00000198833,ENSMUSG00000034748
ENSG00000169469,ENSMUSG00000074679
ENSG00000143553,ENSMUSG00000040274
ENSG00000198157,ENSMUSG00000091337
ENSG00000119714,ENSMUSG00000024384
ENSG00000090006,ENSMUSG00000038994
ENSG00000197928,ENSMUSG00000038422
ENSG00000197632,ENSMUSG00000050215
ENSG00000043039,ENSMUSG00000055436
ENSG00000102572,ENSMUSG00000028799
ENSG00000253148,ENSMUSG00000051877
ENSG00000188505,ENSMUSG00000067971
ENSG00000115084,ENSMUSG00000075486
ENSG00000268655,ENSMUSG00000029016
ENSG00000178562,ENSMUSG00000062101
ENSG00000196943,ENSMUSG00000032786
ENSG00000119812,ENSMUSG00000074596
ENSG00000144278,ENSMUSG00000028741
ENSG00000162188,ENSMUSG00000004937
ENSG00000152942,ENSMUSG00000048029
ENSG00000070190,ENSMUSG00000094399
ENSG00000170370,ENSMUSG00000040652
ENSG00000150394,ENSMUSG00000063374
ENSG00000121743,ENSMUSG00000025499
ENSG00000163590,ENSMUSG00000039714
ENSG00000137251,ENSMUSG00000101933
ENSG00000176978,ENSMUSG00000046971
ENSG00000181458,ENSMUSG00000054200
ENSG00000185737,ENSMUSG00000031517
ENSG00000135929,ENSMUSG00000011486
ENSG00000084112,ENSMUSG00000003282
ENSG00000112218,ENSMUSG00000043008
ENSG00000163013,ENSMUSG00000025839
ENSG00000141905,ENSMUSG00000042371
ENSG00000135346,ENSMUSG00000071856
ENSG00000183798,ENSMUSG00000053950
ENSG00000130119,ENSMUSG00000024830
ENSG00000228927,ENSMUSG00000028420
ENSG00000160321,ENSMUSG00000029272
ENSG00000091137,ENSMUSG00000030587
ENSG00000108576,ENSMUSG00000028427
ENSG00000173614,ENSMUSG00000027774
ENSG00000100324,ENSMUSG00000060335
ENSG00000101752,ENSMUSG00000003233
ENSG00000125498,ENSMUSG00000020091
ENSG00000149489,ENSMUSG00000026100
ENSG00000184545,ENSMUSG00000023764
ENSG00000197471,ENSMUSG00000061718
ENSG00000150269,ENSMUSG00000020264
ENSG00000161847,ENSMUSG00000030522
ENSG00000198369,ENSMUSG00000047013
ENSG00000139505,ENSMUSG00000038403
ENSG00000224586,ENSMUSG00000028729
ENSG00000164091,ENSMUSG00000071234
ENSG00000114503,ENSMUSG00000031555
ENSG00000182208,ENSMUSG00000061207
ENSG00000036549,ENSMUSG00000053046
ENSG00000151136,ENSMUSG00000049751
ENSG00000105325,ENSMUSG00000055088
ENSG00000197520,ENSMUSG00000042863
ENSG00000104381,ENSMUSG00000031170
ENSG00000118894,ENSMUSG00000027455
ENSG00000168267,ENSMUSG00000033285
ENSG00000136099,ENSMUSG00000043986
ENSG00000169214,ENSMUSG00000003316
ENSG00000115339,ENSMUSG00000022752
ENSG00000185829,ENSMUSG00000091387
ENSG00000113492,ENSMUSG00000043760
ENSG00000107290,ENSMUSG00000034303
ENSG00000179546,ENSMUSG00000034998
ENSG00000142046,ENSMUSG00000057116
ENSG00000204872,ENSMUSG00000028476
ENSG00000077522,ENSMUSG00000058659
ENSG00000180353,ENSMUSG00000056832
ENSG00000114529,ENSMUSG00000021228
ENSG00000163295,ENSMUSG00000029145
ENSG00000136273,ENSMUSG00000050973
ENSG00000141391,ENSMUSG00000052407
ENSG00000137976,ENSMUSG00000063206
ENSG00000184033,ENSMUSG00000038489
ENSG00000056972,ENSMUSG00000058030
ENSG00000089091,ENSMUSG00000029363
ENSG00000125872,ENSMUSG00000061816
ENSG00000274102,ENSMUSG00000023004
ENSG00000104881,ENSMUSG00000030613
ENSG00000137225,ENSMUSG00000078118
ENSG00000177096,ENSMUSG00000047539
ENSG00000145491,ENSMUSG00000033904
ENSG00000259384,ENSMUSG00000046550
ENSG00000089050,ENSMUSG00000019920
ENSG00000139737,ENSMUSG00000073555
ENSG00000160404,ENSMUSG00000060152
ENSG00000128915,ENSMUSG00000040896
ENSG00000213218,ENSMUSG00000038486
ENSG00000196683,ENSMUSG00000043472
ENSG00000141968,ENSMUSG00000064308
ENSG00000091436,ENSMUSG00000029408
ENSG00000096060,ENSMUSG00000021891
ENSG00000104147,ENSMUSG00000079283
ENSG00000131791,ENSMUSG00000026694
ENSG00000288867,ENSMUSG00000026961
ENSG00000113391,ENSMUSG00000021636
ENSG00000166869,ENSMUSG00000072049
ENSG00000090432,ENSMUSG00000047854
ENSG00000132475,ENSMUSG00000028339
ENSG00000143994,ENSMUSG00000050199
ENSG00000152683,ENSMUSG00000025197
ENSG00000151575,ENSMUSG00000045639
ENSG00000184394,ENSMUSG00000049799
ENSG00000123388,ENSMUSG00000075427
ENSG00000185231,ENSMUSG00000021156
ENSG00000180305,ENSMUSG00000040570
ENSG00000158773,ENSMUSG00000081044
ENSG00000099399,ENSMUSG00000074419
ENSG00000242366,ENSMUSG00000056501
ENSG00000164532,ENSMUSG00000021596
ENSG00000278558,ENSMUSG00000026638
ENSG00000197992,ENSMUSG00000044923
ENSG00000141219,ENSMUSG00000039701
ENSG00000179002,ENSMUSG00000034872
ENSG00000138085,ENSMUSG00000058248
ENSG00000105656,ENSMUSG00000096508
ENSG00000164124,ENSMUSG00000033220
ENSG00000166479,ENSMUSG00000009293
ENSG00000010219,ENSMUSG00000056260
ENSG00000213782,ENSMUSG00000029832
ENSG00000185220,ENSMUSG00000027536
ENSG00000124357,ENSMUSG00000035582
ENSG00000153786,ENSMUSG00000058132
ENSG00000108352,ENSMUSG00000042046
ENSG00000174953,ENSMUSG00000037872
ENSG00000189064,ENSMUSG00000024087
ENSG00000143882,ENSMUSG00000071072
ENSG00000025796,ENSMUSG00000078515
ENSG00000162494,ENSMUSG00000035413
ENSG00000088827,ENSMUSG00000001225
ENSG00000187688,ENSMUSG00000022306
ENSG00000284018,ENSMUSG00000035454
ENSG00000111639,ENSMUSG00000069303
ENSG00000149150,ENSMUSG00000090747
ENSG00000183155,ENSMUSG00000052131
ENSG00000072736,ENSMUSG00000046675
ENSG00000136527,ENSMUSG00000020080
ENSG00000076650,ENSMUSG00000068264
ENSG00000226761,ENSMUSG00000019900
ENSG00000164651,ENSMUSG00000069743
ENSG00000120662,ENSMUSG00000023262
ENSG00000158050,ENSMUSG00000092413
ENSG00000261150,ENSMUSG00000025977
ENSG00000198677,ENSMUSG00000025785
ENSG00000090266,ENSMUSG00000030811
ENSG00000160318,ENSMUSG00000066643
ENSG00000120963,ENSMUSG00000052397
ENSG00000147117,ENSMUSG00000036646
ENSG00000115902,ENSMUSG00000066122
ENSG00000198130,ENSMUSG00000004360
ENSG00000007944,ENSMUSG00000067653
ENSG00000146535,ENSMUSG00000034902
ENSG00000188536,ENSMUSG00000066129
ENSG00000162341,ENSMUSG00000066677
ENSG00000155561,ENSMUSG00000033849
ENSG00000152049,ENSMUSG00000070619
ENSG00000117318,ENSMUSG00000021441
ENSG00000122778,ENSMUSG00000013701
ENSG00000265681,ENSMUSG00000026895
ENSG00000134042,ENSMUSG00000031262
ENSG00000104047,ENSMUSG00000021944
ENSG00000256574,ENSMUSG00000060882
ENSG00000058056,ENSMUSG00000078212
ENSG00000169193,ENSMUSG00000052554
ENSG00000123307,ENSMUSG00000020282
ENSG00000189171,ENSMUSG00000050553
ENSG00000189410,ENSMUSG00000045232
ENSG00000179134,ENSMUSG00000109544
ENSG00000225697,ENSMUSG00000026073
ENSG00000213762,ENSMUSG00000058275
ENSG00000164403,ENSMUSG00000068182
ENSG00000198356,ENSMUSG00000073116
ENSG00000132205,ENSMUSG00000024366
ENSG00000248485,ENSMUSG00000067700
ENSG00000129353,ENSMUSG00000034543
ENSG00000141428,ENSMUSG00000021810
ENSG00000197110,ENSMUSG00000039115
ENSG00000178700,ENSMUSG00000026923
ENSG00000083642,ENSMUSG00000039461
ENSG00000166575,ENSMUSG00000029019
ENSG00000135824,ENSMUSG00000068819
ENSG00000154227,ENSMUSG00000028295
ENSG00000005156,ENSMUSG00000079481
ENSG00000101082,ENSMUSG00000067526
ENSG00000163254,ENSMUSG00000075113
ENSG00000159685,ENSMUSG00000039741
ENSG00000181090,ENSMUSG00000024578
ENSG00000141026,ENSMUSG00000019102
ENSG00000101665,ENSMUSG00000060477
ENSG00000127780,ENSMUSG00000071647
ENSG00000261594,ENSMUSG00000035285
ENSG00000075891,ENSMUSG00000079410
ENSG00000187742,ENSMUSG00000031586
ENSG00000140287,ENSMUSG00000021876
ENSG00000137960,ENSMUSG00000057564
ENSG00000203722,ENSMUSG00000093916
ENSG00000030110,ENSMUSG00000073598
ENSG00000138796,ENSMUSG00000040966
ENSG00000171561,ENSMUSG00000041406
ENSG00000143740,ENSMUSG00000102439
ENSG00000144229,ENSMUSG00000019066
ENSG00000179119,ENSMUSG00000021086
ENSG00000166819,ENSMUSG00000027249
ENSG00000166860,ENSMUSG00000029553
ENSG00000109189,ENSMUSG00000031820
ENSG00000230989,ENSMUSG00000027233
ENSG00000154277,ENSMUSG00000048652
ENSG00000137124,ENSMUSG00000030037
ENSG00000260230,ENSMUSG00000056162
ENSG00000164690,ENSMUSG00000020359
ENSG00000180638,ENSMUSG00000039997
ENSG00000188659,ENSMUSG00000060534
ENSG00000204314,ENSMUSG00000000339
ENSG00000064547,ENSMUSG00000060756
ENSG00000132677,ENSMUSG00000019579
ENSG00000254440,ENSMUSG00000000916
ENSG00000206104,ENSMUSG00000018595
ENSG00000198625,ENSMUSG00000053898
ENSG00000088836,ENSMUSG00000040456
ENSG00000021461,ENSMUSG00000030546
ENSG00000162704,ENSMUSG00000037243
ENSG00000100852,ENSMUSG00000051506
ENSG00000177485,ENSMUSG00000041343
ENSG00000157895,ENSMUSG00000091792
ENSG00000179761,ENSMUSG00000010376
ENSG00000235631,ENSMUSG00000034157
ENSG00000198633,ENSMUSG00000026824
ENSG00000174156,ENSMUSG00000039763
ENSG00000159899,ENSMUSG00000070565
ENSG00000124356,ENSMUSG00000039194
ENSG00000197919,ENSMUSG00000023018
ENSG00000106038,ENSMUSG00000025931
ENSG00000151552,ENSMUSG00000050217
ENSG00000125257,ENSMUSG00000063656
ENSG00000204007,ENSMUSG00000003429
ENSG00000142534,ENSMUSG00000034493
ENSG00000127337,ENSMUSG00000055485
ENSG00000108669,ENSMUSG00000000295
ENSG00000102359,ENSMUSG00000025004
ENSG00000177565,ENSMUSG00000022462
ENSG00000270885,ENSMUSG00000054342
ENSG00000124780,ENSMUSG00000028847
ENSG00000111536,ENSMUSG00000028098
ENSG00000170425,ENSMUSG00000036160
ENSG00000023287,ENSMUSG00000037062
ENSG00000115607,ENSMUSG00000096534
ENSG00000265107,ENSMUSG00000091923
ENSG00000257115,ENSMUSG00000047466
ENSG00000129315,ENSMUSG00000034932
ENSG00000162896,ENSMUSG00000030402
ENSG00000168556,ENSMUSG00000094460
ENSG00000068615,ENSMUSG00000008668
ENSG00000215704,ENSMUSG00000094258
ENSG00000172058,ENSMUSG00000040969
ENSG00000169877,ENSMUSG00000017733
ENSG00000138592,ENSMUSG00000028106
ENSG00000141456,ENSMUSG00000079457
ENSG00000120616,ENSMUSG00000033629
ENSG00000006042,ENSMUSG00000027574
ENSG00000162390,ENSMUSG00000031958
ENSG00000035499,ENSMUSG00000041078
ENSG00000170379,ENSMUSG00000038545
ENSG00000173875,ENSMUSG00000037997
ENSG00000133433,ENSMUSG00000096619
ENSG00000107447,ENSMUSG00000078624
ENSG00000065308,ENSMUSG00000026650
ENSG00000196975,ENSMUSG00000027676
ENSG00000165973,ENSMUSG00000020216
ENSG00000106245,ENSMUSG00000053289
ENSG00000004142,ENSMUSG00000023083
ENSG00000067177,ENSMUSG00000094558
ENSG00000084092,ENSMUSG00000023886
ENSG00000036448,ENSMUSG00000009575
ENSG00000171130,ENSMUSG00000020523
ENSG00000151304,ENSMUSG00000058692
ENSG00000151615,ENSMUSG00000022551
ENSG00000132702,ENSMUSG00000052435
ENSG00000105270,ENSMUSG00000002308
ENSG00000116754,ENSMUSG00000023852
ENSG00000173145,ENSMUSG00000034394
ENSG00000169760,ENSMUSG00000094925
ENSG00000140090,ENSMUSG00000049791
ENSG00000077721,ENSMUSG00000020672
ENSG00000114757,ENSMUSG00000003923
ENSG00000241360,ENSMUSG00000021943
ENSG00000113300,ENSMUSG00000040447
ENSG00000189326,ENSMUSG00000055945
ENSG00000119431,ENSMUSG00000038712
ENSG00000147127,ENSMUSG00000025140
ENSG00000204779,ENSMUSG00000024128
ENSG00000189157,ENSMUSG00000047090
ENSG00000163171,ENSMUSG00000037706
ENSG00000266173,ENSMUSG00000080876
ENSG00000156976,ENSMUSG00000056069
ENSG00000144031,ENSMUSG00000022843
ENSG00000114738,ENSMUSG00000025364
ENSG00000168883,ENSMUSG00000089675
ENSG00000143921,ENSMUSG00000026473
ENSG00000198018,ENSMUSG00000015335
ENSG00000166033,ENSMUSG00000055629
ENSG00000160200,ENSMUSG00000052818
ENSG00000212122,ENSMUSG00000062826
ENSG00000100811,ENSMUSG00000025905
ENSG00000205670,ENSMUSG00000035575
ENSG00000146416,ENSMUSG00000025037
ENSG00000181666,ENSMUSG00000055150
ENSG00000228083,ENSMUSG00000021256
ENSG00000114107,ENSMUSG00000074093
ENSG00000169607,ENSMUSG00000006941
ENSG00000140945,ENSMUSG00000046442
ENSG00000167005,ENSMUSG00000039217
ENSG00000081479,ENSMUSG00000008333
ENSG00000213079,ENSMUSG00000020919
ENSG00000113262,ENSMUSG00000028736
ENSG00000164402,ENSMUSG00000001504
ENSG00000151693,ENSMUSG00000031232
ENSG00000147912,ENSMUSG00000026519
ENSG00000151962,ENSMUSG00000018395
ENSG00000186660,ENSMUSG00000025147
ENSG00000142207,ENSMUSG00000056204
ENSG00000143748,ENSMUSG00000089876
ENSG00000160307,ENSMUSG00000007097
ENSG00000115556,ENSMUSG00000028809
ENSG00000141582,ENSMUSG00000060565
ENSG00000167604,ENSMUSG00000001774
ENSG00000255561,ENSMUSG00000086040
ENSG00000176887,ENSMUSG00000021831
ENSG00000100300,ENSMUSG00000100916
ENSG00000111266,ENSMUSG00000063867
ENSG00000165671,ENSMUSG00000078816
ENSG00000128713,ENSMUSG00000037716
ENSG00000105887,ENSMUSG00000024727
ENSG00000129152,ENSMUSG00000028423
ENSG00000198874,ENSMUSG00000037348
ENSG00000141198,ENSMUSG00000027584
ENSG00000179632,ENSMUSG00000035759
ENSG00000163632,ENSMUSG00000054855
ENSG00000166262,ENSMUSG00000031843
ENSG00000196517,ENSMUSG00000000934
ENSG00000166793,ENSMUSG00000047193
ENSG00000170953,ENSMUSG00000032253
ENSG00000129933,ENSMUSG00000044364
ENSG00000229665,ENSMUSG00000026594
ENSG00000076864,ENSMUSG00000036938
ENSG00000124900,ENSMUSG00000020463
ENSG00000120708,ENSMUSG00000074849
ENSG00000005175,ENSMUSG00000003119
ENSG00000134243,ENSMUSG00000021135
ENSG00000072210,ENSMUSG00000096621
ENSG00000284130,ENSMUSG00000028221
ENSG00000010379,ENSMUSG00000027484
ENSG00000131435,ENSMUSG00000036820
ENSG00000139318,ENSMUSG00000026319
ENSG00000181698,ENSMUSG00000020224
ENSG00000128383,ENSMUSG00000095212
ENSG00000161040,ENSMUSG00000090035
ENSG00000172081,ENSMUSG00000051885
ENSG00000187944,ENSMUSG00000007888
ENSG00000065361,ENSMUSG00000040749
ENSG00000026950,ENSMUSG00000028996
ENSG00000198081,ENSMUSG00000030346
ENSG00000109072,ENSMUSG00000093962
ENSG00000183723,ENSMUSG00000024241
ENSG00000168036,ENSMUSG00000044556
ENSG00000196456,ENSMUSG00000000489
ENSG00000113209,ENSMUSG00000036304
ENSG00000136634,ENSMUSG00000028341
ENSG00000198015,ENSMUSG00000002221
ENSG00000124216,ENSMUSG00000072915
ENSG00000135052,ENSMUSG00000046082
ENSG00000197124,ENSMUSG00000026500
ENSG00000101751,ENSMUSG00000038521
ENSG00000116885,ENSMUSG00000035093
ENSG00000136839,ENSMUSG00000079299
ENSG00000128245,ENSMUSG00000025878
ENSG00000184544,ENSMUSG00000020697
ENSG00000173557,ENSMUSG00000078429
ENSG00000232434,ENSMUSG00000102416
ENSG00000143387,ENSMUSG00000039246
ENSG00000132153,ENSMUSG00000067764
ENSG00000183137,ENSMUSG00000061032
ENSG00000187416,ENSMUSG00000038143
ENSG00000128908,ENSMUSG00000022684
ENSG00000107614,ENSMUSG00000071322
ENSG00000136449,ENSMUSG00000099486
ENSG00000169302,ENSMUSG00000058250
ENSG00000187626,ENSMUSG00000031138
ENSG00000146859,ENSMUSG00000072945
ENSG00000115138,ENSMUSG00000022149
ENSG00000198146,ENSMUSG00000032641
ENSG00000101843,ENSMUSG00000091625
ENSG00000136783,ENSMUSG00000014609
ENSG00000145685,ENSMUSG00000033685
ENSG00000122711,ENSMUSG00000026976
ENSG00000090273,ENSMUSG00000057726
ENSG00000118298,ENSMUSG00000055480
ENSG00000142634,ENSMUSG00000029681
ENSG00000159917,ENSMUSG00000022704
ENSG00000107864,ENSMUSG00000078497
ENSG00000177842,ENSMUSG00000046805
ENSG00000155087,ENSMUSG00000020180
ENSG00000196109,ENSMUSG00000049843
ENSG00000171115,ENSMUSG00000032766
ENSG00000105855,ENSMUSG00000053391
ENSG00000165637,ENSMUSG00000078815
ENSG00000154975,ENSMUSG00000023467
ENSG00000276119,ENSMUSG00000032864
ENSG00000110756,ENSMUSG00000000197
ENSG00000085514,ENSMUSG00000051920
ENSG00000212747,ENSMUSG00000018900
ENSG00000179104,ENSMUSG00000039231
ENSG00000114573,ENSMUSG00000069763
ENSG00000178403,ENSMUSG00000069265
ENSG00000121236,ENSMUSG00000043991
ENSG00000198798,ENSMUSG00000035505
ENSG00000124575,ENSMUSG00000074576
ENSG00000121067,ENSMUSG00000062878
ENSG00000151617,ENSMUSG00000039224
ENSG00000162460,ENSMUSG00000060032
ENSG00000154438,ENSMUSG00000109398
ENSG00000116580,ENSMUSG00000016308
ENSG00000185880,ENSMUSG00000101174
ENSG00000204710,ENSMUSG00000044811
ENSG00000185940,ENSMUSG00000074796
ENSG00000116106,ENSMUSG00000046822
ENSG00000110002,ENSMUSG00000055760
ENSG00000164938,ENSMUSG00000036437
ENSG00000196565,ENSMUSG00000041431
ENSG00000144233,ENSMUSG00000029469
ENSG00000217930,ENSMUSG00000026415
ENSG00000172938,ENSMUSG00000022304
ENSG00000078699,ENSMUSG00000036086
ENSG00000170801,ENSMUSG00000030507
ENSG00000105397,ENSMUSG00000029177
ENSG00000197299,ENSMUSG00000078905
ENSG00000137871,ENSMUSG00000031015
ENSG00000135766,ENSMUSG00000038604
ENSG00000165591,ENSMUSG00000041534
ENSG00000121210,ENSMUSG00000048497
ENSG00000171489,ENSMUSG00000079031
ENSG00000181001,ENSMUSG00000080072
ENSG00000279012,ENSMUSG00000034612
ENSG00000160055,ENSMUSG00000038651
ENSG00000167193,ENSMUSG00000030519
ENSG00000115523,ENSMUSG00000036401
ENSG00000181031,ENSMUSG00000048794
ENSG00000094661,ENSMUSG00000011154
ENSG00000110171,ENSMUSG00000078972
ENSG00000187054,ENSMUSG00000045598
ENSG00000174225,ENSMUSG00000051343
ENSG00000101040,ENSMUSG00000037058
ENSG00000152661,ENSMUSG00000026000
ENSG00000166862,ENSMUSG00000028613
ENSG00000141504,ENSMUSG00000043354
ENSG00000147509,ENSMUSG00000020439
ENSG00000104880,ENSMUSG00000040373
ENSG00000178921,ENSMUSG00000033088
ENSG00000186889,ENSMUSG00000034110
ENSG00000185825,ENSMUSG00000053279
ENSG00000166523,ENSMUSG00000068794
ENSG00000151729,ENSMUSG00000046932
ENSG00000139133,ENSMUSG00000066705
ENSG00000069869,ENSMUSG00000052833
ENSG00000185624,ENSMUSG00000040613
ENSG00000205002,ENSMUSG00000042474
ENSG00000197429,ENSMUSG00000056458
ENSG00000138778,ENSMUSG00000028434
ENSG00000152076,ENSMUSG00000060985
ENSG00000176922,ENSMUSG00000020930
ENSG00000197102,ENSMUSG00000034607
ENSG00000188581,ENSMUSG00000094796
ENSG00000177535,ENSMUSG00000032565
ENSG00000144649,ENSMUSG00000094464
ENSG00000011132,ENSMUSG00000032769
ENSG00000127511,ENSMUSG00000084336
ENSG00000119471,ENSMUSG00000022186
ENSG00000152380,ENSMUSG00000022847
ENSG00000196132,ENSMUSG00000079434
ENSG00000213366,ENSMUSG00000044921
ENSG00000066651,ENSMUSG00000042328
ENSG00000163914,ENSMUSG00000072663
ENSG00000167487,ENSMUSG00000016494
ENSG00000204542,ENSMUSG00000063583
ENSG00000236609,ENSMUSG00000002324
ENSG00000119231,ENSMUSG00000025188
ENSG00000138593,ENSMUSG00000070639
ENSG00000182985,ENSMUSG00000016946
ENSG00000126010,ENSMUSG00000042631
ENSG00000164081,ENSMUSG00000059361
ENSG00000163611,ENSMUSG00000036940
ENSG00000134317,ENSMUSG00000018909
ENSG00000130734,ENSMUSG00000038415
ENSG00000165556,ENSMUSG00000018427
ENSG00000172995,ENSMUSG00000037307
ENSG00000164169,ENSMUSG00000052296
ENSG00000100346,ENSMUSG00000030621
ENSG00000106415,ENSMUSG00000059246
ENSG00000138071,ENSMUSG00000074651
ENSG00000146197,ENSMUSG00000032081
ENSG00000145087,ENSMUSG00000071147
ENSG00000001084,ENSMUSG00000051728
ENSG00000183018,ENSMUSG00000064333
ENSG00000143612,ENSMUSG00000049336
ENSG00000133243,ENSMUSG00000036632
ENSG00000179468,ENSMUSG00000034127
ENSG00000171496,ENSMUSG00000072923
ENSG00000174332,ENSMUSG00000090457
ENSG00000142511,ENSMUSG00000026127
ENSG00000188026,ENSMUSG00000049305
ENSG00000143942,ENSMUSG00000069270
ENSG00000114315,ENSMUSG00000047419
ENSG00000167775,ENSMUSG00000046041
ENSG00000116212,ENSMUSG00000028161
ENSG00000117308,ENSMUSG00000026774
ENSG00000102678,ENSMUSG00000092035
ENSG00000140575,ENSMUSG00000029372
ENSG00000100294,ENSMUSG00000027559
ENSG00000132300,ENSMUSG00000025215
ENSG00000133878,ENSMUSG00000062732
ENSG00000125285,ENSMUSG00000034317
ENSG00000155918,ENSMUSG00000061527
ENSG00000186026,ENSMUSG00000075159
ENSG00000168148,ENSMUSG00000054770
ENSG00000184887,ENSMUSG00000023826
ENSG00000113758,ENSMUSG00000024566
ENSG00000154582,ENSMUSG00000107877
ENSG00000186583,ENSMUSG00000048807
ENSG00000274808,ENSMUSG00000005947
ENSG00000172167,ENSMUSG00000029027
ENSG00000163746,ENSMUSG00000028989
ENSG00000108622,ENSMUSG00000053977
ENSG00000185442,ENSMUSG00000024639
ENSG00000126070,ENSMUSG00000057506
ENSG00000106483,ENSMUSG00000050121
ENSG00000146757,ENSMUSG00000055128
ENSG00000134780,ENSMUSG00000021750
ENSG00000233198,ENSMUSG00000096023
ENSG00000213937,ENSMUSG00000057895
ENSG00000285620,ENSMUSG00000020785
ENSG00000116670,ENSMUSG00000019158
ENSG00000146399,ENSMUSG00000046826
ENSG00000130731,ENSMUSG00000038121
ENSG00000099821,ENSMUSG00000024650
ENSG00000177363,ENSMUSG00000041161
ENSG00000155324,ENSMUSG00000029559
ENSG00000022277,ENSMUSG00000039830
ENSG00000168995,ENSMUSG00000089917
ENSG00000148484,ENSMUSG00000022315
ENSG00000100554,ENSMUSG00000079339
ENSG00000198794,ENSMUSG00000062649
ENSG00000204961,ENSMUSG00000106627
ENSG00000159674,ENSMUSG00000021391
ENSG00000197140,ENSMUSG00000049098
ENSG00000186051,ENSMUSG00000024908
ENSG00000143079,ENSMUSG00000036339
ENSG00000221986,ENSMUSG00000075394
ENSG00000165060,ENSMUSG00000053856
ENSG00000157017,ENSMUSG00000047102
ENSG00000125864,ENSMUSG00000026925
ENSG00000070778,ENSMUSG00000038721
ENSG00000171135,ENSMUSG00000037953
ENSG00000125447,ENSMUSG00000037772
ENSG00000152952,ENSMUSG00000078302
ENSG00000187446,ENSMUSG00000053175
ENSG00000172530,ENSMUSG00000032850
ENSG00000154269,ENSMUSG00000051238
ENSG00000148426,ENSMUSG00000030342
ENSG00000184857,ENSMUSG00000038344
ENSG00000158467,ENSMUSG00000043088
ENSG00000115756,ENSMUSG00000067771
ENSG00000171811,ENSMUSG00000078687
ENSG00000118496,ENSMUSG00000037568
ENSG00000115211,ENSMUSG00000005054
ENSG00000111530,ENSMUSG00000094739
ENSG00000100321,ENSMUSG00000031591
ENSG00000103187,ENSMUSG00000002500
ENSG00000148120,ENSMUSG00000032329
ENSG00000187790,ENSMUSG00000025142
ENSG00000182400,ENSMUSG00000021538
ENSG00000041880,ENSMUSG00000057816
ENSG00000249992,ENSMUSG00000023967
ENSG00000261247,ENSMUSG00000031748
ENSG00000130957,ENSMUSG00000053025
ENSG00000008441,ENSMUSG00000095156
ENSG00000182583,ENSMUSG00000027907
ENSG00000124602,ENSMUSG00000100726
ENSG00000177427,ENSMUSG00000045013
ENSG00000186710,ENSMUSG00000053769
ENSG00000040731,ENSMUSG00000057270
ENSG00000130962,ENSMUSG00000042380
ENSG00000168913,ENSMUSG00000029614
ENSG00000015568,ENSMUSG00000045508
ENSG00000105879,ENSMUSG00000044338
ENSG00000083799,ENSMUSG00000029299
ENSG00000023171,ENSMUSG00000020270
ENSG00000137815,ENSMUSG00000094441
ENSG00000139610,ENSMUSG00000057454
ENSG00000166780,ENSMUSG00000029310
ENSG00000159217,ENSMUSG00000022783
ENSG00000126259,ENSMUSG00000038954
ENSG00000213741,ENSMUSG00000089824
ENSG00000198231,ENSMUSG00000061079
ENSG00000170367,ENSMUSG00000039182
ENSG00000205076,ENSMUSG00000073987
ENSG00000164692,ENSMUSG00000019929
ENSG00000160563,ENSMUSG00000022422
ENSG00000143297,ENSMUSG00000091736
ENSG00000198643,ENSMUSG00000056900
ENSG00000120903,ENSMUSG00000071517
ENSG00000171054,ENSMUSG00000005823
ENSG00000133063,ENSMUSG00000046079
ENSG00000188626,ENSMUSG00000001751
ENSG00000109906,ENSMUSG00000035845
ENSG00000174970,ENSMUSG00000021062
ENSG00000271567,ENSMUSG00000014349
ENSG00000211455,ENSMUSG00000032265
ENSG00000119782,ENSMUSG00000078799
ENSG00000172888,ENSMUSG00000026568
ENSG00000116954,ENSMUSG00000079244
ENSG00000107951,ENSMUSG00000068323
ENSG00000119669,ENSMUSG00000046152
ENSG00000179626,ENSMUSG00000073725
ENSG00000170915,ENSMUSG00000048655
ENSG00000170890,ENSMUSG00000028716
ENSG00000081800,ENSMUSG00000049692
ENSG00000112062,ENSMUSG00000043323
ENSG00000187806,ENSMUSG00000101471
ENSG00000154655,ENSMUSG00000047822
ENSG00000256061,ENSMUSG00000048216
ENSG00000160867,ENSMUSG00000021356
ENSG00000136114,ENSMUSG00000061882
ENSG00000170298,ENSMUSG00000022696
ENSG00000130304,ENSMUSG00000022973
ENSG00000240694,ENSMUSG00000029235
ENSG00000186635,ENSMUSG00000036816
ENSG00000145040,ENSMUSG00000026085
ENSG00000198678,ENSMUSG00000000183
ENSG00000130766,ENSMUSG00000039176
ENSG00000006756,ENSMUSG00000028779
ENSG00000033627,ENSMUSG00000034248
ENSG00000128250,ENSMUSG00000002957
ENSG00000119906,ENSMUSG00000030082
ENSG00000175283,ENSMUSG00000070877
ENSG00000179178,ENSMUSG00000009566
ENSG00000109424,ENSMUSG00000059218
ENSG00000127540,ENSMUSG00000062169
ENSG00000139797,ENSMUSG00000033020
ENSG00000003137,ENSMUSG00000015749
ENSG00000158901,ENSMUSG00000050105
ENSG00000161277,ENSMUSG00000061666
ENSG00000177733,ENSMUSG00000095910
ENSG00000158023,ENSMUSG00000033027
ENSG00000101003,ENSMUSG00000024029
ENSG00000185974,ENSMUSG00000020776
ENSG00000173262,ENSMUSG00000068699
ENSG00000129932,ENSMUSG00000095508
ENSG00000184156,ENSMUSG00000046434
ENSG00000182240,ENSMUSG00000040213
ENSG00000182896,ENSMUSG00000063605
ENSG00000147100,ENSMUSG00000095817
ENSG00000150712,ENSMUSG00000031075
ENSG00000256087,ENSMUSG00000031889
ENSG00000130182,ENSMUSG00000091435
ENSG00000161652,ENSMUSG00000040139
ENSG00000164603,ENSMUSG00000035860
ENSG00000239961,ENSMUSG00000079103
ENSG00000109919,ENSMUSG00000033963
ENSG00000123178,ENSMUSG00000070407
ENSG00000141665,ENSMUSG00000033900
ENSG00000244694,ENSMUSG00000091205
ENSG00000004948,ENSMUSG00000028636
ENSG00000185201,ENSMUSG00000038671
ENSG00000117791,ENSMUSG00000020952
ENSG00000176182,ENSMUSG00000039555
ENSG00000154124,ENSMUSG00000082882
ENSG00000182993,ENSMUSG00000078875
ENSG00000101367,ENSMUSG00000048498
ENSG00000206530,ENSMUSG00000005683
ENSG00000266524,ENSMUSG00000041255
ENSG00000122180,ENSMUSG00000041378
ENSG00000197256,ENSMUSG00000092473
ENSG00000122515,ENSMUSG00000031478
ENSG00000196361,ENSMUSG00000001911
ENSG00000158859,ENSMUSG00000020317
ENSG00000142661,ENSMUSG00000026786
ENSG00000196455,ENSMUSG00000080268
ENSG00000009765,ENSMUSG00000106864
ENSG00000167612,ENSMUSG00000070645
ENSG00000081014,ENSMUSG00000034088
ENSG00000221837,ENSMUSG00000034258
ENSG00000198912,ENSMUSG00000046139
ENSG00000173933,ENSMUSG00000067149
ENSG00000143033,ENSMUSG00000048865
ENSG00000170852,ENSMUSG00000030306
ENSG00000167749,ENSMUSG00000019975
ENSG00000149798,ENSMUSG00000044783
ENSG00000161798,ENSMUSG00000062647
ENSG00000152766,ENSMUSG00000090817
ENSG00000165588,ENSMUSG00000031432
ENSG00000164100,ENSMUSG00000035785
ENSG00000117586,ENSMUSG00000024957
ENSG00000172955,ENSMUSG00000059327
ENSG00000035141,ENSMUSG00000026048
ENSG00000121068,ENSMUSG00000031147
ENSG00000174428,ENSMUSG00000020492
ENSG00000241258,ENSMUSG00000075063
ENSG00000119977,ENSMUSG00000043719
ENSG00000124116,ENSMUSG00000006651
ENSG00000136697,ENSMUSG00000031214
ENSG00000170743,ENSMUSG00000009900
ENSG00000135999,ENSMUSG00000021903
ENSG00000099840,ENSMUSG00000019794
ENSG00000198822,ENSMUSG00000033983
ENSG00000066813,ENSMUSG00000068566
ENSG00000164299,ENSMUSG00000022678
ENSG00000170909,ENSMUSG00000045165
ENSG00000001631,ENSMUSG00000039031
ENSG00000239388,ENSMUSG00000018574
ENSG00000149927,ENSMUSG00000069855
ENSG00000135821,ENSMUSG00000075592
ENSG00000003147,ENSMUSG00000039838
ENSG00000166228,ENSMUSG00000046185
ENSG00000175018,ENSMUSG00000034472
ENSG00000196470,ENSMUSG00000035671
ENSG00000167733,ENSMUSG00000019874
ENSG00000115252,ENSMUSG00000047342
ENSG00000082781,ENSMUSG00000030769
ENSG00000153976,ENSMUSG00000026273
ENSG00000126522,ENSMUSG00000095199
ENSG00000257108,ENSMUSG00000043880
ENSG00000006715,ENSMUSG00000057110
ENSG00000167700,ENSMUSG00000033053
ENSG00000140464,ENSMUSG00000103332
ENSG00000147059,ENSMUSG00000075066
ENSG00000102575,ENSMUSG00000028479
ENSG00000028839,ENSMUSG00000030671
ENSG00000132155,ENSMUSG00000003617
ENSG00000105374,ENSMUSG00000067879
ENSG00000152082,ENSMUSG00000040121
ENSG00000236320,ENSMUSG00000044345
ENSG00000166508,ENSMUSG00000033972
ENSG00000126062,ENSMUSG00000027284
ENSG00000182308,ENSMUSG00000095950
ENSG00000073734,ENSMUSG00000024667
ENSG00000175505,ENSMUSG00000042845
ENSG00000135750,ENSMUSG00000025265
ENSG00000142611,ENSMUSG00000024570
ENSG00000142235,ENSMUSG00000094755
ENSG00000114850,ENSMUSG00000021872
ENSG00000105669,ENSMUSG00000028972
ENSG00000135074,ENSMUSG00000024170
ENSG00000188112,ENSMUSG00000059003
ENSG00000253368,ENSMUSG00000019984
ENSG00000242114,ENSMUSG00000084128
ENSG00000188674,ENSMUSG00000061923
ENSG00000112531,ENSMUSG00000107789
ENSG00000169906,ENSMUSG00000021054
ENSG00000185313,ENSMUSG00000041809
ENSG00000107362,ENSMUSG00000018362
ENSG00000254221,ENSMUSG00000015176
ENSG00000196268,ENSMUSG00000076436
ENSG00000178522,ENSMUSG00000002897
ENSG00000130635,ENSMUSG00000049217
ENSG00000134247,ENSMUSG00000030996
ENSG00000164597,ENSMUSG00000028967
ENSG00000170421,ENSMUSG00000021273
ENSG00000113946,ENSMUSG00000019936
ENSG00000196878,ENSMUSG00000041415
ENSG00000144028,ENSMUSG00000078315
ENSG00000140274,ENSMUSG00000048982
ENSG00000103245,ENSMUSG00000021620
ENSG00000125835,ENSMUSG00000030965
ENSG00000029639,ENSMUSG00000053040
ENSG00000125457,ENSMUSG00000062012
ENSG00000284308,ENSMUSG00000026572
ENSG00000157343,ENSMUSG00000067276
ENSG00000166949,ENSMUSG00000062960
ENSG00000085382,ENSMUSG00000032068
ENSG00000151388,ENSMUSG00000022722
ENSG00000168303,ENSMUSG00000022015
ENSG00000203733,ENSMUSG00000034187
ENSG00000142449,ENSMUSG00000044881
ENSG00000222046,ENSMUSG00000021243
ENSG00000240445,ENSMUSG00000094714
ENSG00000170464,ENSMUSG00000027201
ENSG00000182077,ENSMUSG00000035275
ENSG00000162618,ENSMUSG00000096323
ENSG00000160305,ENSMUSG00000094638
ENSG00000198083,ENSMUSG00000050359
ENSG00000167549,ENSMUSG00000074444
ENSG00000266714,ENSMUSG00000030401
ENSG00000273313,ENSMUSG00000031171
ENSG00000148396,ENSMUSG00000067262
ENSG00000164182,ENSMUSG00000074440
ENSG00000184428,ENSMUSG00000055891
ENSG00000188342,ENSMUSG00000079685
ENSG00000182782,ENSMUSG00000028952
ENSG00000133115,ENSMUSG00000028992
ENSG00000163527,ENSMUSG00000061048
ENSG00000253598,ENSMUSG00000039218
ENSG00000137804,ENSMUSG00000095075
ENSG00000151746,ENSMUSG00000060794
ENSG00000123268,ENSMUSG00000034923
ENSG00000167657,ENSMUSG00000091873
ENSG00000167106,ENSMUSG00000052738
ENSG00000123104,ENSMUSG00000029253
ENSG00000006712,ENSMUSG00000069910
ENSG00000107554,ENSMUSG00000070601
ENSG00000160014,ENSMUSG00000024055
ENSG00000125817,ENSMUSG00000022321
ENSG00000119720,ENSMUSG00000034799
ENSG00000108924,ENSMUSG00000017767
ENSG00000099984,ENSMUSG00000031256
ENSG00000196459,ENSMUSG00000073794
ENSG00000173276,ENSMUSG00000037689
ENSG00000089127,ENSMUSG00000061175
ENSG00000100629,ENSMUSG00000022416
ENSG00000151623,ENSMUSG00000101381
ENSG00000127220,ENSMUSG00000062061
ENSG00000149357,ENSMUSG00000029141
ENSG00000275066,ENSMUSG00000026077
ENSG00000109381,ENSMUSG00000022009
ENSG00000073910,ENSMUSG00000041771
ENSG00000063587,ENSMUSG00000031448
ENSG00000162695,ENSMUSG00000003809
ENSG00000196405,ENSMUSG00000019945
ENSG00000213853,ENSMUSG00000096485
ENSG00000053108,ENSMUSG00000093445
ENSG00000172007,ENSMUSG00000027338
ENSG00000198003,ENSMUSG00000036218
ENSG00000188263,ENSMUSG00000029544
ENSG00000068366,ENSMUSG00000029682
ENSG00000165204,ENSMUSG00000030264
ENSG00000165935,ENSMUSG00000025701
ENSG00000174917,ENSMUSG00000022832
ENSG00000133105,ENSMUSG00000026475
ENSG00000121905,ENSMUSG00000030344
ENSG00000284779,ENSMUSG00000018287
ENSG00000176566,ENSMUSG00000094010
ENSG00000165480,ENSMUSG00000064262
ENSG00000184831,ENSMUSG00000026043
ENSG00000142319,ENSMUSG00000030452
ENSG00000215915,ENSMUSG00000043284
ENSG00000145623,ENSMUSG00000022469
ENSG00000284718,ENSMUSG00000070336
ENSG00000203667,ENSMUSG00000049287
ENSG00000196981,ENSMUSG00000059674
ENSG00000214827,ENSMUSG00000039209
ENSG00000070761,ENSMUSG00000021496
ENSG00000035687,ENSMUSG00000048852
ENSG00000244405,ENSMUSG00000025488
ENSG00000177679,ENSMUSG00000025271
ENSG00000172794,ENSMUSG00000027540
ENSG00000121316,ENSMUSG00000025955
ENSG00000185926,ENSMUSG00000038292
ENSG00000130726,ENSMUSG00000006021
ENSG00000089248,ENSMUSG00000031364
ENSG00000179598,ENSMUSG00000040811
ENSG00000160767,ENSMUSG00000049354
ENSG00000101421,ENSMUSG00000027111
ENSG00000159479,ENSMUSG00000029602
ENSG00000091073,ENSMUSG00000028133
ENSG00000162433,ENSMUSG00000079108
ENSG00000177156,ENSMUSG00000023019
ENSG00000284234,ENSMUSG00000063765
ENSG00000116729,ENSMUSG00000036854
ENSG00000292339,ENSMUSG00000051424
ENSG00000134198,ENSMUSG00000033520
ENSG00000170374,ENSMUSG00000035189
ENSG00000167232,ENSMUSG00000054630
ENSG00000100714,ENSMUSG00000028483
ENSG00000221859,ENSMUSG00000015357
ENSG00000109790,ENSMUSG00000024593
ENSG00000170837,ENSMUSG00000099583
ENSG00000204084,ENSMUSG00000024862
ENSG00000198681,ENSMUSG00000079469
ENSG00000178226,ENSMUSG00000020234
ENSG00000171574,ENSMUSG00000066900
ENSG00000204304,ENSMUSG00000028435
ENSG00000197467,ENSMUSG00000041961
ENSG00000066044,ENSMUSG00000015305
ENSG00000122484,ENSMUSG00000034757
ENSG00000244509,ENSMUSG00000039914
ENSG00000163029,ENSMUSG00000041245
ENSG00000100583,ENSMUSG00000040174
ENSG00000055955,ENSMUSG00000074916
ENSG00000157020,ENSMUSG00000092297
ENSG00000179958,ENSMUSG00000030219
ENSG00000151704,ENSMUSG00000035834
ENSG00000153165,ENSMUSG00000027680
ENSG00000100122,ENSMUSG00000020778
ENSG00000120328,ENSMUSG00000031065
ENSG00000168615,ENSMUSG00000030218
ENSG00000162929,ENSMUSG00000040033
ENSG00000163528,ENSMUSG00000099974
ENSG00000186364,ENSMUSG00000095797
ENSG00000185056,ENSMUSG00000091649
ENSG00000259330,ENSMUSG00000035762
ENSG00000164082,ENSMUSG00000016128
ENSG00000242028,ENSMUSG00000051323
ENSG00000101846,ENSMUSG00000052273
ENSG00000151348,ENSMUSG00000036306
ENSG00000125734,ENSMUSG00000029781
ENSG00000105146,ENSMUSG00000023078
ENSG00000085449,ENSMUSG00000002996
ENSG00000160471,ENSMUSG00000029780
ENSG00000165525,ENSMUSG00000042116
ENSG00000196119,ENSMUSG00000041057
ENSG00000197535,ENSMUSG00000091060
ENSG00000133059,ENSMUSG00000063576
ENSG00000136169,ENSMUSG00000037101
ENSG00000117425,ENSMUSG00000030484
ENSG00000107771,ENSMUSG00000026577
ENSG00000205116,ENSMUSG00000051768
ENSG00000258818,ENSMUSG00000020409
ENSG00000107949,ENSMUSG00000006134
ENSG00000204920,ENSMUSG00000038861
ENSG00000167395,ENSMUSG00000067872
ENSG00000167986,ENSMUSG00000048697
ENSG00000130758,ENSMUSG00000070990
ENSG00000107018,ENSMUSG00000039765
ENSG00000154518,ENSMUSG00000078235
ENSG00000229292,ENSMUSG00000027444
ENSG00000099800,ENSMUSG00000021898
ENSG00000141448,ENSMUSG00000038026
ENSG00000170017,ENSMUSG00000031389
ENSG00000173726,ENSMUSG00000034023
ENSG00000198521,ENSMUSG00000025528
ENSG00000123091,ENSMUSG00000031245
ENSG00000292344,ENSMUSG00000085683
ENSG00000184867,ENSMUSG00000026531
ENSG00000139780,ENSMUSG00000026156
ENSG00000184486,ENSMUSG00000040936
ENSG00000080189,ENSMUSG00000036526
ENSG00000261873,ENSMUSG00000047658
ENSG00000182606,ENSMUSG00000033200
ENSG00000160716,ENSMUSG00000066640
ENSG00000270946,ENSMUSG00000002393
ENSG00000109046,ENSMUSG00000033059
ENSG00000283473,ENSMUSG00000028795
ENSG00000005022,ENSMUSG00000050138
ENSG00000152292,ENSMUSG00000062624
ENSG00000124343,ENSMUSG00000062252
ENSG00000101052,ENSMUSG00000040606
ENSG00000205496,ENSMUSG00000004347
ENSG00000168243,ENSMUSG00000027365
ENSG00000203872,ENSMUSG00000078862
ENSG00000196154,ENSMUSG00000038365
ENSG00000178694,ENSMUSG00000028475
ENSG00000158863,ENSMUSG00000039795
ENSG00000133805,ENSMUSG00000068818
ENSG00000171940,ENSMUSG00000026295
ENSG00000167220,ENSMUSG00000053303
ENSG00000159261,ENSMUSG00000078757
ENSG00000111145,ENSMUSG00000032652
ENSG00000132321,ENSMUSG00000056293
ENSG00000090263,ENSMUSG00000029517
ENSG00000167131,ENSMUSG00000034163
ENSG00000102543,ENSMUSG00000052446
ENSG00000100578,ENSMUSG00000046008
ENSG00000135452,ENSMUSG00000078674
ENSG00000122592,ENSMUSG00000020368
ENSG00000186190,ENSMUSG00000071275
ENSG00000121691,ENSMUSG00000014813
ENSG00000172209,ENSMUSG00000078924
ENSG00000171357,ENSMUSG00000038520
ENSG00000054793,ENSMUSG00000047414
ENSG00000007341,ENSMUSG00000063058
ENSG00000144712,ENSMUSG00000046034
ENSG00000114279,ENSMUSG00000038843
ENSG00000197591,ENSMUSG00000020522
ENSG00000196352,ENSMUSG00000046300
ENSG00000133612,ENSMUSG00000025949
ENSG00000089053,ENSMUSG00000024026
ENSG00000196998,ENSMUSG00000028706
ENSG00000161850,ENSMUSG00000020029
ENSG00000196924,ENSMUSG00000015087
ENSG00000105738,ENSMUSG00000023068
ENSG00000073350,ENSMUSG00000007050
ENSG00000162144,ENSMUSG00000027371
ENSG00000164542,ENSMUSG00000042298
ENSG00000165182,ENSMUSG00000033454
ENSG00000152518,ENSMUSG00000003604
ENSG00000040608,ENSMUSG00000018821
ENSG00000010438,ENSMUSG00000026975
ENSG00000171843,ENSMUSG00000078259
ENSG00000242498,ENSMUSG00000031928
ENSG00000171189,ENSMUSG00000029047
ENSG00000164576,ENSMUSG00000075150
ENSG00000248483,ENSMUSG00000040236
ENSG00000169429,ENSMUSG00000026241
ENSG00000171100,ENSMUSG00000071489
ENSG00000128310,ENSMUSG00000040866
ENSG00000136488,ENSMUSG00000050917
ENSG00000186970,ENSMUSG00000095061
ENSG00000164715,ENSMUSG00000046095
ENSG00000169085,ENSMUSG00000020870
ENSG00000165283,ENSMUSG00000031931
ENSG00000240247,ENSMUSG00000035437
ENSG00000070214,ENSMUSG00000096744
ENSG00000204227,ENSMUSG00000031480
ENSG00000112852,ENSMUSG00000079577
ENSG00000182156,ENSMUSG00000021966
ENSG00000014914,ENSMUSG00000051224
ENSG00000131626,ENSMUSG00000094814
ENSG00000174255,ENSMUSG00000050875
ENSG00000187889,ENSMUSG00000049985
ENSG00000178401,ENSMUSG00000027794
ENSG00000134470,ENSMUSG00000030410
ENSG00000081138,ENSMUSG00000028644
ENSG00000093167,ENSMUSG00000018451
ENSG00000213339,ENSMUSG00000070868
ENSG00000170881,ENSMUSG00000060147
ENSG00000087074,ENSMUSG00000029782
ENSG00000129654,ENSMUSG00000005836
ENSG00000242247,ENSMUSG00000024891
ENSG00000120436,ENSMUSG00000078591
ENSG00000260458,ENSMUSG00000039376
ENSG00000185019,ENSMUSG00000006299
ENSG00000181195,ENSMUSG00000023349
ENSG00000077009,ENSMUSG00000021423
ENSG00000131097,ENSMUSG00000022376
ENSG00000114126,ENSMUSG00000068854
ENSG00000069431,ENSMUSG00000050158
ENSG00000176401,ENSMUSG00000040629
ENSG00000160973,ENSMUSG00000047149
ENSG00000133962,ENSMUSG00000094701
ENSG00000163131,ENSMUSG00000059832
ENSG00000130005,ENSMUSG00000037935
ENSG00000101000,ENSMUSG00000035325
ENSG00000111269,ENSMUSG00000028896
ENSG00000249481,ENSMUSG00000015243
ENSG00000183019,ENSMUSG00000041992
ENSG00000183379,ENSMUSG00000054435
ENSG00000023902,ENSMUSG00000032987
ENSG00000131095,ENSMUSG00000035873
ENSG00000184108,ENSMUSG00000041355
ENSG00000127483,ENSMUSG00000025572
ENSG00000185070,ENSMUSG00000095973
ENSG00000057704,ENSMUSG00000022253
ENSG00000132872,ENSMUSG00000069306
ENSG00000164967,ENSMUSG00000044254
ENSG00000095110,ENSMUSG00000048502
ENSG00000197353,ENSMUSG00000025652
ENSG00000174339,ENSMUSG00000025145
ENSG00000110429,ENSMUSG00000047171
ENSG00000130165,ENSMUSG00000050332
ENSG00000104081,ENSMUSG00000027188
ENSG00000115386,ENSMUSG00000061520
ENSG00000108064,ENSMUSG00000030727
ENSG00000253729,ENSMUSG00000078606
ENSG00000247315,ENSMUSG00000049498
ENSG00000173141,ENSMUSG00000038515
ENSG00000118680,ENSMUSG00000020577
ENSG00000165383,ENSMUSG00000020937
ENSG00000242732,ENSMUSG00000011877
ENSG00000157833,ENSMUSG00000095365
ENSG00000135249,ENSMUSG00000029575
ENSG00000145545,ENSMUSG00000096145
ENSG00000162869,ENSMUSG00000023914
ENSG00000164574,ENSMUSG00000062372
ENSG00000134884,ENSMUSG00000075410
ENSG00000174292,ENSMUSG00000020877
ENSG00000091986,ENSMUSG00000048766
ENSG00000159398,ENSMUSG00000034185
ENSG00000115648,ENSMUSG00000040006
ENSG00000136848,ENSMUSG00000029491
ENSG00000171124,ENSMUSG00000026228
ENSG00000012171,ENSMUSG00000090485
ENSG00000152804,ENSMUSG00000031556
ENSG00000248487,ENSMUSG00000094891
ENSG00000080298,ENSMUSG00000030465
ENSG00000126773,ENSMUSG00000039043
ENSG00000177981,ENSMUSG00000038811
ENSG00000258289,ENSMUSG00000101766
ENSG00000164776,ENSMUSG00000025917
ENSG00000233412,ENSMUSG00000108900
ENSG00000100036,ENSMUSG00000037936
ENSG00000122733,ENSMUSG00000017132
ENSG00000100341,ENSMUSG00000034579
ENSG00000115850,ENSMUSG00000049999
ENSG00000186471,ENSMUSG00000020863
ENSG00000130538,ENSMUSG00000029162
ENSG00000156500,ENSMUSG00000061762
ENSG00000105352,ENSMUSG00000045767
ENSG00000240771,ENSMUSG00000030701
ENSG00000101150,ENSMUSG00000021624
ENSG00000137413,ENSMUSG00000015488
ENSG00000145335,ENSMUSG00000022285
ENSG00000169891,ENSMUSG00000069892
ENSG00000244165,ENSMUSG00000001103
ENSG00000133794,ENSMUSG00000041945
ENSG00000157259,ENSMUSG00000021519
ENSG00000100764,ENSMUSG00000031196
ENSG00000105135,ENSMUSG00000001739
ENSG00000221880,ENSMUSG00000062683
ENSG00000166595,ENSMUSG00000026126
ENSG00000262152,ENSMUSG00000067201
ENSG00000187735,ENSMUSG00000020453
ENSG00000112964,ENSMUSG00000008129
ENSG00000100461,ENSMUSG00000060177
ENSG00000186010,ENSMUSG00000094590
ENSG00000169385,ENSMUSG00000034636
ENSG00000169592,ENSMUSG00000029624
ENSG00000063180,ENSMUSG00000048911
ENSG00000173660,ENSMUSG00000025066
ENSG00000183145,ENSMUSG00000036097
ENSG00000152253,ENSMUSG00000001815
ENSG00000189143,ENSMUSG00000020955
ENSG00000185739,ENSMUSG00000033355
ENSG00000188786,ENSMUSG00000048537
ENSG00000173124,ENSMUSG00000030134
ENSG00000105737,ENSMUSG00000034453
ENSG00000142949,ENSMUSG00000029286
ENSG00000112367,ENSMUSG00000061524
ENSG00000184227,ENSMUSG00000041741
ENSG00000073008,ENSMUSG00000028057
ENSG00000198830,ENSMUSG00000058537
ENSG00000158022,ENSMUSG00000019590
ENSG00000170289,ENSMUSG00000024579
ENSG00000101883,ENSMUSG00000023118
ENSG00000197951,ENSMUSG00000023143
ENSG00000126787,ENSMUSG00000027951
ENSG00000165917,ENSMUSG00000031105
ENSG00000279301,ENSMUSG00000038225
ENSG00000138308,ENSMUSG00000040774
ENSG00000110628,ENSMUSG00000025728
ENSG00000175764,ENSMUSG00000063410
ENSG00000090989,ENSMUSG00000017765
ENSG00000067182,ENSMUSG00000050853
ENSG00000149651,ENSMUSG00000057229
ENSG00000182326,ENSMUSG00000020133
ENSG00000278289,ENSMUSG00000031337
ENSG00000250803,ENSMUSG00000047423
ENSG00000134248,ENSMUSG00000052459
ENSG00000103355,ENSMUSG00000094678
ENSG00000137338,ENSMUSG00000021211
ENSG00000177462,ENSMUSG00000048170
ENSG00000091127,ENSMUSG00000026785
ENSG00000178035,ENSMUSG00000030990
ENSG00000168314,ENSMUSG00000030316
ENSG00000101337,ENSMUSG00000067455
ENSG00000237957,ENSMUSG00000047810
ENSG00000108733,ENSMUSG00000044528
ENSG00000116489,ENSMUSG00000021313
ENSG00000196071,ENSMUSG00000054325
ENSG00000105677,ENSMUSG00000054406
ENSG00000154721,ENSMUSG00000038296
ENSG00000037280,ENSMUSG00000022858
ENSG00000116525,ENSMUSG00000036855
ENSG00000278085,ENSMUSG00000017210
ENSG00000125871,ENSMUSG00000048001
ENSG00000068971,ENSMUSG00000071158
ENSG00000197858,ENSMUSG00000018906
ENSG00000113845,ENSMUSG00000036613
ENSG00000132591,ENSMUSG00000055835
ENSG00000124145,ENSMUSG00000045559
ENSG00000107537,ENSMUSG00000020019
ENSG00000131873,ENSMUSG00000019943
ENSG00000165555,ENSMUSG00000030917
ENSG00000181214,ENSMUSG00000039068
ENSG00000205060,ENSMUSG00000026278
ENSG00000112406,ENSMUSG00000025195
ENSG00000180730,ENSMUSG00000025722
ENSG00000163170,ENSMUSG00000040883
ENSG00000140471,ENSMUSG00000034981
ENSG00000126067,ENSMUSG00000075167
ENSG00000143753,ENSMUSG00000060967
ENSG00000112695,ENSMUSG00000029430
ENSG00000204967,ENSMUSG00000079432
ENSG00000112874,ENSMUSG00000020929
ENSG00000064989,ENSMUSG00000046020
ENSG00000109208,ENSMUSG00000005649
ENSG00000106144,ENSMUSG00000107392
ENSG00000120949,ENSMUSG00000056592
ENSG00000181649,ENSMUSG00000028614
ENSG00000162592,ENSMUSG00000078504
ENSG00000177606,ENSMUSG00000057378
ENSG00000163093,ENSMUSG00000029321
ENSG00000030419,ENSMUSG00000056999
ENSG00000130827,ENSMUSG00000000711
ENSG00000109063,ENSMUSG00000029275
ENSG00000188938,ENSMUSG00000094777
ENSG00000148153,ENSMUSG00000036602
ENSG00000111012,ENSMUSG00000005470
ENSG00000196171,ENSMUSG00000022781
ENSG00000160185,ENSMUSG00000091987
ENSG00000233670,ENSMUSG00000028651
ENSG00000101161,ENSMUSG00000034037
ENSG00000167987,ENSMUSG00000046410
ENSG00000127124,ENSMUSG00000030835
ENSG00000117834,ENSMUSG00000044496
ENSG00000196421,ENSMUSG00000048226
ENSG00000243317,ENSMUSG00000075073
ENSG00000244682,ENSMUSG00000035773
ENSG00000170920,ENSMUSG00000024173
ENSG00000102007,ENSMUSG00000044951
ENSG00000198010,ENSMUSG00000042834
ENSG00000249222,ENSMUSG00000043036
ENSG00000179133,ENSMUSG00000038615
ENSG00000169248,ENSMUSG00000032126
ENSG00000113302,ENSMUSG00000035824
ENSG00000141753,ENSMUSG00000026932
ENSG00000169955,ENSMUSG00000027300
ENSG00000107077,ENSMUSG00000027520
ENSG00000148229,ENSMUSG00000059562
ENSG00000112473,ENSMUSG00000067767
ENSG00000163534,ENSMUSG00000024976
ENSG00000137812,ENSMUSG00000020811
ENSG00000134644,ENSMUSG00000045336
ENSG00000087302,ENSMUSG00000099894
ENSG00000157933,ENSMUSG00000034177
ENSG00000167916,ENSMUSG00000024878
ENSG00000173641,ENSMUSG00000022902
ENSG00000205085,ENSMUSG00000067336
ENSG00000099721,ENSMUSG00000033773
ENSG00000150630,ENSMUSG00000047507
ENSG00000175398,ENSMUSG00000031865
ENSG00000085662,ENSMUSG00000045996
ENSG00000134827,ENSMUSG00000007833
ENSG00000071203,ENSMUSG00000035367
ENSG00000254087,ENSMUSG00000070360
ENSG00000167768,ENSMUSG00000075218
ENSG00000157869,ENSMUSG00000028551
ENSG00000235162,ENSMUSG00000000690
ENSG00000166863,ENSMUSG00000050134
ENSG00000188529,ENSMUSG00000061360
ENSG00000172771,ENSMUSG00000042766
ENSG00000054983,ENSMUSG00000031144
ENSG00000111229,ENSMUSG00000010066
ENSG00000137274,ENSMUSG00000022353
ENSG00000185379,ENSMUSG00000027845
ENSG00000117410,ENSMUSG00000010797
ENSG00000164325,ENSMUSG00000027583
ENSG00000187080,ENSMUSG00000037573
ENSG00000243335,ENSMUSG00000006998
ENSG00000065054,ENSMUSG00000101396
ENSG00000138081,ENSMUSG00000020932
ENSG00000272047,ENSMUSG00000020681
ENSG00000143512,ENSMUSG00000056436
ENSG00000277893,ENSMUSG00000020358
ENSG00000119969,ENSMUSG00000035781
ENSG00000138684,ENSMUSG00000047824
ENSG00000163938,ENSMUSG00000019775
ENSG00000214212,ENSMUSG00000049741
ENSG00000198961,ENSMUSG00000038498
ENSG00000105383,ENSMUSG00000060742
ENSG00000088992,ENSMUSG00000037686
ENSG00000118655,ENSMUSG00000020541
ENSG00000149743,ENSMUSG00000045268
ENSG00000099960,ENSMUSG00000053411
ENSG00000106565,ENSMUSG00000044441
ENSG00000160233,ENSMUSG00000020374
ENSG00000084733,ENSMUSG00000055971
ENSG00000082641,ENSMUSG00000056912
ENSG00000186675,ENSMUSG00000020873
ENSG00000185963,ENSMUSG00000022389
ENSG00000166090,ENSMUSG00000079104
ENSG00000123243,ENSMUSG00000020018
ENSG00000237247,ENSMUSG00000026853
ENSG00000217236,ENSMUSG00000021215
ENSG00000181322,ENSMUSG00000094504
ENSG00000183196,ENSMUSG00000040017
ENSG00000151779,ENSMUSG00000019856
ENSG00000196476,ENSMUSG00000030499
ENSG00000175513,ENSMUSG00000068614
ENSG00000186732,ENSMUSG00000059205
ENSG00000113088,ENSMUSG00000031354
ENSG00000163393,ENSMUSG00000002617
ENSG00000111843,ENSMUSG00000031848
ENSG00000089057,ENSMUSG00000048377
ENSG00000197776,ENSMUSG00000043153
ENSG00000101365,ENSMUSG00000017943
ENSG00000113360,ENSMUSG00000008540
ENSG00000177994,ENSMUSG00000074417
ENSG00000169903,ENSMUSG00000029804
ENSG00000261272,ENSMUSG00000038670
ENSG00000007350,ENSMUSG00000012042
ENSG00000157551,ENSMUSG00000072930
ENSG00000105647,ENSMUSG00000028890
ENSG00000139178,ENSMUSG00000052525
ENSG00000147202,ENSMUSG00000036112
ENSG00000115998,ENSMUSG00000020211
ENSG00000188785,ENSMUSG00000059811
ENSG00000188033,ENSMUSG00000036686
ENSG00000292338,ENSMUSG00000035397
ENSG00000159348,ENSMUSG00000018286
ENSG00000177685,ENSMUSG00000075012
ENSG00000188730,ENSMUSG00000019916
ENSG00000105497,ENSMUSG00000032301
ENSG00000145681,ENSMUSG00000053624
ENSG00000066739,ENSMUSG00000024734
ENSG00000085415,ENSMUSG00000075702
ENSG00000180900,ENSMUSG00000032358
ENSG00000102032,ENSMUSG00000079263
ENSG00000124635,ENSMUSG00000022018
ENSG00000135248,ENSMUSG00000035592
ENSG00000088899,ENSMUSG00000043671
ENSG00000163638,ENSMUSG00000031938
ENSG00000176783,ENSMUSG00000032528
ENSG00000178440,ENSMUSG00000032556
ENSG00000184384,ENSMUSG00000025389
ENSG00000173578,ENSMUSG00000108908
ENSG00000151778,ENSMUSG00000020303
ENSG00000185955,ENSMUSG00000070526
ENSG00000138617,ENSMUSG00000026620
ENSG00000255804,ENSMUSG00000038622
ENSG00000096070,ENSMUSG00000050945
ENSG00000008516,ENSMUSG00000032103
ENSG00000136490,ENSMUSG00000024776
ENSG00000217555,ENSMUSG00000057801
ENSG00000138613,ENSMUSG00000057969
ENSG00000111897,ENSMUSG00000029282
ENSG00000054796,ENSMUSG00000041669
ENSG00000182287,ENSMUSG00000056267
ENSG00000283594,ENSMUSG00000022032
ENSG00000176428,ENSMUSG00000020290
ENSG00000170465,ENSMUSG00000070529
ENSG00000164683,ENSMUSG00000037369
ENSG00000137033,ENSMUSG00000051984
ENSG00000177108,ENSMUSG00000078255
ENSG00000225180,ENSMUSG00000056648
ENSG00000165169,ENSMUSG00000047446
ENSG00000197769,ENSMUSG00000053716
ENSG00000164047,ENSMUSG00000026656
ENSG00000263513,ENSMUSG00000060673
ENSG00000176595,ENSMUSG00000086158
ENSG00000197329,ENSMUSG00000004558
ENSG00000163918,ENSMUSG00000021400
ENSG00000158639,ENSMUSG00000044220
ENSG00000102384,ENSMUSG00000025333
ENSG00000169071,ENSMUSG00000091174
ENSG00000138439,ENSMUSG00000059898
ENSG00000269226,ENSMUSG00000042215
ENSG00000170180,ENSMUSG00000021973
ENSG00000242019,ENSMUSG00000031273
ENSG00000138709,ENSMUSG00000018459
ENSG00000184261,ENSMUSG00000057723
ENSG00000149596,ENSMUSG00000087376
ENSG00000163930,ENSMUSG00000028688
ENSG00000147421,ENSMUSG00000028443
ENSG00000164296,ENSMUSG00000041380
ENSG00000148704,ENSMUSG00000046841
ENSG00000164266,ENSMUSG00000029869
ENSG00000024048,ENSMUSG00000055373
ENSG00000187808,ENSMUSG00000033949
ENSG00000129691,ENSMUSG00000092558
ENSG00000110318,ENSMUSG00000075074
ENSG00000117419,ENSMUSG00000034245
ENSG00000277224,ENSMUSG00000038156
ENSG00000260802,ENSMUSG00000071519
ENSG00000165494,ENSMUSG00000033446
ENSG00000158113,ENSMUSG00000020454
ENSG00000172487,ENSMUSG00000006567
ENSG00000110844,ENSMUSG00000041870
ENSG00000165828,ENSMUSG00000041737
ENSG00000166211,ENSMUSG00000014547
ENSG00000198483,ENSMUSG00000047749
ENSG00000090402,ENSMUSG00000094370
ENSG00000143632,ENSMUSG00000109511
ENSG00000177425,ENSMUSG00000038722
ENSG00000117650,ENSMUSG00000069823
ENSG00000168828,ENSMUSG00000057551
ENSG00000196284,ENSMUSG00000020821
ENSG00000161010,ENSMUSG00000033826
ENSG00000185104,ENSMUSG00000052253
ENSG00000120318,ENSMUSG00000046338
ENSG00000222009,ENSMUSG00000012520
ENSG00000172421,ENSMUSG00000033857
ENSG00000185345,ENSMUSG00000071172
ENSG00000171700,ENSMUSG00000028270
ENSG00000170498,ENSMUSG00000026407
ENSG00000124818,ENSMUSG00000024680
ENSG00000181518,ENSMUSG00000029223
ENSG00000197576,ENSMUSG00000032577
ENSG00000176890,ENSMUSG00000032098
ENSG00000255408,ENSMUSG00000030963
ENSG00000141524,ENSMUSG00000000560
ENSG00000170468,ENSMUSG00000045140
ENSG00000187609,ENSMUSG00000022913
ENSG00000164609,ENSMUSG00000020988
ENSG00000175455,ENSMUSG00000056973
ENSG00000145321,ENSMUSG00000054737
ENSG00000137731,ENSMUSG00000002812
ENSG00000100711,ENSMUSG00000022010
ENSG00000185823,ENSMUSG00000019295
ENSG00000196503,ENSMUSG00000036103
ENSG00000095906,ENSMUSG00000029009
ENSG00000197408,ENSMUSG00000068879
ENSG00000105967,ENSMUSG00000025860
ENSG00000205835,ENSMUSG00000089728
ENSG00000228486,ENSMUSG00000047298
ENSG00000101098,ENSMUSG00000008763
ENSG00000126838,ENSMUSG00000035439
ENSG00000130748,ENSMUSG00000079450
ENSG00000168795,ENSMUSG00000041849
ENSG00000124812,ENSMUSG00000079184
ENSG00000005981,ENSMUSG00000020814
ENSG00000253506,ENSMUSG00000023089
ENSG00000164830,ENSMUSG00000000247
ENSG00000206047,ENSMUSG00000078240
ENSG00000004864,ENSMUSG00000054404
ENSG00000157985,ENSMUSG00000029843
ENSG00000168237,ENSMUSG00000031358
ENSG00000083807,ENSMUSG00000040148
ENSG00000164985,ENSMUSG00000083282
ENSG00000183049,ENSMUSG00000022487
ENSG00000146282,ENSMUSG00000036197
ENSG00000183291,ENSMUSG00000014232
ENSG00000141404,ENSMUSG00000026478
ENSG00000079482,ENSMUSG00000028017
ENSG00000178386,ENSMUSG00000025812
ENSG00000143450,ENSMUSG00000032584
ENSG00000179603,ENSMUSG00000091474
ENSG00000167815,ENSMUSG00000022024
ENSG00000179454,ENSMUSG00000026688
ENSG00000126785,ENSMUSG00000036478
ENSG00000124253,ENSMUSG00000022142
ENSG00000151327,ENSMUSG00000089669
ENSG00000110900,ENSMUSG00000039105
ENSG00000197238,ENSMUSG00000039473
ENSG00000123411,ENSMUSG00000058499
ENSG00000135241,ENSMUSG00000046210
ENSG00000166681,ENSMUSG00000025527
ENSG00000186105,ENSMUSG00000024858
ENSG00000032389,ENSMUSG00000031452
ENSG00000185885,ENSMUSG00000034471
ENSG00000186115,ENSMUSG00000095724
ENSG00000088986,ENSMUSG00000048039
ENSG00000183598,ENSMUSG00000069520
ENSG00000172215,ENSMUSG00000000301
ENSG00000266826,ENSMUSG00000054759
ENSG00000135744,ENSMUSG00000032503
ENSG00000189339,ENSMUSG00000079402
ENSG00000187758,ENSMUSG00000024927
ENSG00000124508,ENSMUSG00000025354
ENSG00000160323,ENSMUSG00000034968
ENSG00000227729,ENSMUSG00000042797
ENSG00000157617,ENSMUSG00000004846
ENSG00000196419,ENSMUSG00000039187
ENSG00000235863,ENSMUSG00000022960
ENSG00000077684,ENSMUSG00000040592
ENSG00000203705,ENSMUSG00000064302
ENSG00000145996,ENSMUSG00000028680
ENSG00000197465,ENSMUSG00000030225
ENSG00000197375,ENSMUSG00000027820
ENSG00000196890,ENSMUSG00000063354
ENSG00000228253,ENSMUSG00000016206
ENSG00000181803,ENSMUSG00000027624
ENSG00000149968,ENSMUSG00000038641
ENSG00000145850,ENSMUSG00000058183
ENSG00000130052,ENSMUSG00000035458
ENSG00000196705,ENSMUSG00000028882
ENSG00000152208,ENSMUSG00000055725
ENSG00000155890,ENSMUSG00000074513
ENSG00000114054,ENSMUSG00000036599
ENSG00000198947,ENSMUSG00000029916
ENSG00000163106,ENSMUSG00000085079
ENSG00000150316,ENSMUSG00000059834
ENSG00000196436,ENSMUSG00000003360
ENSG00000163362,ENSMUSG00000043102
ENSG00000102931,ENSMUSG00000095493
ENSG00000177992,ENSMUSG00000044167
ENSG00000169762,ENSMUSG00000056959
ENSG00000205683,ENSMUSG00000026110
ENSG00000151689,ENSMUSG00000095961
ENSG00000143418,ENSMUSG00000024050
ENSG00000181754,ENSMUSG00000048779
ENSG00000138769,ENSMUSG00000040018
ENSG00000105722,ENSMUSG00000024694
ENSG00000205022,ENSMUSG00000042594
ENSG00000079337,ENSMUSG00000022472
ENSG00000153157,ENSMUSG00000041762
ENSG00000116288,ENSMUSG00000096153
ENSG00000178623,ENSMUSG00000064115
ENSG00000161594,ENSMUSG00000028927
ENSG00000136143,ENSMUSG00000017724
ENSG00000138483,ENSMUSG00000060613
ENSG00000106477,ENSMUSG00000027446
ENSG00000112210,ENSMUSG00000027628
ENSG00000284465,ENSMUSG00000020546
ENSG00000204272,ENSMUSG00000054640
ENSG00000184144,ENSMUSG00000025408
ENSG00000148288,ENSMUSG00000001228
ENSG00000100483,ENSMUSG00000071540
ENSG00000204406,ENSMUSG00000048155
ENSG00000158234,ENSMUSG00000060170
ENSG00000179058,ENSMUSG00000032375
ENSG00000103264,ENSMUSG00000039196
ENSG00000109084,ENSMUSG00000039167
ENSG00000132128,ENSMUSG00000022388
ENSG00000089012,ENSMUSG00000030751
ENSG00000117394,ENSMUSG00000034266
ENSG00000213512,ENSMUSG00000042448
ENSG00000116985,ENSMUSG00000093938
ENSG00000189169,ENSMUSG00000035032
ENSG00000105708,ENSMUSG00000035901
ENSG00000205445,ENSMUSG00000058976
ENSG00000056277,ENSMUSG00000072494
ENSG00000114487,ENSMUSG00000090961
ENSG00000105519,ENSMUSG00000020102
ENSG00000197566,ENSMUSG00000028777
ENSG00000101638,ENSMUSG00000056602
ENSG00000227717,ENSMUSG00000041939
ENSG00000107960,ENSMUSG00000040296
ENSG00000169894,ENSMUSG00000017778
ENSG00000152413,ENSMUSG00000026271
ENSG00000184389,ENSMUSG00000060084
ENSG00000291317,ENSMUSG00000026416
ENSG00000204020,ENSMUSG00000080713
ENSG00000189091,ENSMUSG00000016493
ENSG00000180329,ENSMUSG00000091183
ENSG00000122965,ENSMUSG00000051041
ENSG00000196266,ENSMUSG00000071528
ENSG00000276023,ENSMUSG00000005506
ENSG00000134901,ENSMUSG00000036968
ENSG00000075945,ENSMUSG00000073733
ENSG00000184281,ENSMUSG00000026869
ENSG00000145384,ENSMUSG00000027965
ENSG00000120658,ENSMUSG00000062410
ENSG00000135838,ENSMUSG00000006010
ENSG00000283428,ENSMUSG00000045930
ENSG00000116001,ENSMUSG00000051076
ENSG00000062716,ENSMUSG00000069582
ENSG00000128652,ENSMUSG00000047990
ENSG00000111206,ENSMUSG00000001089
ENSG00000248385,ENSMUSG00000044430
ENSG00000065970,ENSMUSG00000045427
ENSG00000172199,ENSMUSG00000050288
ENSG00000274764,ENSMUSG00000029178
ENSG00000213533,ENSMUSG00000026175
ENSG00000113851,ENSMUSG00000109520
ENSG00000144681,ENSMUSG00000051669
ENSG00000150667,ENSMUSG00000005672
ENSG00000222028,ENSMUSG00000034285
ENSG00000275074,ENSMUSG00000056493
ENSG00000169083,ENSMUSG00000061315
ENSG00000166181,ENSMUSG00000031429
ENSG00000163870,ENSMUSG00000035191
ENSG00000165059,ENSMUSG00000024855
ENSG00000204140,ENSMUSG00000032411
ENSG00000019991,ENSMUSG00000045822
ENSG00000184923,ENSMUSG00000090942
ENSG00000184845,ENSMUSG00000070427
ENSG00000116704,ENSMUSG00000050251
ENSG00000205542,ENSMUSG00000046668
ENSG00000215114,ENSMUSG00000024870
ENSG00000131669,ENSMUSG00000022579
ENSG00000023697,ENSMUSG00000034445
ENSG00000156970,ENSMUSG00000028782
ENSG00000124160,ENSMUSG00000031845
ENSG00000101452,ENSMUSG00000073460
ENSG00000102974,ENSMUSG00000015478
ENSG00000213023,ENSMUSG00000028078
ENSG00000128849,ENSMUSG00000045658
ENSG00000186509,ENSMUSG00000024851
ENSG00000119125,ENSMUSG00000022403
ENSG00000163689,ENSMUSG00000031993
ENSG00000205922,ENSMUSG00000037808
ENSG00000203867,ENSMUSG00000073197
ENSG00000120278,ENSMUSG00000062105
ENSG00000149313,ENSMUSG00000041915
ENSG00000138311,ENSMUSG00000078510
ENSG00000171365,ENSMUSG00000022553
ENSG00000169189,ENSMUSG00000041624
ENSG00000113595,ENSMUSG00000000078
ENSG00000175084,ENSMUSG00000058287
ENSG00000100949,ENSMUSG00000024271
ENSG00000169371,ENSMUSG00000017677
ENSG00000146083,ENSMUSG00000028082
ENSG00000048140,ENSMUSG00000046942
ENSG00000197045,ENSMUSG00000062328
ENSG00000150787,ENSMUSG00000026828
ENSG00000166960,ENSMUSG00000032481
ENSG00000137193,ENSMUSG00000036815
ENSG00000112232,ENSMUSG00000079800
ENSG00000144597,ENSMUSG00000037849
ENSG00000134107,ENSMUSG00000069132
ENSG00000158201,ENSMUSG00000078546
ENSG00000136816,ENSMUSG00000050069
ENSG00000091592,ENSMUSG00000101337
ENSG00000116747,ENSMUSG00000024941
ENSG00000106541,ENSMUSG00000072778
ENSG00000182108,ENSMUSG00000033033
ENSG00000139719,ENSMUSG00000070697
ENSG00000137802,ENSMUSG00000038037
ENSG00000128739,ENSMUSG00000049806
ENSG00000197046,ENSMUSG00000035062
ENSG00000103248,ENSMUSG00000070713
ENSG00000101811,ENSMUSG00000024350
ENSG00000005810,ENSMUSG00000085684
ENSG00000188994,ENSMUSG00000021548
ENSG00000162365,ENSMUSG00000010277
ENSG00000184530,ENSMUSG00000042909
ENSG00000132017,ENSMUSG00000037762
ENSG00000205221,ENSMUSG00000054400
ENSG00000214160,ENSMUSG00000004748
ENSG00000139574,ENSMUSG00000021418
ENSG00000010295,ENSMUSG00000017453
ENSG00000248109,ENSMUSG00000027227
ENSG00000172288,ENSMUSG00000039278
ENSG00000251369,ENSMUSG00000050505
ENSG00000125148,ENSMUSG00000022507
ENSG00000115524,ENSMUSG00000060586
ENSG00000179636,ENSMUSG00000038690
ENSG00000183921,ENSMUSG00000039904
ENSG00000105609,ENSMUSG00000028565
ENSG00000010318,ENSMUSG00000043932
ENSG00000198346,ENSMUSG00000021396
ENSG00000112312,ENSMUSG00000048450
ENSG00000153395,ENSMUSG00000067231
ENSG00000153789,ENSMUSG00000048175
ENSG00000107890,ENSMUSG00000035443
ENSG00000214510,ENSMUSG00000045684
ENSG00000198585,ENSMUSG00000080751
ENSG00000244395,ENSMUSG00000001542
ENSG00000100565,ENSMUSG00000020848
ENSG00000144647,ENSMUSG00000054083
ENSG00000112972,ENSMUSG00000042569
ENSG00000109618,ENSMUSG00000028332
ENSG00000203756,ENSMUSG00000022673
ENSG00000232859,ENSMUSG00000045291
ENSG00000139304,ENSMUSG00000044433
ENSG00000164024,ENSMUSG00000095125
ENSG00000184271,ENSMUSG00000037649
ENSG00000105675,ENSMUSG00000075093
ENSG00000146350,ENSMUSG00000035891
ENSG00000137496,ENSMUSG00000039976
ENSG00000104921,ENSMUSG00000051346
ENSG00000147133,ENSMUSG00000069237
ENSG00000171792,ENSMUSG00000029319
ENSG00000109851,ENSMUSG00000091345
ENSG00000176435,ENSMUSG00000100505
ENSG00000250821,ENSMUSG00000026842
ENSG00000197771,ENSMUSG00000034452
ENSG00000103423,ENSMUSG00000078080
ENSG00000166140,ENSMUSG00000042473
ENSG00000212916,ENSMUSG00000015968
ENSG00000198535,ENSMUSG00000104063
ENSG00000197938,ENSMUSG00000022483
ENSG00000196383,ENSMUSG00000026664
ENSG00000184937,ENSMUSG00000025381
ENSG00000181929,ENSMUSG00000036672
ENSG00000226023,ENSMUSG00000000056
ENSG00000143183,ENSMUSG00000046718
ENSG00000176532,ENSMUSG00000042396
ENSG00000124939,ENSMUSG00000050824
ENSG00000158485,ENSMUSG00000069456
ENSG00000213398,ENSMUSG00000021692
ENSG00000181867,ENSMUSG00000050071
ENSG00000136854,ENSMUSG00000022155
ENSG00000234906,ENSMUSG00000096002
ENSG00000063854,ENSMUSG00000066191
ENSG00000122691,ENSMUSG00000057246
ENSG00000221843,ENSMUSG00000055717
ENSG00000167257,ENSMUSG00000040483
ENSG00000198400,ENSMUSG00000069309
ENSG00000168959,ENSMUSG00000032513
ENSG00000088038,ENSMUSG00000094422
ENSG00000116679,ENSMUSG00000036606
ENSG00000213139,ENSMUSG00000001670
ENSG00000186335,ENSMUSG00000024319
ENSG00000198785,ENSMUSG00000023938
ENSG00000253309,ENSMUSG00000074595
ENSG00000120699,ENSMUSG00000034220
ENSG00000197766,ENSMUSG00000051444
ENSG00000006740,ENSMUSG00000027465
ENSG00000105819,ENSMUSG00000022209
ENSG00000179163,ENSMUSG00000061311
ENSG00000072506,ENSMUSG00000024370
ENSG00000117020,ENSMUSG00000031077
ENSG00000130702,ENSMUSG00000075028
ENSG00000165661,ENSMUSG00000044664
ENSG00000288460,ENSMUSG00000037627
ENSG00000253251,ENSMUSG00000001082
ENSG00000213760,ENSMUSG00000024154
ENSG00000169258,ENSMUSG00000032925
ENSG00000176542,ENSMUSG00000063011
ENSG00000069018,ENSMUSG00000027351
ENSG00000188186,ENSMUSG00000040818
ENSG00000104899,ENSMUSG00000020674
ENSG00000205642,ENSMUSG00000073924
ENSG00000177556,ENSMUSG00000041995
ENSG00000175265,ENSMUSG00000051095
ENSG00000175203,ENSMUSG00000032226
ENSG00000103647,ENSMUSG00000019179
ENSG00000120705,ENSMUSG00000007877
ENSG00000197479,ENSMUSG00000048379
ENSG00000213246,ENSMUSG00000026208
ENSG00000133111,ENSMUSG00000069441
ENSG00000172273,ENSMUSG00000037475
ENSG00000088367,ENSMUSG00000108367
ENSG00000105011,ENSMUSG00000068479
ENSG00000115361,ENSMUSG00000078552
ENSG00000105341,ENSMUSG00000028845
ENSG00000182568,ENSMUSG00000027207
ENSG00000196260,ENSMUSG00000070616
ENSG00000215193,ENSMUSG00000030084
ENSG00000204922,ENSMUSG00000025077
ENSG00000166143,ENSMUSG00000028291
ENSG00000174990,ENSMUSG00000059410
ENSG00000079462,ENSMUSG00000057691
ENSG00000214530,ENSMUSG00000069258
ENSG00000233701,ENSMUSG00000061518
ENSG00000135447,ENSMUSG00000026361
ENSG00000027847,ENSMUSG00000096152
ENSG00000168159,ENSMUSG00000084782
ENSG00000113430,ENSMUSG00000073977
ENSG00000084093,ENSMUSG00000097638
ENSG00000174007,ENSMUSG00000047861
ENSG00000181904,ENSMUSG00000058550
ENSG00000108381,ENSMUSG00000039680
ENSG00000189433,ENSMUSG00000047977
ENSG00000057608,ENSMUSG00000039620
ENSG00000196611,ENSMUSG00000028850
ENSG00000171495,ENSMUSG00000027499
ENSG00000164167,ENSMUSG00000031146
ENSG00000212724,ENSMUSG00000026668
ENSG00000269313,ENSMUSG00000020671
ENSG00000006125,ENSMUSG00000030468
ENSG00000106853,ENSMUSG00000038546
ENSG00000175868,ENSMUSG00000046679
ENSG00000138162,ENSMUSG00000021340
ENSG00000167281,ENSMUSG00000019039
ENSG00000185432,ENSMUSG00000094728
ENSG00000166920,ENSMUSG00000062901
ENSG00000203785,ENSMUSG00000020935
ENSG00000159579,ENSMUSG00000026377
ENSG00000111404,ENSMUSG00000015759
ENSG00000166557,ENSMUSG00000047003
ENSG00000138798,ENSMUSG00000036446
ENSG00000147533,ENSMUSG00000062861
ENSG00000197912,ENSMUSG00000024483
ENSG00000130303,ENSMUSG00000054723
ENSG00000149929,ENSMUSG00000019832
ENSG00000243749,ENSMUSG00000026700
ENSG00000151135,ENSMUSG00000005501
ENSG00000182103,ENSMUSG00000050860
ENSG00000135272,ENSMUSG00000062564
ENSG00000156042,ENSMUSG00000049168
ENSG00000155256,ENSMUSG00000072258
ENSG00000149474,ENSMUSG00000001995
ENSG00000004700,ENSMUSG00000039463
ENSG00000174450,ENSMUSG00000068184
ENSG00000131061,ENSMUSG00000006307
ENSG00000155304,ENSMUSG00000066154
ENSG00000162078,ENSMUSG00000026017
ENSG00000067445,ENSMUSG00000030822
ENSG00000167996,ENSMUSG00000019564
ENSG00000124831,ENSMUSG00000038517
ENSG00000135577,ENSMUSG00000071178
ENSG00000099769,ENSMUSG00000032487
ENSG00000139910,ENSMUSG00000079722
ENSG00000218305,ENSMUSG00000038300
ENSG00000137218,ENSMUSG00000068732
ENSG00000123329,ENSMUSG00000000982
ENSG00000142002,ENSMUSG00000078354
ENSG00000112599,ENSMUSG00000041426
ENSG00000107147,ENSMUSG00000053093
ENSG00000118276,ENSMUSG00000005936
ENSG00000138061,ENSMUSG00000034566
ENSG00000123836,ENSMUSG00000023473
ENSG00000185013,ENSMUSG00000034416
ENSG00000205744,ENSMUSG00000027597
ENSG00000115257,ENSMUSG00000031167
ENSG00000100726,ENSMUSG00000043557
ENSG00000038210,ENSMUSG00000033253
ENSG00000139410,ENSMUSG00000021904
ENSG00000179071,ENSMUSG00000020323
ENSG00000130811,ENSMUSG00000037408
ENSG00000140263,ENSMUSG00000043131
ENSG00000182533,ENSMUSG00000015224
ENSG00000089818,ENSMUSG00000033102
ENSG00000121417,ENSMUSG00000044249
ENSG00000180574,ENSMUSG00000047844
ENSG00000178074,ENSMUSG00000043572
ENSG00000124172,ENSMUSG00000067274
ENSG00000131100,ENSMUSG00000056995
ENSG00000099338,ENSMUSG00000070873
ENSG00000272899,ENSMUSG00000030083
ENSG00000166105,ENSMUSG00000052549
ENSG00000006282,ENSMUSG00000032366
ENSG00000165325,ENSMUSG00000008976
ENSG00000171451,ENSMUSG00000017550
ENSG00000175093,ENSMUSG00000027713
ENSG00000171612,ENSMUSG00000034098
ENSG00000124232,ENSMUSG00000047714
ENSG00000182107,ENSMUSG00000004842
ENSG00000157181,ENSMUSG00000040935
ENSG00000128313,ENSMUSG00000095567
ENSG00000115602,ENSMUSG00000044533
ENSG00000162645,ENSMUSG00000016763
ENSG00000136167,ENSMUSG00000003808
ENSG00000184840,ENSMUSG00000027944
ENSG00000106460,ENSMUSG00000051726
ENSG00000101439,ENSMUSG00000002496
ENSG00000261052,ENSMUSG00000020440
ENSG00000212659,ENSMUSG00000095640
ENSG00000102003,ENSMUSG00000032643
ENSG00000164919,ENSMUSG00000059900
ENSG00000123576,ENSMUSG00000040725
ENSG00000171724,ENSMUSG00000061411
ENSG00000067141,ENSMUSG00000092579
ENSG00000158258,ENSMUSG00000021794
ENSG00000183655,ENSMUSG00000031410
ENSG00000124507,ENSMUSG00000026697
ENSG00000167770,ENSMUSG00000034456
ENSG00000006118,ENSMUSG00000037580
ENSG00000173567,ENSMUSG00000034883
ENSG00000196209,ENSMUSG00000024223
ENSG00000116874,ENSMUSG00000015316
ENSG00000132109,ENSMUSG00000041298
ENSG00000174799,ENSMUSG00000051319
ENSG00000169217,ENSMUSG00000035161
ENSG00000185787,ENSMUSG00000091206
ENSG00000133328,ENSMUSG00000057777
ENSG00000064102,ENSMUSG00000089774
ENSG00000225921,ENSMUSG00000017418
ENSG00000171150,ENSMUSG00000026980
ENSG00000243811,ENSMUSG00000028911
ENSG00000006530,ENSMUSG00000074452
ENSG00000172403,ENSMUSG00000079547
ENSG00000176269,ENSMUSG00000044217
ENSG00000253159,ENSMUSG00000035960
ENSG00000176022,ENSMUSG00000032802
ENSG00000137674,ENSMUSG00000038042
ENSG00000154479,ENSMUSG00000002341
ENSG00000260001,ENSMUSG00000032041
ENSG00000125812,ENSMUSG00000047227
ENSG00000174804,ENSMUSG00000020490
ENSG00000015475,ENSMUSG00000027702
ENSG00000076826,ENSMUSG00000064127
ENSG00000170074,ENSMUSG00000037594
ENSG00000084764,ENSMUSG00000001700
ENSG00000132305,ENSMUSG00000028737
ENSG00000186442,ENSMUSG00000020949
ENSG00000019505,ENSMUSG00000055976
ENSG00000136003,ENSMUSG00000081665
ENSG00000095321,ENSMUSG00000079614
ENSG00000179520,ENSMUSG00000014039
ENSG00000074582,ENSMUSG00000024987
ENSG00000055332,ENSMUSG00000041471
ENSG00000101577,ENSMUSG00000006920
ENSG00000106013,ENSMUSG00000028621
ENSG00000073146,ENSMUSG00000084883
ENSG00000170162,ENSMUSG00000030341
ENSG00000109452,ENSMUSG00000072726
ENSG00000103254,ENSMUSG00000053799
ENSG00000120457,ENSMUSG00000022427
ENSG00000105698,ENSMUSG00000029128
ENSG00000239886,ENSMUSG00000034379
ENSG00000166266,ENSMUSG00000031253
ENSG00000120156,ENSMUSG00000026365
ENSG00000168143,ENSMUSG00000006638
ENSG00000165434,ENSMUSG00000021929
ENSG00000111666,ENSMUSG00000094303
ENSG00000125753,ENSMUSG00000062198
ENSG00000172687,ENSMUSG00000032558
ENSG00000166794,ENSMUSG00000044933
ENSG00000233132,ENSMUSG00000054555
ENSG00000180902,ENSMUSG00000060657
ENSG00000133731,ENSMUSG00000094660
ENSG00000187258,ENSMUSG00000024913
ENSG00000096063,ENSMUSG00000046699
ENSG00000151276,ENSMUSG00000048458
ENSG00000065328,ENSMUSG00000072968
ENSG00000177666,ENSMUSG00000073702
ENSG00000166086,ENSMUSG00000031312
ENSG00000121318,ENSMUSG00000090336
ENSG00000278311,ENSMUSG00000068302
ENSG00000155827,ENSMUSG00000095440
ENSG00000173821,ENSMUSG00000002033
ENSG00000148384,ENSMUSG00000044737
ENSG00000114423,ENSMUSG00000037034
ENSG00000167656,ENSMUSG00000096620
ENSG00000183395,ENSMUSG00000018925
ENSG00000196700,ENSMUSG00000053091
ENSG00000174080,ENSMUSG00000061937
ENSG00000105641,ENSMUSG00000038059
ENSG00000133477,ENSMUSG00000030505
ENSG00000177917,ENSMUSG00000031012
ENSG00000056998,ENSMUSG00000051804
ENSG00000156587,ENSMUSG00000021763
ENSG00000187098,ENSMUSG00000025064
ENSG00000164663,ENSMUSG00000029641
ENSG00000120160,ENSMUSG00000055943
ENSG00000173598,ENSMUSG00000003226
ENSG00000139182,ENSMUSG00000073436
ENSG00000136929,ENSMUSG00000027102
ENSG00000100557,ENSMUSG00000041346
ENSG00000102221,ENSMUSG00000001785
ENSG00000139977,ENSMUSG00000038914
ENSG00000185033,ENSMUSG00000031371
ENSG00000198087,ENSMUSG00000078747
ENSG00000013016,ENSMUSG00000040943
ENSG00000214285,ENSMUSG00000028995
ENSG00000231051,ENSMUSG00000027263
ENSG00000100218,ENSMUSG00000082932
ENSG00000011332,ENSMUSG00000066153
ENSG00000223573,ENSMUSG00000016529
ENSG00000165175,ENSMUSG00000051081
ENSG00000163909,ENSMUSG00000096775
ENSG00000136710,ENSMUSG00000035139
ENSG00000158552,ENSMUSG00000024327
ENSG00000165097,ENSMUSG00000047079
ENSG00000197321,ENSMUSG00000003346
ENSG00000258597,ENSMUSG00000040264
ENSG00000223510,ENSMUSG00000095191
ENSG00000221864,ENSMUSG00000036545
ENSG00000135423,ENSMUSG00000000561
ENSG00000139218,ENSMUSG00000002871
ENSG00000138663,ENSMUSG00000026511
ENSG00000145863,ENSMUSG00000049422
ENSG00000083812,ENSMUSG00000061544
ENSG00000165832,ENSMUSG00000039178
ENSG00000186976,ENSMUSG00000021795
ENSG00000168078,ENSMUSG00000047143
ENSG00000187950,ENSMUSG00000040599
ENSG00000182742,ENSMUSG00000021697
ENSG00000140943,ENSMUSG00000001403
ENSG00000066827,ENSMUSG00000046897
ENSG00000205108,ENSMUSG00000031137
ENSG00000243709,ENSMUSG00000029720
ENSG00000110042,ENSMUSG00000041040
ENSG00000170054,ENSMUSG00000109493
ENSG00000171246,ENSMUSG00000027518
ENSG00000182183,ENSMUSG00000045795
ENSG00000021300,ENSMUSG00000021629
ENSG00000110079,ENSMUSG00000025613
ENSG00000130300,ENSMUSG00000036639
ENSG00000293253,ENSMUSG00000024696
ENSG00000120915,ENSMUSG00000025515
ENSG00000157379,ENSMUSG00000055240
ENSG00000241553,ENSMUSG00000029096
ENSG00000134851,ENSMUSG00000055078
ENSG00000158092,ENSMUSG00000028536
ENSG00000105700,ENSMUSG00000014550
ENSG00000114520,ENSMUSG00000048833
ENSG00000164713,ENSMUSG00000090892
ENSG00000186141,ENSMUSG00000055612
ENSG00000146373,ENSMUSG00000013973
ENSG00000198598,ENSMUSG00000033628
ENSG00000102580,ENSMUSG00000024614
ENSG00000162779,ENSMUSG00000023393
ENSG00000142102,ENSMUSG00000029121
ENSG00000146555,ENSMUSG00000060332
ENSG00000131914,ENSMUSG00000027007
ENSG00000120332,ENSMUSG00000070319
ENSG00000198626,ENSMUSG00000031490
ENSG00000273604,ENSMUSG00000005267
ENSG00000189337,ENSMUSG00000040732
ENSG00000122188,ENSMUSG00000001156
ENSG00000181396,ENSMUSG00000050747
ENSG00000151379,ENSMUSG00000024542
ENSG00000163701,ENSMUSG00000097929
ENSG00000052795,ENSMUSG00000015092
ENSG00000183166,ENSMUSG00000066152
ENSG00000148842,ENSMUSG00000021945
ENSG00000204568,ENSMUSG00000048485
ENSG00000146250,ENSMUSG00000004894
ENSG00000169035,ENSMUSG00000007908
ENSG00000162458,ENSMUSG00000039337
ENSG00000108001,ENSMUSG00000040253
ENSG00000162972,ENSMUSG00000039781
ENSG00000187855,ENSMUSG00000019891
ENSG00000155249,ENSMUSG00000047039
ENSG00000074319,ENSMUSG00000019970
ENSG00000039123,ENSMUSG00000044863
ENSG00000164136,ENSMUSG00000030122
ENSG00000088205,ENSMUSG00000038497
ENSG00000163141,ENSMUSG00000034652
ENSG00000187134,ENSMUSG00000069280
ENSG00000099377,ENSMUSG00000005237
ENSG00000108950,ENSMUSG00000037509
ENSG00000171903,ENSMUSG00000021675
ENSG00000158423,ENSMUSG00000036186
ENSG00000047849,ENSMUSG00000069053
ENSG00000186416,ENSMUSG00000061650
ENSG00000115594,ENSMUSG00000063146
ENSG00000102967,ENSMUSG00000027309
ENSG00000113638,ENSMUSG00000095620
ENSG00000139117,ENSMUSG00000025480
ENSG00000109181,ENSMUSG00000037049
ENSG00000213809,ENSMUSG00000040140
ENSG00000004139,ENSMUSG00000044361
ENSG00000162877,ENSMUSG00000025586
ENSG00000197530,ENSMUSG00000022126
ENSG00000145309,ENSMUSG00000024213
ENSG00000214237,ENSMUSG00000095768
ENSG00000108021,ENSMUSG00000079342
ENSG00000198242,ENSMUSG00000103523
ENSG00000197905,ENSMUSG00000079057
ENSG00000111615,ENSMUSG00000046814
ENSG00000174611,ENSMUSG00000048108
ENSG00000122136,ENSMUSG00000035946
ENSG00000101441,ENSMUSG00000043219
ENSG00000070476,ENSMUSG00000051509
ENSG00000166682,ENSMUSG00000056917
ENSG00000115828,ENSMUSG00000005897
ENSG00000226690,ENSMUSG00000023971
ENSG00000183117,ENSMUSG00000034057
ENSG00000182534,ENSMUSG00000048154
ENSG00000108443,ENSMUSG00000038209
ENSG00000124191,ENSMUSG00000054455
ENSG00000188404,ENSMUSG00000025978
ENSG00000158301,ENSMUSG00000025510
ENSG00000179698,ENSMUSG00000090487
ENSG00000132965,ENSMUSG00000066688
ENSG00000111358,ENSMUSG00000002550
ENSG00000124782,ENSMUSG00000028011
ENSG00000157107,ENSMUSG00000025927
ENSG00000182359,ENSMUSG00000019738
ENSG00000186440,ENSMUSG00000000838
ENSG00000284725,ENSMUSG00000027281
ENSG00000069956,ENSMUSG00000108948
ENSG00000269067,ENSMUSG00000022419
ENSG00000065559,ENSMUSG00000013495
ENSG00000204599,ENSMUSG00000047344
ENSG00000128322,ENSMUSG00000060827
ENSG00000167880,ENSMUSG00000024070
ENSG00000143110,ENSMUSG00000094254
ENSG00000169018,ENSMUSG00000049516
ENSG00000179456,ENSMUSG00000060708
ENSG00000185386,ENSMUSG00000052698
ENSG00000077585,ENSMUSG00000013707
ENSG00000167723,ENSMUSG00000042724
ENSG00000166821,ENSMUSG00000037833
ENSG00000185899,ENSMUSG00000022361
ENSG00000163931,ENSMUSG00000048915
ENSG00000213215,ENSMUSG00000005907
ENSG00000111799,ENSMUSG00000020225
ENSG00000049656,ENSMUSG00000024365
ENSG00000174748,ENSMUSG00000014030
ENSG00000104611,ENSMUSG00000079120
ENSG00000072657,ENSMUSG00000036644
ENSG00000124713,ENSMUSG00000053198
ENSG00000230453,ENSMUSG00000039539
ENSG00000135211,ENSMUSG00000075370
ENSG00000125378,ENSMUSG00000037966
ENSG00000166685,ENSMUSG00000030292
ENSG00000111490,ENSMUSG00000047832
ENSG00000088888,ENSMUSG00000078810
ENSG00000186479,ENSMUSG00000025404
ENSG00000119777,ENSMUSG00000003527
ENSG00000182732,ENSMUSG00000030945
ENSG00000188984,ENSMUSG00000074377
ENSG00000134371,ENSMUSG00000049047
ENSG00000146112,ENSMUSG00000032875
ENSG00000104313,ENSMUSG00000079003
ENSG00000105048,ENSMUSG00000009907
ENSG00000182256,ENSMUSG00000019897
ENSG00000164485,ENSMUSG00000033122
ENSG00000148965,ENSMUSG00000098188
ENSG00000184584,ENSMUSG00000028678
ENSG00000100288,ENSMUSG00000039983
ENSG00000182185,ENSMUSG00000039787
ENSG00000121064,ENSMUSG00000071561
ENSG00000169554,ENSMUSG00000042388
ENSG00000203883,ENSMUSG00000031552
ENSG00000123643,ENSMUSG00000016526
ENSG00000142609,ENSMUSG00000030655
ENSG00000102104,ENSMUSG00000030545
ENSG00000203859,ENSMUSG00000027185
ENSG00000076513,ENSMUSG00000023367
ENSG00000280021,ENSMUSG00000022770
ENSG00000148290,ENSMUSG00000096244
ENSG00000078043,ENSMUSG00000030001
ENSG00000196805,ENSMUSG00000015697
ENSG00000176971,ENSMUSG00000049073
ENSG00000113763,ENSMUSG00000098094
ENSG00000108771,ENSMUSG00000039356
ENSG00000160781,ENSMUSG00000072738
ENSG00000125850,ENSMUSG00000020289
ENSG00000118412,ENSMUSG00000096898
ENSG00000198945,ENSMUSG00000022751
ENSG00000198040,ENSMUSG00000015597
ENSG00000036473,ENSMUSG00000032985
ENSG00000221888,ENSMUSG00000069114
ENSG00000168936,ENSMUSG00000056427
ENSG00000183918,ENSMUSG00000070371
ENSG00000114302,ENSMUSG00000035595
ENSG00000189127,ENSMUSG00000071757
ENSG00000101407,ENSMUSG00000067768
ENSG00000292333,ENSMUSG00000030357
ENSG00000203972,ENSMUSG00000027995
ENSG00000137656,ENSMUSG00000046697
ENSG00000139194,ENSMUSG00000055228
ENSG00000278535,ENSMUSG00000066621
ENSG00000169126,ENSMUSG00000055546
ENSG00000279486,ENSMUSG00000034997
ENSG00000119614,ENSMUSG00000074220
ENSG00000171720,ENSMUSG00000040466
ENSG00000126432,ENSMUSG00000024038
ENSG00000041353,ENSMUSG00000027495
ENSG00000114999,ENSMUSG00000075249
ENSG00000116752,ENSMUSG00000047260
ENSG00000081760,ENSMUSG00000037892
ENSG00000106086,ENSMUSG00000029486
ENSG00000177489,ENSMUSG00000004591
ENSG00000163219,ENSMUSG00000038539
ENSG00000182759,ENSMUSG00000078889
ENSG00000140876,ENSMUSG00000041729
ENSG00000090487,ENSMUSG00000021222
ENSG00000152495,ENSMUSG00000074218
ENSG00000115816,ENSMUSG00000061898
ENSG00000172146,ENSMUSG00000046345
ENSG00000197756,ENSMUSG00000038205
ENSG00000171201,ENSMUSG00000025393
ENSG00000166839,ENSMUSG00000039810
ENSG00000184752,ENSMUSG00000033361
ENSG00000104879,ENSMUSG00000026309
ENSG00000232653,ENSMUSG00000028664
ENSG00000188877,ENSMUSG00000036131
ENSG00000178776,ENSMUSG00000051618
ENSG00000176387,ENSMUSG00000095901
ENSG00000147027,ENSMUSG00000028114
ENSG00000183760,ENSMUSG00000061371
ENSG00000047249,ENSMUSG00000030509
ENSG00000205572,ENSMUSG00000053536
ENSG00000186310,ENSMUSG00000018846
ENSG00000112592,ENSMUSG00000070394
ENSG00000087303,ENSMUSG00000090550
ENSG00000176909,ENSMUSG00000000435
ENSG00000128266,ENSMUSG00000049303
ENSG00000102390,ENSMUSG00000028463
ENSG00000113812,ENSMUSG00000019489
ENSG00000183654,ENSMUSG00000024766
ENSG00000157837,ENSMUSG00000093895
ENSG00000165194,ENSMUSG00000031665
ENSG00000034510,ENSMUSG00000004568
ENSG00000160111,ENSMUSG00000021091
ENSG00000104415,ENSMUSG00000066148
ENSG00000136270,ENSMUSG00000047554
ENSG00000165972,ENSMUSG00000069274
ENSG00000183111,ENSMUSG00000018196
ENSG00000166333,ENSMUSG00000036202
ENSG00000128422,ENSMUSG00000020868
ENSG00000158079,ENSMUSG00000002228
ENSG00000180532,ENSMUSG00000006782
ENSG00000164105,ENSMUSG00000071262
ENSG00000116675,ENSMUSG00000046058
ENSG00000152592,ENSMUSG00000029598
ENSG00000198663,ENSMUSG00000041688
ENSG00000109323,ENSMUSG00000019792
ENSG00000170807,ENSMUSG00000026437
ENSG00000175097,ENSMUSG00000037287
ENSG00000215712,ENSMUSG00000036534
ENSG00000196224,ENSMUSG00000034212
ENSG00000179913,ENSMUSG00000013150
ENSG00000140030,ENSMUSG00000101645
ENSG00000164049,ENSMUSG00000060938
ENSG00000187791,ENSMUSG00000033768
ENSG00000141622,ENSMUSG00000021779
ENSG00000100523,ENSMUSG00000029359
ENSG00000259224,ENSMUSG00000024317
ENSG00000104140,ENSMUSG00000027939
ENSG00000134873,ENSMUSG00000064065
ENSG00000086570,ENSMUSG00000075571
ENSG00000108557,ENSMUSG00000024498
ENSG00000186340,ENSMUSG00000066749
ENSG00000250423,ENSMUSG00000037110
ENSG00000172269,ENSMUSG00000074151
ENSG00000135605,ENSMUSG00000045364
ENSG00000169953,ENSMUSG00000021890
ENSG00000169330,ENSMUSG00000062961
ENSG00000154370,ENSMUSG00000079853
ENSG00000244624,ENSMUSG00000036054
ENSG00000198752,ENSMUSG00000045318
ENSG00000278053,ENSMUSG00000019539
ENSG00000184616,ENSMUSG00000010796
ENSG00000198692,ENSMUSG00000037016
ENSG00000112981,ENSMUSG00000030763
ENSG00000243147,ENSMUSG00000028524
ENSG00000160224,ENSMUSG00000021494
ENSG00000152910,ENSMUSG00000094066
ENSG00000124678,ENSMUSG00000023036
ENSG00000115325,ENSMUSG00000019817
ENSG00000170423,ENSMUSG00000008435
ENSG00000179241,ENSMUSG00000069385
ENSG00000120242,ENSMUSG00000022435
ENSG00000069020,ENSMUSG00000089960
ENSG00000132510,ENSMUSG00000078716
ENSG00000188379,ENSMUSG00000107417
ENSG00000111670,ENSMUSG00000018501
ENSG00000006607,ENSMUSG00000037482
ENSG00000135226,ENSMUSG00000033910
ENSG00000103154,ENSMUSG00000001656
ENSG00000007264,ENSMUSG00000078878
ENSG00000103121,ENSMUSG00000029767
ENSG00000144504,ENSMUSG00000060114
ENSG00000163380,ENSMUSG00000070796
ENSG00000147324,ENSMUSG00000038533
ENSG00000162878,ENSMUSG00000022002
ENSG00000235699,ENSMUSG00000078768
ENSG00000102316,ENSMUSG00000063615
ENSG00000168275,ENSMUSG00000026131
ENSG00000060971,ENSMUSG00000027569
ENSG00000164933,ENSMUSG00000042353
ENSG00000092931,ENSMUSG00000028240
ENSG00000086666,ENSMUSG00000027108
ENSG00000182177,ENSMUSG00000059134
ENSG00000203952,ENSMUSG00000044537
ENSG00000114395,ENSMUSG00000095095
ENSG00000157353,ENSMUSG00000038193
ENSG00000155719,ENSMUSG00000071866
ENSG00000120053,ENSMUSG00000011960
ENSG00000184260,ENSMUSG00000035765
ENSG00000155974,ENSMUSG00000046975
ENSG00000144285,ENSMUSG00000043648
ENSG00000140995,ENSMUSG00000016252
ENSG00000139734,ENSMUSG00000009941
ENSG00000162344,ENSMUSG00000042349
ENSG00000136504,ENSMUSG00000022667
ENSG00000103495,ENSMUSG00000062162
ENSG00000182327,ENSMUSG00000003279
ENSG00000125508,ENSMUSG00000015467
ENSG00000110195,ENSMUSG00000045591
ENSG00000135835,ENSMUSG00000051329
ENSG00000165689,ENSMUSG00000023210
ENSG00000105640,ENSMUSG00000021144
ENSG00000182580,ENSMUSG00000030173
ENSG00000099795,ENSMUSG00000025213
ENSG00000009724,ENSMUSG00000021067
ENSG00000132297,ENSMUSG00000066058
ENSG00000118564,ENSMUSG00000095916
ENSG00000204657,ENSMUSG00000038827
ENSG00000183597,ENSMUSG00000029034
ENSG00000084073,ENSMUSG00000095550
ENSG00000186458,ENSMUSG00000038990
ENSG00000112276,ENSMUSG00000031068
ENSG00000229549,ENSMUSG00000056476
ENSG00000144821,ENSMUSG00000047215
ENSG00000131759,ENSMUSG00000053158
ENSG00000247626,ENSMUSG00000026192
ENSG00000085788,ENSMUSG00000020581
ENSG00000153147,ENSMUSG00000020526
ENSG00000007168,ENSMUSG00000039449
ENSG00000206075,ENSMUSG00000047879
ENSG00000128581,ENSMUSG00000010825
ENSG00000162551,ENSMUSG00000019718
ENSG00000168056,ENSMUSG00000060268
ENSG00000164051,ENSMUSG00000011306
ENSG00000153446,ENSMUSG00000063229
ENSG00000170855,ENSMUSG00000002032
ENSG00000128309,ENSMUSG00000038147
ENSG00000144306,ENSMUSG00000096465
ENSG00000129158,ENSMUSG00000100200
ENSG00000161647,ENSMUSG00000036117
ENSG00000183578,ENSMUSG00000058317
ENSG00000122756,ENSMUSG00000030092
ENSG00000139053,ENSMUSG00000039518
ENSG00000171984,ENSMUSG00000021219
ENSG00000119509,ENSMUSG00000043460
ENSG00000116205,ENSMUSG00000030880
ENSG00000292327,ENSMUSG00000022474
ENSG00000161610,ENSMUSG00000075205
ENSG00000147955,ENSMUSG00000090129
ENSG00000255582,ENSMUSG00000022434
ENSG00000100147,ENSMUSG00000042460
ENSG00000176281,ENSMUSG00000053217
ENSG00000205531,ENSMUSG00000033335
ENSG00000047457,ENSMUSG00000027469
ENSG00000123485,ENSMUSG00000030726
ENSG00000104369,ENSMUSG00000027957
ENSG00000266338,ENSMUSG00000022044
ENSG00000165915,ENSMUSG00000035933
ENSG00000165238,ENSMUSG00000074272
ENSG00000149516,ENSMUSG00000042082
ENSG00000117614,ENSMUSG00000027184
ENSG00000234409,ENSMUSG00000026683
ENSG00000182872,ENSMUSG00000061983
ENSG00000170144,ENSMUSG00000018973
ENSG00000161835,ENSMUSG00000027668
ENSG00000157368,ENSMUSG00000050213
ENSG00000133317,ENSMUSG00000046717
ENSG00000293268,ENSMUSG00000078201
ENSG00000157657,ENSMUSG00000034551
ENSG00000198894,ENSMUSG00000028312
ENSG00000293689,ENSMUSG00000028946
ENSG00000185651,ENSMUSG00000030868
ENSG00000198488,ENSMUSG00000000782
ENSG00000138600,ENSMUSG00000031533
ENSG00000185608,ENSMUSG00000025730
ENSG00000175470,ENSMUSG00000095304
ENSG00000113248,ENSMUSG00000021559
ENSG00000162757,ENSMUSG00000073792
ENSG00000006377,ENSMUSG00000024409
ENSG00000153721,ENSMUSG00000042423
ENSG00000163682,ENSMUSG00000041954
ENSG00000158553,ENSMUSG00000054141
ENSG00000156876,ENSMUSG00000036913
ENSG00000197312,ENSMUSG00000047841
ENSG00000163297,ENSMUSG00000038709
ENSG00000205220,ENSMUSG00000070471
ENSG00000177683,ENSMUSG00000059429
ENSG00000146776,ENSMUSG00000047034
ENSG00000129451,ENSMUSG00000012405
ENSG00000165630,ENSMUSG00000096685
ENSG00000180772,ENSMUSG00000109148
ENSG00000099814,ENSMUSG00000030309
ENSG00000149972,ENSMUSG00000053797
ENSG00000166130,ENSMUSG00000063193
ENSG00000203782,ENSMUSG00000048981
ENSG00000041515,ENSMUSG00000001436
ENSG00000159055,ENSMUSG00000029512
ENSG00000127419,ENSMUSG00000021610
ENSG00000138658,ENSMUSG00000008855
ENSG00000075702,ENSMUSG00000051037
ENSG00000196604,ENSMUSG00000035914
ENSG00000117595,ENSMUSG00000056529
ENSG00000105479,ENSMUSG00000032184
ENSG00000175334,ENSMUSG00000021958
ENSG00000173540,ENSMUSG00000038305
ENSG00000124614,ENSMUSG00000002147
ENSG00000177025,ENSMUSG00000063305
ENSG00000254997,ENSMUSG00000056755
ENSG00000122705,ENSMUSG00000028001
ENSG00000116721,ENSMUSG00000012114
ENSG00000182318,ENSMUSG00000037797
ENSG00000118292,ENSMUSG00000049551
ENSG00000112041,ENSMUSG00000059504
ENSG00000157045,ENSMUSG00000027072
ENSG00000181767,ENSMUSG00000009047
ENSG00000241241,ENSMUSG00000007987
ENSG00000165025,ENSMUSG00000020167
ENSG00000184999,ENSMUSG00000025597
ENSG00000163319,ENSMUSG00000027643
ENSG00000144354,ENSMUSG00000055540
ENSG00000161609,ENSMUSG00000035875
ENSG00000108963,ENSMUSG00000016477
ENSG00000167553,ENSMUSG00000090662
ENSG00000146383,ENSMUSG00000067522
ENSG00000183876,ENSMUSG00000015599
ENSG00000151150,ENSMUSG00000074139
ENSG00000153561,ENSMUSG00000025474
ENSG00000230054,ENSMUSG00000035394
ENSG00000115520,ENSMUSG00000043855
ENSG00000136935,ENSMUSG00000025026
ENSG00000013306,ENSMUSG00000057173
ENSG00000196248,ENSMUSG00000038368
ENSG00000127366,ENSMUSG00000031667
ENSG00000176809,ENSMUSG00000034758
ENSG00000150361,ENSMUSG00000015093
ENSG00000112164,ENSMUSG00000062037
ENSG00000108839,ENSMUSG00000092607
ENSG00000183977,ENSMUSG00000027762
ENSG00000065057,ENSMUSG00000024653
ENSG00000164347,ENSMUSG00000024347
ENSG00000168826,ENSMUSG00000035478
ENSG00000131263,ENSMUSG00000039512
ENSG00000177875,ENSMUSG00000034205
ENSG00000187764,ENSMUSG00000050148
ENSG00000197122,ENSMUSG00000020964
ENSG00000109436,ENSMUSG00000096011
ENSG00000187189,ENSMUSG00000030008
ENSG00000050820,ENSMUSG00000040828
ENSG00000132821,ENSMUSG00000040181
ENSG00000167371,ENSMUSG00000079330
ENSG00000115282,ENSMUSG00000104346
ENSG00000155850,ENSMUSG00000019779
ENSG00000121350,ENSMUSG00000106350
ENSG00000085265,ENSMUSG00000078901
ENSG00000161509,ENSMUSG00000068547
ENSG00000197079,ENSMUSG00000060791
ENSG00000214929,ENSMUSG00000030970
ENSG00000121766,ENSMUSG00000028957
ENSG00000254466,ENSMUSG00000020024
ENSG00000106049,ENSMUSG00000027710
ENSG00000167311,ENSMUSG00000014980
ENSG00000002822,ENSMUSG00000022375
ENSG00000107815,ENSMUSG00000031295
ENSG00000089022,ENSMUSG00000028963
ENSG00000177106,ENSMUSG00000103567
ENSG00000131966,ENSMUSG00000024735
ENSG00000197728,ENSMUSG00000022255
ENSG00000128645,ENSMUSG00000067996
ENSG00000274736,ENSMUSG00000066061
ENSG00000214021,ENSMUSG00000054648
ENSG00000164116,ENSMUSG00000018919
ENSG00000009780,ENSMUSG00000039103
ENSG00000215695,ENSMUSG00000044317
ENSG00000124140,ENSMUSG00000038997
ENSG00000101639,ENSMUSG00000038132
ENSG00000172345,ENSMUSG00000028126
ENSG00000160654,ENSMUSG00000031698
ENSG00000197721,ENSMUSG00000019787
ENSG00000198467,ENSMUSG00000062627
ENSG00000152217,ENSMUSG00000018800
ENSG00000203666,ENSMUSG00000066772
ENSG00000083857,ENSMUSG00000070816
ENSG00000186665,ENSMUSG00000054116
ENSG00000168137,ENSMUSG00000089953
ENSG00000173436,ENSMUSG00000031139
ENSG00000115661,ENSMUSG00000059606
ENSG00000173421,ENSMUSG00000020299
ENSG00000058272,ENSMUSG00000032267
ENSG00000183569,ENSMUSG00000048217
ENSG00000172331,ENSMUSG00000056019
ENSG00000091129,ENSMUSG00000034845
ENSG00000182674,ENSMUSG00000107504
ENSG00000165929,ENSMUSG00000047242
ENSG00000102271,ENSMUSG00000061615
ENSG00000125999,ENSMUSG00000015837
ENSG00000185479,ENSMUSG00000034165
ENSG00000164010,ENSMUSG00000020687
ENSG00000078018,ENSMUSG00000060461
ENSG00000157765,ENSMUSG00000075296
ENSG00000141744,ENSMUSG00000101158
ENSG00000163785,ENSMUSG00000058441
ENSG00000185015,ENSMUSG00000091255
ENSG00000213047,ENSMUSG00000000594
ENSG00000071082,ENSMUSG00000027777
ENSG00000157216,ENSMUSG00000006386
ENSG00000181333,ENSMUSG00000071267
ENSG00000006468,ENSMUSG00000094542
ENSG00000163687,ENSMUSG00000044199
ENSG00000148331,ENSMUSG00000055805
ENSG00000169231,ENSMUSG00000071533
ENSG00000187240,ENSMUSG00000041120
ENSG00000112425,ENSMUSG00000053838
ENSG00000164346,ENSMUSG00000026834
ENSG00000172366,ENSMUSG00000016327
ENSG00000069849,ENSMUSG00000031189
ENSG00000256235,ENSMUSG00000063157
ENSG00000217128,ENSMUSG00000062980
ENSG00000130299,ENSMUSG00000094624
ENSG00000138801,ENSMUSG00000026496
ENSG00000275302,ENSMUSG00000039826
ENSG00000186452,ENSMUSG00000053897
ENSG00000164751,ENSMUSG00000031494
ENSG00000172375,ENSMUSG00000072553
ENSG00000178795,ENSMUSG00000050587
ENSG00000076928,ENSMUSG00000078144
ENSG00000100678,ENSMUSG00000047216
ENSG00000101850,ENSMUSG00000040614
ENSG00000105143,ENSMUSG00000043289
ENSG00000135114,ENSMUSG00000026087
ENSG00000005189,ENSMUSG00000026544
ENSG00000165171,ENSMUSG00000054072
ENSG00000187187,ENSMUSG00000021684
ENSG00000068489,ENSMUSG00000031604
ENSG00000198090,ENSMUSG00000038583
ENSG00000172830,ENSMUSG00000032582
ENSG00000146950,ENSMUSG00000019767
ENSG00000248920,ENSMUSG00000033684
ENSG00000140006,ENSMUSG00000026970
ENSG00000169064,ENSMUSG00000030525
ENSG00000099942,ENSMUSG00000037296
ENSG00000026508,ENSMUSG00000078865
ENSG00000009307,ENSMUSG00000079173
ENSG00000108312,ENSMUSG00000020231
ENSG00000164038,ENSMUSG00000040533
ENSG00000109762,ENSMUSG00000027107
ENSG00000205364,ENSMUSG00000029623
ENSG00000196092,ENSMUSG00000031166
ENSG00000197768,ENSMUSG00000015721
ENSG00000138395,ENSMUSG00000053719
ENSG00000198553,ENSMUSG00000025034
ENSG00000118271,ENSMUSG00000057149
ENSG00000187957,ENSMUSG00000060402
ENSG00000184363,ENSMUSG00000050190
ENSG00000172062,ENSMUSG00000045482
ENSG00000133030,ENSMUSG00000030657
ENSG00000167393,ENSMUSG00000049230
ENSG00000204540,ENSMUSG00000026851
ENSG00000221994,ENSMUSG00000039410
ENSG00000147010,ENSMUSG00000046574
ENSG00000100162,ENSMUSG00000030986
ENSG00000163354,ENSMUSG00000027639
ENSG00000137221,ENSMUSG00000070953
ENSG00000189299,ENSMUSG00000034488
ENSG00000168412,ENSMUSG00000095606
ENSG00000138814,ENSMUSG00000038763
ENSG00000101435,ENSMUSG00000005362
ENSG00000165168,ENSMUSG00000083012
ENSG00000127241,ENSMUSG00000107180
ENSG00000067248,ENSMUSG00000018770
ENSG00000113734,ENSMUSG00000020178
ENSG00000197472,ENSMUSG00000023074
ENSG00000119280,ENSMUSG00000034674
ENSG00000168014,ENSMUSG00000069266
ENSG00000204138,ENSMUSG00000074182
ENSG00000183889,ENSMUSG00000040219
ENSG00000105997,ENSMUSG00000025243
ENSG00000237765,ENSMUSG00000029431
ENSG00000109083,ENSMUSG00000043004
ENSG00000112984,ENSMUSG00000068428
ENSG00000091879,ENSMUSG00000067235
ENSG00000292332,ENSMUSG00000051671
ENSG00000133265,ENSMUSG00000026187
ENSG00000285976,ENSMUSG00000037428
ENSG00000164113,ENSMUSG00000050856
ENSG00000164123,ENSMUSG00000028383
ENSG00000110917,ENSMUSG00000013663
ENSG00000110492,ENSMUSG00000020704
ENSG00000183559,ENSMUSG00000032572
ENSG00000144426,ENSMUSG00000021451
ENSG00000111237,ENSMUSG00000037455
ENSG00000151164,ENSMUSG00000033918
ENSG00000179348,ENSMUSG00000087247
ENSG00000197013,ENSMUSG00000027030
ENSG00000214943,ENSMUSG00000010175
ENSG00000100442,ENSMUSG00000057411
ENSG00000186191,ENSMUSG00000030607
ENSG00000034713,ENSMUSG00000027077
ENSG00000157884,ENSMUSG00000000959
ENSG00000109016,ENSMUSG00000024847
ENSG00000100632,ENSMUSG00000013936
ENSG00000111704,ENSMUSG00000066239
ENSG00000155729,ENSMUSG00000025372
ENSG00000170954,ENSMUSG00000027564
ENSG00000146955,ENSMUSG00000058515
ENSG00000127903,ENSMUSG00000025934
ENSG00000136950,ENSMUSG00000063895
ENSG00000173166,ENSMUSG00000094144
ENSG00000122787,ENSMUSG00000043831
ENSG00000132423,ENSMUSG00000026018
ENSG00000175054,ENSMUSG00000038496
ENSG00000102870,ENSMUSG00000074593
ENSG00000271447,ENSMUSG00000004264
ENSG00000168333,ENSMUSG00000095015
ENSG00000173531,ENSMUSG00000046378
ENSG00000159166,ENSMUSG00000016554
ENSG00000149084,ENSMUSG00000026385
ENSG00000198597,ENSMUSG00000022362
ENSG00000172053,ENSMUSG00000008140
ENSG00000116014,ENSMUSG00000015747
ENSG00000084234,ENSMUSG00000033538
ENSG00000059122,ENSMUSG00000051495
ENSG00000117560,ENSMUSG00000031708
ENSG00000134825,ENSMUSG00000021824
ENSG00000184992,ENSMUSG00000035949
ENSG00000155100,ENSMUSG00000020974
ENSG00000170291,ENSMUSG00000025810
ENSG00000292334,ENSMUSG00000062432
ENSG00000112759,ENSMUSG00000023341
ENSG00000214944,ENSMUSG00000091537
ENSG00000230778,ENSMUSG00000021111
ENSG00000130675,ENSMUSG00000049561
ENSG00000173992,ENSMUSG00000045251
ENSG00000162244,ENSMUSG00000000957
ENSG00000144115,ENSMUSG00000021591
ENSG00000134824,ENSMUSG00000045875
ENSG00000102174,ENSMUSG00000036264
ENSG00000032219,ENSMUSG00000071177
ENSG00000117298,ENSMUSG00000037885
ENSG00000144355,ENSMUSG00000029413
ENSG00000106631,ENSMUSG00000000766
ENSG00000164128,ENSMUSG00000042607
ENSG00000120149,ENSMUSG00000026887
ENSG00000090534,ENSMUSG00000042312
ENSG00000256043,ENSMUSG00000001661
ENSG00000177144,ENSMUSG00000073901
ENSG00000067836,ENSMUSG00000050810
ENSG00000111537,ENSMUSG00000045136
ENSG00000157625,ENSMUSG00000047656
ENSG00000101327,ENSMUSG00000007122
ENSG00000158792,ENSMUSG00000032079
ENSG00000180083,ENSMUSG00000029375
ENSG00000117543,ENSMUSG00000020063
ENSG00000176009,ENSMUSG00000026113
ENSG00000171421,ENSMUSG00000080990
ENSG00000140067,ENSMUSG00000091712
ENSG00000125875,ENSMUSG00000039342
ENSG00000149256,ENSMUSG00000040147
ENSG00000172324,ENSMUSG00000026761
ENSG00000125386,ENSMUSG00000053007
ENSG00000169696,ENSMUSG00000032398
ENSG00000165409,ENSMUSG00000040938
ENSG00000023191,ENSMUSG00000024910
ENSG00000104221,ENSMUSG00000030895
ENSG00000156345,ENSMUSG00000096859
ENSG00000166343,ENSMUSG00000090165
ENSG00000169905,ENSMUSG00000032744
ENSG00000181264,ENSMUSG00000022661
ENSG00000155330,ENSMUSG00000000881
ENSG00000185775,ENSMUSG00000020246
ENSG00000198832,ENSMUSG00000091903
ENSG00000137868,ENSMUSG00000078657
ENSG00000166111,ENSMUSG00000109510
ENSG00000100138,ENSMUSG00000078257
ENSG00000114737,ENSMUSG00000026069
ENSG00000123595,ENSMUSG00000040034
ENSG00000118246,ENSMUSG00000103392
ENSG00000096092,ENSMUSG00000075153
ENSG00000115363,ENSMUSG00000009646
ENSG00000174498,ENSMUSG00000031887
ENSG00000241837,ENSMUSG00000011257
ENSG00000087470,ENSMUSG00000063972
ENSG00000132554,ENSMUSG00000054763
ENSG00000243667,ENSMUSG00000024640
ENSG00000021776,ENSMUSG00000062929
ENSG00000286095,ENSMUSG00000028124
ENSG00000157782,ENSMUSG00000045973
ENSG00000185863,ENSMUSG00000002043
ENSG00000123364,ENSMUSG00000045474
ENSG00000163206,ENSMUSG00000027166
ENSG00000243708,ENSMUSG00000026818
ENSG00000181873,ENSMUSG00000050195
ENSG00000177380,ENSMUSG00000009927
ENSG00000176845,ENSMUSG00000040929
ENSG00000177138,ENSMUSG00000071497
ENSG00000132563,ENSMUSG00000045812
ENSG00000205482,ENSMUSG00000027525
ENSG00000216649,ENSMUSG00000049957
ENSG00000163705,ENSMUSG00000037171
ENSG00000204909,ENSMUSG00000030780
ENSG00000242574,ENSMUSG00000022705
ENSG00000170385,ENSMUSG00000064181
ENSG00000249471,ENSMUSG00000090231
ENSG00000138136,ENSMUSG00000021577
ENSG00000115966,ENSMUSG00000024518
ENSG00000144644,ENSMUSG00000080725
ENSG00000121903,ENSMUSG00000041308
ENSG00000254986,ENSMUSG00000032624
ENSG00000134207,ENSMUSG00000050035
ENSG00000263353,ENSMUSG00000027884
ENSG00000056097,ENSMUSG00000079460
ENSG00000158769,ENSMUSG00000023336
ENSG00000156486,ENSMUSG00000031182
ENSG00000133640,ENSMUSG00000022114
ENSG00000083520,ENSMUSG00000028015
ENSG00000184432,ENSMUSG00000022901
ENSG00000073150,ENSMUSG00000030158
ENSG00000255192,ENSMUSG00000029883
ENSG00000132341,ENSMUSG00000102428
ENSG00000105053,ENSMUSG00000032526
ENSG00000284713,ENSMUSG00000019302
ENSG00000134452,ENSMUSG00000026553
ENSG00000125775,ENSMUSG00000021440
ENSG00000175029,ENSMUSG00000022650
ENSG00000103599,ENSMUSG00000014771
ENSG00000183090,ENSMUSG00000041920
ENSG00000168334,ENSMUSG00000038836
ENSG00000131068,ENSMUSG00000047363
ENSG00000174951,ENSMUSG00000030851
ENSG00000136770,ENSMUSG00000078958
ENSG00000121864,ENSMUSG00000046643
ENSG00000067606,ENSMUSG00000025225
ENSG00000089335,ENSMUSG00000073973
ENSG00000173320,ENSMUSG00000050174
ENSG00000161992,ENSMUSG00000075197
ENSG00000169194,ENSMUSG00000070686
ENSG00000215269,ENSMUSG00000050224
ENSG00000185176,ENSMUSG00000007891
ENSG00000185130,ENSMUSG00000105078
ENSG00000141698,ENSMUSG00000028557
ENSG00000161904,ENSMUSG00000096718
ENSG00000241106,ENSMUSG00000062551
ENSG00000148814,ENSMUSG00000026452
ENSG00000134548,ENSMUSG00000002763
ENSG00000139985,ENSMUSG00000006007
ENSG00000196570,ENSMUSG00000068115
ENSG00000164331,ENSMUSG00000041872
ENSG00000171791,ENSMUSG00000049300
ENSG00000132763,ENSMUSG00000044938
ENSG00000171631,ENSMUSG00000028264
ENSG00000278637,ENSMUSG00000078584
ENSG00000125845,ENSMUSG00000010025
ENSG00000105085,ENSMUSG00000108929
ENSG00000237524,ENSMUSG00000029130
ENSG00000121211,ENSMUSG00000027870
ENSG00000100304,ENSMUSG00000058056
ENSG00000165152,ENSMUSG00000028197
ENSG00000143819,ENSMUSG00000056185
ENSG00000177370,ENSMUSG00000022324
ENSG00000180370,ENSMUSG00000032353
ENSG00000044524,ENSMUSG00000090629
ENSG00000084636,ENSMUSG00000058748
ENSG00000182871,ENSMUSG00000021357
ENSG00000196139,ENSMUSG00000063173
ENSG00000158104,ENSMUSG00000094913
ENSG00000184221,ENSMUSG00000043243
ENSG00000148832,ENSMUSG00000058470
ENSG00000196535,ENSMUSG00000008730
ENSG00000167476,ENSMUSG00000092094
ENSG00000181939,ENSMUSG00000048065
ENSG00000048405,ENSMUSG00000049103
ENSG00000146457,ENSMUSG00000073925
ENSG00000167332,ENSMUSG00000021760
ENSG00000125652,ENSMUSG00000035692
ENSG00000198727,ENSMUSG00000029778
ENSG00000198753,ENSMUSG00000029390
ENSG00000182798,ENSMUSG00000050085
ENSG00000185610,ENSMUSG00000021712
ENSG00000139865,ENSMUSG00000031098
ENSG00000198099,ENSMUSG00000058670
ENSG00000168807,ENSMUSG00000053863
ENSG00000167377,ENSMUSG00000079610
ENSG00000164107,ENSMUSG00000058239
ENSG00000128891,ENSMUSG00000026109
ENSG00000112379,ENSMUSG00000036749
ENSG00000110484,ENSMUSG00000024014
ENSG00000223614,ENSMUSG00000041000
ENSG00000159256,ENSMUSG00000096289
ENSG00000154358,ENSMUSG00000040957
ENSG00000131089,ENSMUSG00000030137
ENSG00000162734,ENSMUSG00000094085
ENSG00000168280,ENSMUSG00000038801
ENSG00000115474,ENSMUSG00000074247
ENSG00000234414,ENSMUSG00000027670
ENSG00000050344,ENSMUSG00000023279
ENSG00000118971,ENSMUSG00000034032
ENSG00000147669,ENSMUSG00000063230
ENSG00000171819,ENSMUSG00000074088
ENSG00000129474,ENSMUSG00000007033
ENSG00000180233,ENSMUSG00000026919
ENSG00000186918,ENSMUSG00000081058
ENSG00000151005,ENSMUSG00000024049
ENSG00000085377,ENSMUSG00000024164
ENSG00000283536,ENSMUSG00000058019
ENSG00000177479,ENSMUSG00000094284
ENSG00000172840,ENSMUSG00000060373
ENSG00000057252,ENSMUSG00000075193
ENSG00000119242,ENSMUSG00000040552
ENSG00000121904,ENSMUSG00000038691
ENSG00000006634,ENSMUSG00000096968
ENSG00000108465,ENSMUSG00000030327
ENSG00000137522,ENSMUSG00000067377
ENSG00000137275,ENSMUSG00000040204
ENSG00000198815,ENSMUSG00000028797
ENSG00000052802,ENSMUSG00000075221
ENSG00000116771,ENSMUSG00000034522
ENSG00000149212,ENSMUSG00000054499
ENSG00000114670,ENSMUSG00000026915
ENSG00000187123,ENSMUSG00000079277
ENSG00000205423,ENSMUSG00000031706
ENSG00000117500,ENSMUSG00000024181
ENSG00000011454,ENSMUSG00000036151
ENSG00000009694,ENSMUSG00000019838
ENSG00000185924,ENSMUSG00000006494
ENSG00000064961,ENSMUSG00000068431
ENSG00000139219,ENSMUSG00000053961
ENSG00000232263,ENSMUSG00000032376
ENSG00000165816,ENSMUSG00000040618
ENSG00000172927,ENSMUSG00000028430
ENSG00000102753,ENSMUSG00000045932
ENSG00000171119,ENSMUSG00000058600
ENSG00000112499,ENSMUSG00000022818
ENSG00000101138,ENSMUSG00000022651
ENSG00000101825,ENSMUSG00000030114
ENSG00000152439,ENSMUSG00000031780
ENSG00000170027,ENSMUSG00000041359
ENSG00000113597,ENSMUSG00000031355
ENSG00000001617,ENSMUSG00000035790
ENSG00000183684,ENSMUSG00000002379
ENSG00000173285,ENSMUSG00000040364
ENSG00000110237,ENSMUSG00000021987
ENSG00000221983,ENSMUSG00000021258
ENSG00000167767,ENSMUSG00000078735
ENSG00000196660,ENSMUSG00000066899
ENSG00000168772,ENSMUSG00000043020
ENSG00000162069,ENSMUSG00000096747
ENSG00000115364,ENSMUSG00000033760
ENSG00000257949,ENSMUSG00000075112
ENSG00000170873,ENSMUSG00000039813
ENSG00000159763,ENSMUSG00000071506
ENSG00000087301,ENSMUSG00000079391
ENSG00000154153,ENSMUSG00000021037
ENSG00000152348,ENSMUSG00000101860
ENSG00000046653,ENSMUSG00000028300
ENSG00000178896,ENSMUSG00000064247
ENSG00000187871,ENSMUSG00000071428
ENSG00000134987,ENSMUSG00000017978
ENSG00000140350,ENSMUSG00000024306
ENSG00000146729,ENSMUSG00000025223
ENSG00000042429,ENSMUSG00000071150
ENSG00000181135,ENSMUSG00000076430
ENSG00000112053,ENSMUSG00000031897
ENSG00000144118,ENSMUSG00000062963
ENSG00000166363,ENSMUSG00000078505
ENSG00000141068,ENSMUSG00000015341
ENSG00000166473,ENSMUSG00000006344
ENSG00000041802,ENSMUSG00000058725
ENSG00000163586,ENSMUSG00000041991
ENSG00000124440,ENSMUSG00000016998
ENSG00000178882,ENSMUSG00000025933
ENSG00000119013,ENSMUSG00000056537
ENSG00000147140,ENSMUSG00000051236
ENSG00000156467,ENSMUSG00000020883
ENSG00000204677,ENSMUSG00000061584
ENSG00000100612,ENSMUSG00000026135
ENSG00000184270,ENSMUSG00000034912
ENSG00000197705,ENSMUSG00000073680
ENSG00000169139,ENSMUSG00000091045
ENSG00000140538,ENSMUSG00000020422
ENSG00000188269,ENSMUSG00000044937
ENSG00000168481,ENSMUSG00000045569
ENSG00000164935,ENSMUSG00000094679
ENSG00000205758,ENSMUSG00000023391
ENSG00000105251,ENSMUSG00000007338
ENSG00000285607,ENSMUSG00000015143
ENSG00000172367,ENSMUSG00000041740
ENSG00000055130,ENSMUSG00000020288
ENSG00000106992,ENSMUSG00000011034
ENSG00000118363,ENSMUSG00000029646
ENSG00000164187,ENSMUSG00000016503
ENSG00000176014,ENSMUSG00000022504
ENSG00000161791,ENSMUSG00000068270
ENSG00000224109,ENSMUSG00000095658
ENSG00000154252,ENSMUSG00000032564
ENSG00000141756,ENSMUSG00000072814
ENSG00000143156,ENSMUSG00000044647
ENSG00000251608,ENSMUSG00000050704
ENSG00000070808,ENSMUSG00000039842
ENSG00000124215,ENSMUSG00000024654
ENSG00000125454,ENSMUSG00000034761
ENSG00000134152,ENSMUSG00000055817
ENSG00000097007,ENSMUSG00000058486
ENSG00000174780,ENSMUSG00000030651
ENSG00000203811,ENSMUSG00000059820
ENSG00000064270,ENSMUSG00000020405
ENSG00000204217,ENSMUSG00000070576
ENSG00000147113,ENSMUSG00000048355
ENSG00000143633,ENSMUSG00000061342
ENSG00000176567,ENSMUSG00000002797
ENSG00000153266,ENSMUSG00000023972
ENSG00000154237,ENSMUSG00000032221
ENSG00000197123,ENSMUSG00000038102
ENSG00000152377,ENSMUSG00000021068
ENSG00000177752,ENSMUSG00000040195
ENSG00000008710,ENSMUSG00000024186
ENSG00000130561,ENSMUSG00000047033
ENSG00000161973,ENSMUSG00000103362
ENSG00000103061,ENSMUSG00000092152
ENSG00000123685,ENSMUSG00000048425
ENSG00000103671,ENSMUSG00000021550
ENSG00000282608,ENSMUSG00000033898
ENSG00000137817,ENSMUSG00000090247
ENSG00000144810,ENSMUSG00000026315
ENSG00000169249,ENSMUSG00000091679
ENSG00000198408,ENSMUSG00000018412
ENSG00000125245,ENSMUSG00000036026
ENSG00000168398,ENSMUSG00000039047
ENSG00000083535,ENSMUSG00000037262
ENSG00000159708,ENSMUSG00000061549
ENSG00000198208,ENSMUSG00000029823
ENSG00000165548,ENSMUSG00000047678
ENSG00000169618,ENSMUSG00000007777
ENSG00000085840,ENSMUSG00000025903
ENSG00000197147,ENSMUSG00000027981
ENSG00000120594,ENSMUSG00000027133
ENSG00000204612,ENSMUSG00000022529
ENSG00000170185,ENSMUSG00000018565
ENSG00000283205,ENSMUSG00000041566
ENSG00000230561,ENSMUSG00000045395
ENSG00000255298,ENSMUSG00000057531
ENSG00000172869,ENSMUSG00000032249
ENSG00000112167,ENSMUSG00000023977
ENSG00000168528,ENSMUSG00000070856
ENSG00000166398,ENSMUSG00000049357
ENSG00000129055,ENSMUSG00000026202
ENSG00000227151,ENSMUSG00000066979
ENSG00000160207,ENSMUSG00000071452
ENSG00000054598,ENSMUSG00000024168
ENSG00000179526,ENSMUSG00000028354
ENSG00000158270,ENSMUSG00000021645
ENSG00000100426,ENSMUSG00000095930
ENSG00000275835,ENSMUSG00000030201
ENSG00000198610,ENSMUSG00000030321
ENSG00000178690,ENSMUSG00000054199
ENSG00000066923,ENSMUSG00000024621
ENSG00000150873,ENSMUSG00000025374
ENSG00000171302,ENSMUSG00000023949
ENSG00000165655,ENSMUSG00000039728
ENSG00000148600,ENSMUSG00000030760
ENSG00000002586,ENSMUSG00000024772
ENSG00000130226,ENSMUSG00000059206
ENSG00000131781,ENSMUSG00000079519
ENSG00000227345,ENSMUSG00000046101
ENSG00000137745,ENSMUSG00000036061
ENSG00000283297,ENSMUSG00000026303
ENSG00000103047,ENSMUSG00000029279
ENSG00000147459,ENSMUSG00000022931
ENSG00000172208,ENSMUSG00000096014
ENSG00000126777,ENSMUSG00000095804
ENSG00000066248,ENSMUSG00000026814
ENSG00000125352,ENSMUSG00000030556
ENSG00000187545,ENSMUSG00000054074
ENSG00000114861,ENSMUSG00000060802
ENSG00000160469,ENSMUSG00000059866
ENSG00000048392,ENSMUSG00000026429
ENSG00000172992,ENSMUSG00000002504
ENSG00000126001,ENSMUSG00000029472
ENSG00000167701,ENSMUSG00000025234
ENSG00000114993,ENSMUSG00000030068
ENSG00000064201,ENSMUSG00000020589
ENSG00000078140,ENSMUSG00000041064
ENSG00000159346,ENSMUSG00000052133
ENSG00000158109,ENSMUSG00000041695
ENSG00000141480,ENSMUSG00000001445
ENSG00000167863,ENSMUSG00000027131
ENSG00000196862,ENSMUSG00000014353
ENSG00000166946,ENSMUSG00000071089
ENSG00000055208,ENSMUSG00000075044
ENSG00000126353,ENSMUSG00000038079
ENSG00000160087,ENSMUSG00000099420
ENSG00000163156,ENSMUSG00000022793
ENSG00000198445,ENSMUSG00000090171
ENSG00000142552,ENSMUSG00000036275
ENSG00000135318,ENSMUSG00000047992
ENSG00000185290,ENSMUSG00000059474
ENSG00000157103,ENSMUSG00000062773
ENSG00000167552,ENSMUSG00000020903
ENSG00000244094,ENSMUSG00000032649
ENSG00000185008,ENSMUSG00000029074
ENSG00000131584,ENSMUSG00000029410
ENSG00000053747,ENSMUSG00000020705
ENSG00000136235,ENSMUSG00000073979
ENSG00000176540,ENSMUSG00000041930
ENSG00000008838,ENSMUSG00000061536
ENSG00000099381,ENSMUSG00000075588
ENSG00000124103,ENSMUSG00000034402
ENSG00000131652,ENSMUSG00000061815
ENSG00000100888,ENSMUSG00000075172
ENSG00000075884,ENSMUSG00000035150
ENSG00000121690,ENSMUSG00000109396
ENSG00000256188,ENSMUSG00000011179
ENSG00000137942,ENSMUSG00000005514
ENSG00000168743,ENSMUSG00000053329
ENSG00000254469,ENSMUSG00000033032
ENSG00000088782,ENSMUSG00000055069
ENSG00000164729,ENSMUSG00000053862
ENSG00000164287,ENSMUSG00000109542
ENSG00000101331,ENSMUSG00000026009
ENSG00000116977,ENSMUSG00000000182
ENSG00000104695,ENSMUSG00000004947
ENSG00000157087,ENSMUSG00000026679
ENSG00000135801,ENSMUSG00000047371
ENSG00000187987,ENSMUSG00000002885
ENSG00000196704,ENSMUSG00000002997
ENSG00000204403,ENSMUSG00000075040
ENSG00000178202,ENSMUSG00000036500
ENSG00000286102,ENSMUSG00000038020
ENSG00000105246,ENSMUSG00000003573
ENSG00000108799,ENSMUSG00000046169
ENSG00000182372,ENSMUSG00000032014
ENSG00000084110,ENSMUSG00000070002
ENSG00000034971,ENSMUSG00000026155
ENSG00000070540,ENSMUSG00000089732
ENSG00000138834,ENSMUSG00000035694
ENSG00000196557,ENSMUSG00000073960
ENSG00000197024,ENSMUSG00000039201
ENSG00000120697,ENSMUSG00000050645
ENSG00000152465,ENSMUSG00000033111
ENSG00000152240,ENSMUSG00000031557
ENSG00000183862,ENSMUSG00000025900
ENSG00000141385,ENSMUSG00000049133
ENSG00000112335,ENSMUSG00000096596
ENSG00000114346,ENSMUSG00000074435
ENSG00000111087,ENSMUSG00000050600
ENSG00000075407,ENSMUSG00000053909
ENSG00000127334,ENSMUSG00000024580
ENSG00000104093,ENSMUSG00000047547
ENSG00000161544,ENSMUSG00000031590
ENSG00000165264,ENSMUSG00000071749
ENSG00000129170,ENSMUSG00000036840
ENSG00000176256,ENSMUSG00000039096
ENSG00000161634,ENSMUSG00000061875
ENSG00000114124,ENSMUSG00000049160
ENSG00000185973,ENSMUSG00000109446
ENSG00000163884,ENSMUSG00000007457
ENSG00000012061,ENSMUSG00000032279
ENSG00000138767,ENSMUSG00000049521
ENSG00000145936,ENSMUSG00000034731
ENSG00000198933,ENSMUSG00000094746
ENSG00000180386,ENSMUSG00000013921
ENSG00000214787,ENSMUSG00000040212
ENSG00000198690,ENSMUSG00000027404
ENSG00000185105,ENSMUSG00000043542
ENSG00000120925,ENSMUSG00000020904
ENSG00000213672,ENSMUSG00000066263
ENSG00000253846,ENSMUSG00000025907
ENSG00000083782,ENSMUSG00000030249
ENSG00000276430,ENSMUSG00000044148
ENSG00000172586,ENSMUSG00000073974
ENSG00000263465,ENSMUSG00000006763
ENSG00000152977,ENSMUSG00000039364
ENSG00000077800,ENSMUSG00000050912
ENSG00000256713,ENSMUSG00000075145
ENSG00000170445,ENSMUSG00000093868
ENSG00000223731,ENSMUSG00000053375
ENSG00000130764,ENSMUSG00000049028
ENSG00000137166,ENSMUSG00000030595
ENSG00000125735,ENSMUSG00000028634
ENSG00000203783,ENSMUSG00000037119
ENSG00000172543,ENSMUSG00000097239
ENSG00000130529,ENSMUSG00000063511
ENSG00000122008,ENSMUSG00000057637
ENSG00000112175,ENSMUSG00000028778
ENSG00000267368,ENSMUSG00000028553
ENSG00000162843,ENSMUSG00000053054
ENSG00000149300,ENSMUSG00000035506
ENSG00000171241,ENSMUSG00000026691
ENSG00000185811,ENSMUSG00000017299
ENSG00000139998,ENSMUSG00000033047
ENSG00000196739,ENSMUSG00000056035
ENSG00000253831,ENSMUSG00000031109
ENSG00000140990,ENSMUSG00000040978
ENSG00000205832,ENSMUSG00000039629
ENSG00000186174,ENSMUSG00000070335
ENSG00000100299,ENSMUSG00000058927
ENSG00000128709,ENSMUSG00000068877
ENSG00000187753,ENSMUSG00000029673
ENSG00000166426,ENSMUSG00000072419
ENSG00000142156,ENSMUSG00000024728
ENSG00000088387,ENSMUSG00000063047
ENSG00000174137,ENSMUSG00000075054
ENSG00000133275,ENSMUSG00000020585
ENSG00000126266,ENSMUSG00000094734
ENSG00000006837,ENSMUSG00000021127
ENSG00000151338,ENSMUSG00000038525
ENSG00000213221,ENSMUSG00000090824
ENSG00000071051,ENSMUSG00000027498
ENSG00000100292,ENSMUSG00000041079
ENSG00000134086,ENSMUSG00000063450
ENSG00000170310,ENSMUSG00000037339
ENSG00000167130,ENSMUSG00000031767
ENSG00000105290,ENSMUSG00000020388
ENSG00000175077,ENSMUSG00000043931
ENSG00000179889,ENSMUSG00000063652
ENSG00000184925,ENSMUSG00000078942
ENSG00000142192,ENSMUSG00000022686
ENSG00000185448,ENSMUSG00000028751
ENSG00000132681,ENSMUSG00000063801
ENSG00000144674,ENSMUSG00000018986
ENSG00000123124,ENSMUSG00000032050
ENSG00000164096,ENSMUSG00000025997
ENSG00000121410,ENSMUSG00000043099
ENSG00000010165,ENSMUSG00000041523
ENSG00000183850,ENSMUSG00000027690
ENSG00000164073,ENSMUSG00000020251
ENSG00000134419,ENSMUSG00000043300
ENSG00000161905,ENSMUSG00000020547
ENSG00000152760,ENSMUSG00000014602
ENSG00000183304,ENSMUSG00000073991
ENSG00000137337,ENSMUSG00000006906
ENSG00000275221,ENSMUSG00000038168
ENSG00000177614,ENSMUSG00000045466
ENSG00000154165,ENSMUSG00000055838
ENSG00000205678,ENSMUSG00000033790
ENSG00000070413,ENSMUSG00000022146
ENSG00000188620,ENSMUSG00000019913
ENSG00000226600,ENSMUSG00000026580
ENSG00000145864,ENSMUSG00000107874
ENSG00000160193,ENSMUSG00000004296
ENSG00000112182,ENSMUSG00000047719
ENSG00000170419,ENSMUSG00000075552
ENSG00000175267,ENSMUSG00000006390
ENSG00000198812,ENSMUSG00000025453
ENSG00000204764,ENSMUSG00000031512
ENSG00000104964,ENSMUSG00000070034
ENSG00000110244,ENSMUSG00000033970
ENSG00000170011,ENSMUSG00000029683
ENSG00000185875,ENSMUSG00000108426
ENSG00000158428,ENSMUSG00000032423
ENSG00000074842,ENSMUSG00000036438
ENSG00000165895,ENSMUSG00000028089
ENSG00000168930,ENSMUSG00000047412
ENSG00000146247,ENSMUSG00000023032
ENSG00000244537,ENSMUSG00000001642
ENSG00000148572,ENSMUSG00000016283
ENSG00000127318,ENSMUSG00000020839
ENSG00000179403,ENSMUSG00000068762
ENSG00000254726,ENSMUSG00000002489
ENSG00000075618,ENSMUSG00000079644
ENSG00000132768,ENSMUSG00000037386
ENSG00000132600,ENSMUSG00000094637
ENSG00000137713,ENSMUSG00000045826
ENSG00000138629,ENSMUSG00000044250
ENSG00000254852,ENSMUSG00000038751
ENSG00000256229,ENSMUSG00000054679
ENSG00000151466,ENSMUSG00000090643
ENSG00000104435,ENSMUSG00000025929
ENSG00000256223,ENSMUSG00000043857
ENSG00000169679,ENSMUSG00000003970
ENSG00000138092,ENSMUSG00000026764
ENSG00000205495,ENSMUSG00000047671
ENSG00000262919,ENSMUSG00000093696
ENSG00000155380,ENSMUSG00000026981
ENSG00000160994,ENSMUSG00000022248
ENSG00000236125,ENSMUSG00000022575
ENSG00000198898,ENSMUSG00000091318
ENSG00000117016,ENSMUSG00000090949
ENSG00000171060,ENSMUSG00000022160
ENSG00000162924,ENSMUSG00000030703
ENSG00000168522,ENSMUSG00000051550
ENSG00000141569,ENSMUSG00000000606
ENSG00000170348,ENSMUSG00000096697
ENSG00000264522,ENSMUSG00000040987
ENSG00000110013,ENSMUSG00000060206
ENSG00000126752,ENSMUSG00000020713
ENSG00000152223,ENSMUSG00000013646
ENSG00000172689,ENSMUSG00000002546
ENSG00000179363,ENSMUSG00000041797
ENSG00000204449,ENSMUSG00000021952
ENSG00000106605,ENSMUSG00000030711
ENSG00000146618,ENSMUSG00000022350
ENSG00000003436,ENSMUSG00000096001
ENSG00000181274,ENSMUSG00000024935
ENSG00000089101,ENSMUSG00000070822
ENSG00000147573,ENSMUSG00000027014
ENSG00000100387,ENSMUSG00000039179
ENSG00000182223,ENSMUSG00000037426
ENSG00000173281,ENSMUSG00000044067
ENSG00000124486,ENSMUSG00000030966
ENSG00000162931,ENSMUSG00000051190
ENSG00000071859,ENSMUSG00000078851
ENSG00000197903,ENSMUSG00000104217
ENSG00000250317,ENSMUSG00000031844
ENSG00000101280,ENSMUSG00000095029
ENSG00000215354,ENSMUSG00000027954
ENSG00000139496,ENSMUSG00000028191
ENSG00000164591,ENSMUSG00000032402
ENSG00000171928,ENSMUSG00000025241
ENSG00000156787,ENSMUSG00000042523
ENSG00000148334,ENSMUSG00000029455
ENSG00000122644,ENSMUSG00000096576
ENSG00000115194,ENSMUSG00000052861
ENSG00000111647,ENSMUSG00000001380
ENSG00000159167,ENSMUSG00000027086
ENSG00000121579,ENSMUSG00000003227
ENSG00000187766,ENSMUSG00000034359
ENSG00000181804,ENSMUSG00000037669
ENSG00000175137,ENSMUSG00000066357
ENSG00000255359,ENSMUSG00000027368
ENSG00000188558,ENSMUSG00000019893
ENSG00000111786,ENSMUSG00000026692
ENSG00000089876,ENSMUSG00000016940
ENSG00000136834,ENSMUSG00000006529
ENSG00000196344,ENSMUSG00000024114
ENSG00000124243,ENSMUSG00000033715
ENSG00000065060,ENSMUSG00000041138
ENSG00000263201,ENSMUSG00000035435
ENSG00000204978,ENSMUSG00000024218
ENSG00000109255,ENSMUSG00000023176
ENSG00000143363,ENSMUSG00000057963
ENSG00000187048,ENSMUSG00000051735
ENSG00000181788,ENSMUSG00000027346
ENSG00000125170,ENSMUSG00000090137
ENSG00000153822,ENSMUSG00000037278
ENSG00000102349,ENSMUSG00000032174
ENSG00000227471,ENSMUSG00000109487
ENSG00000187866,ENSMUSG00000034780
ENSG00000080986,ENSMUSG00000006204
ENSG00000153790,ENSMUSG00000021743
ENSG00000229674,ENSMUSG00000035095
ENSG00000067225,ENSMUSG00000094601
ENSG00000140600,ENSMUSG00000036427
ENSG00000187857,ENSMUSG00000025224
ENSG00000174417,ENSMUSG00000007035
ENSG00000150687,ENSMUSG00000028656
ENSG00000133302,ENSMUSG00000029475
ENSG00000112394,ENSMUSG00000032449
ENSG00000186517,ENSMUSG00000026775
ENSG00000189132,ENSMUSG00000061143
ENSG00000158106,ENSMUSG00000054940
ENSG00000284680,ENSMUSG00000046402
ENSG00000204950,ENSMUSG00000040351
ENSG00000171262,ENSMUSG00000040356
ENSG00000205208,ENSMUSG00000070857
ENSG00000213625,ENSMUSG00000062272
ENSG00000184402,ENSMUSG00000026715
ENSG00000186260,ENSMUSG00000062098
ENSG00000182931,ENSMUSG00000031563
ENSG00000093010,ENSMUSG00000070283
ENSG00000124228,ENSMUSG00000042638
ENSG00000198390,ENSMUSG00000094706
ENSG00000162910,ENSMUSG00000037140
ENSG00000135426,ENSMUSG00000021671
ENSG00000267041,ENSMUSG00000030688
ENSG00000204851,ENSMUSG00000039742
ENSG00000268799,ENSMUSG00000027171
ENSG00000114547,ENSMUSG00000040165
ENSG00000196937,ENSMUSG00000030166
ENSG00000135973,ENSMUSG00000090631
ENSG00000067955,ENSMUSG00000027209
ENSG00000168427,ENSMUSG00000089929
ENSG00000111181,ENSMUSG00000030717
ENSG00000101997,ENSMUSG00000022371
ENSG00000176406,ENSMUSG00000002845
ENSG00000119943,ENSMUSG00000019437
ENSG00000004777,ENSMUSG00000029260
ENSG00000204969,ENSMUSG00000024349
ENSG00000113721,ENSMUSG00000039521
ENSG00000196767,ENSMUSG00000025733
ENSG00000139626,ENSMUSG00000029135
ENSG00000101901,ENSMUSG00000026390
ENSG00000147689,ENSMUSG00000095917
ENSG00000162849,ENSMUSG00000039834
ENSG00000177257,ENSMUSG00000040549
ENSG00000198160,ENSMUSG00000031758
ENSG00000173175,ENSMUSG00000080717
ENSG00000163394,ENSMUSG00000028796
ENSG00000171044,ENSMUSG00000062859
ENSG00000204160,ENSMUSG00000073234
ENSG00000186094,ENSMUSG00000033961
ENSG00000137834,ENSMUSG00000058174
ENSG00000169224,ENSMUSG00000068824
ENSG00000139631,ENSMUSG00000105340
ENSG00000156282,ENSMUSG00000038510
ENSG00000149571,ENSMUSG00000018666
ENSG00000185272,ENSMUSG00000046961
ENSG00000169777,ENSMUSG00000025431
ENSG00000077713,ENSMUSG00000038530
ENSG00000141959,ENSMUSG00000096903
ENSG00000118762,ENSMUSG00000030483
ENSG00000149090,ENSMUSG00000052105
ENSG00000172322,ENSMUSG00000021303
ENSG00000170044,ENSMUSG00000096878
ENSG00000168564,ENSMUSG00000039131
ENSG00000284395,ENSMUSG00000069729
ENSG00000181718,ENSMUSG00000030747
ENSG00000104529,ENSMUSG00000071359
ENSG00000123444,ENSMUSG00000021384
ENSG00000184719,ENSMUSG00000039050
ENSG00000181852,ENSMUSG00000040808
ENSG00000186567,ENSMUSG00000042073
ENSG00000115993,ENSMUSG00000014426
ENSG00000103429,ENSMUSG00000044814
ENSG00000145649,ENSMUSG00000078440
ENSG00000138660,ENSMUSG00000054932
ENSG00000135378,ENSMUSG00000046093
ENSG00000154864,ENSMUSG00000038930
ENSG00000036672,ENSMUSG00000024251
ENSG00000174672,ENSMUSG00000029120
ENSG00000020922,ENSMUSG00000090693
ENSG00000136108,ENSMUSG00000021285
ENSG00000065413,ENSMUSG00000038298
ENSG00000135048,ENSMUSG00000109516
ENSG00000185291,ENSMUSG00000028180
ENSG00000015592,ENSMUSG00000030207
ENSG00000198954,ENSMUSG00000096858
ENSG00000113327,ENSMUSG00000054626
ENSG00000187969,ENSMUSG00000048612
ENSG00000236980,ENSMUSG00000016626
ENSG00000125903,ENSMUSG00000035258
ENSG00000283128,ENSMUSG00000028965
ENSG00000148690,ENSMUSG00000079049
ENSG00000132780,ENSMUSG00000031467
ENSG00000168539,ENSMUSG00000095250
ENSG00000006116,ENSMUSG00000044743
ENSG00000104660,ENSMUSG00000002107
ENSG00000198948,ENSMUSG00000032059
ENSG00000145088,ENSMUSG00000093985
ENSG00000166405,ENSMUSG00000071202
ENSG00000139842,ENSMUSG00000040681
ENSG00000267673,ENSMUSG00000042498
ENSG00000182013,ENSMUSG00000028145
ENSG00000159461,ENSMUSG00000006575
ENSG00000184478,ENSMUSG00000038980
ENSG00000132964,ENSMUSG00000029524
ENSG00000204179,ENSMUSG00000046834
ENSG00000107105,ENSMUSG00000042849
ENSG00000104312,ENSMUSG00000022557
ENSG00000153904,ENSMUSG00000021458
ENSG00000185215,ENSMUSG00000023861
ENSG00000008130,ENSMUSG00000059316
ENSG00000189144,ENSMUSG00000022853
ENSG00000244005,ENSMUSG00000042870
ENSG00000240857,ENSMUSG00000092618
ENSG00000133119,ENSMUSG00000091931
ENSG00000262484,ENSMUSG00000090314
ENSG00000225366,ENSMUSG00000046727
ENSG00000172732,ENSMUSG00000020635
ENSG00000176714,ENSMUSG00000032965
ENSG00000139364,ENSMUSG00000037845
ENSG00000254122,ENSMUSG00000013662
ENSG00000135486,ENSMUSG00000035378
ENSG00000138376,ENSMUSG00000038880
ENSG00000147138,ENSMUSG00000100892
ENSG00000174469,ENSMUSG00000016758
ENSG00000177951,ENSMUSG00000002658
ENSG00000156853,ENSMUSG00000029217
ENSG00000159640,ENSMUSG00000068744
ENSG00000186132,ENSMUSG00000056426
ENSG00000113732,ENSMUSG00000095533
ENSG00000141577,ENSMUSG00000044952
ENSG00000105550,ENSMUSG00000072969
ENSG00000186350,ENSMUSG00000022449
ENSG00000034152,ENSMUSG00000045394
ENSG00000182566,ENSMUSG00000064090
ENSG00000125675,ENSMUSG00000022314
ENSG00000203950,ENSMUSG00000039630
ENSG00000174837,ENSMUSG00000025980
ENSG00000143155,ENSMUSG00000022940
ENSG00000125772,ENSMUSG00000079579
ENSG00000116183,ENSMUSG00000060969
ENSG00000102858,ENSMUSG00000094120
ENSG00000214022,ENSMUSG00000024098
ENSG00000158427,ENSMUSG00000055820
ENSG00000164638,ENSMUSG00000044147
ENSG00000124568,ENSMUSG00000024491
ENSG00000010244,ENSMUSG00000068887
ENSG00000124786,ENSMUSG00000028268
ENSG00000171611,ENSMUSG00000063935
ENSG00000174233,ENSMUSG00000080300
ENSG00000149499,ENSMUSG00000054385
ENSG00000170322,ENSMUSG00000051498
ENSG00000203786,ENSMUSG00000056972
ENSG00000110063,ENSMUSG00000057135
ENSG00000284484,ENSMUSG00000027829
ENSG00000198722,ENSMUSG00000038883
ENSG00000100197,ENSMUSG00000017390
ENSG00000120694,ENSMUSG00000094027
ENSG00000167194,ENSMUSG00000062082
ENSG00000115183,ENSMUSG00000038046
ENSG00000131943,ENSMUSG00000057219
ENSG00000269096,ENSMUSG00000040367
ENSG00000138829,ENSMUSG00000043881
ENSG00000179542,ENSMUSG00000032187
ENSG00000167165,ENSMUSG00000073678
ENSG00000171291,ENSMUSG00000023033
ENSG00000228075,ENSMUSG00000031132
ENSG00000180758,ENSMUSG00000028453
ENSG00000167785,ENSMUSG00000030374
ENSG00000073417,ENSMUSG00000008206
ENSG00000186130,ENSMUSG00000048304
ENSG00000143001,ENSMUSG00000033590
ENSG00000237441,ENSMUSG00000053164
ENSG00000175121,ENSMUSG00000040350
ENSG00000163207,ENSMUSG00000023505
ENSG00000161896,ENSMUSG00000095909
ENSG00000110906,ENSMUSG00000021143
ENSG00000160460,ENSMUSG00000021192
ENSG00000197647,ENSMUSG00000033159
ENSG00000163864,ENSMUSG00000090166
ENSG00000130595,ENSMUSG00000014850
ENSG00000077463,ENSMUSG00000031333
ENSG00000154832,ENSMUSG00000007279
ENSG00000172465,ENSMUSG00000096139
ENSG00000157613,ENSMUSG00000079357
ENSG00000159189,ENSMUSG00000006205
ENSG00000077044,ENSMUSG00000068745
ENSG00000070756,ENSMUSG00000041773
ENSG00000158186,ENSMUSG00000028542
ENSG00000005884,ENSMUSG00000027048
ENSG00000164535,ENSMUSG00000073609
ENSG00000072864,ENSMUSG00000018263
ENSG00000166908,ENSMUSG00000012519
ENSG00000198952,ENSMUSG00000038598
ENSG00000197702,ENSMUSG00000014542
ENSG00000168228,ENSMUSG00000049164
ENSG00000171861,ENSMUSG00000021907
ENSG00000293137,ENSMUSG00000054036
ENSG00000169562,ENSMUSG00000046523
ENSG00000140798,ENSMUSG00000074062
ENSG00000113384,ENSMUSG00000022607
ENSG00000113387,ENSMUSG00000035948
ENSG00000163945,ENSMUSG00000024812
ENSG00000128872,ENSMUSG00000044252
ENSG00000185585,ENSMUSG00000034377
ENSG00000172461,ENSMUSG00000041506
ENSG00000110975,ENSMUSG00000052889
ENSG00000177464,ENSMUSG00000029062
ENSG00000188191,ENSMUSG00000057234
ENSG00000079112,ENSMUSG00000035355
ENSG00000091972,ENSMUSG00000067562
ENSG00000136938,ENSMUSG00000051180
ENSG00000091409,ENSMUSG00000020826
ENSG00000141298,ENSMUSG00000042628
ENSG00000173376,ENSMUSG00000079633
ENSG00000158710,ENSMUSG00000044864
ENSG00000159079,ENSMUSG00000005268
ENSG00000204671,ENSMUSG00000032431
ENSG00000124613,ENSMUSG00000044876
ENSG00000148688,ENSMUSG00000043314
ENSG00000123977,ENSMUSG00000061533
ENSG00000185252,ENSMUSG00000023443
ENSG00000106852,ENSMUSG00000025150
ENSG00000185339,ENSMUSG00000072066
ENSG00000137558,ENSMUSG00000036109
ENSG00000283329,ENSMUSG00000032135
ENSG00000140931,ENSMUSG00000042115
ENSG00000102924,ENSMUSG00000020702
ENSG00000178645,ENSMUSG00000043391
ENSG00000173947,ENSMUSG00000036995
ENSG00000115548,ENSMUSG00000030255
ENSG00000125485,ENSMUSG00000049950
ENSG00000279514,ENSMUSG00000022584
ENSG00000066279,ENSMUSG00000031381
ENSG00000154978,ENSMUSG00000040322
ENSG00000163083,ENSMUSG00000037625
